decision_cliente,accion_requerida,codigo_normalizado,ejemplo_codigo_original,filas,pagos,cantidad_total,total_estimado,primera_fecha_doc,ultima_fecha_doc,muestras_pago_id,producto_destino_aprobado,comentario_cliente
"",MAPEAR_PRODUCTO_O_DEJAR_CODIGO_LEGACY,MATERIALES,materiales,846,838,178121.5,7702201854.5,2019-01-31 00:00:00,2022-12-01 00:00:00,2271 | 2272 | 2284 | 2285 | 2290 | 2291 | 2292 | 2293 | 2316 | 2317,"",""
"",MAPEAR_PRODUCTO_O_DEJAR_CODIGO_LEGACY,TRANSPORTE01,transporte01,339,338,123401,7706984425,2021-01-04 00:00:00,2022-09-27 00:00:00,5217 | 5220 | 5221 | 5222 | 5225 | 5226 | 5227 | 5228 | 5229 | 5583,"",""
"",MAPEAR_PRODUCTO_O_DEJAR_CODIGO_LEGACY,ADMIN10001,admin10001,127,124,151,8412599,2019-02-08 00:00:00,2022-06-20 00:00:00,2000 | 2028 | 2029 | 2030 | 2032 | 2179 | 2189 | 5822 | 5823 | 5824,"",""
"",MAPEAR_PRODUCTO_O_DEJAR_CODIGO_LEGACY,612100,612100,100,100,207,16749094,2017-02-01 00:00:00,2022-04-27 00:00:00,1298 | 1299 | 1323 | 1360 | 1372 | 1425 | 1481 | 1508 | 1521 | 1524,"",""
"",MAPEAR_PRODUCTO_O_DEJAR_CODIGO_LEGACY,612095,612095,71,69,201,6606578,2017-02-08 00:00:00,2022-04-01 00:00:00,105 | 1466 | 1481 | 1521 | 1524 | 1586 | 1661 | 1694 | 1720 | 1770,"",""
"",MAPEAR_PRODUCTO_O_DEJAR_CODIGO_LEGACY,612090,612090,56,56,292,4972590,2017-01-18 00:00:00,2022-03-21 00:00:00,1352 | 1360 | 1372 | 1466 | 1508 | 1524 | 1561 | 1578 | 1586 | 1629,"",""
"",MAPEAR_PRODUCTO_O_DEJAR_CODIGO_LEGACY,612088,612088,49,49,299,3214940,2017-02-03 00:00:00,2022-03-21 00:00:00,1352 | 1612 | 1621 | 1629 | 1756 | 1997 | 2081 | 2111 | 2113 | 2114,"",""
"",MAPEAR_PRODUCTO_O_DEJAR_CODIGO_LEGACY,COMBUSTIBLE,combustible,44,44,44,1571658,2022-02-07 00:00:00,2024-11-12 00:00:00,11038 | 11039 | 11040 | 11041 | 11042 | 11043 | 11044 | 6362 | 6372 | 6373,"",""
"",MAPEAR_PRODUCTO_O_DEJAR_CODIGO_LEGACY,612096,612096,34,34,51,2058837,2017-02-08 00:00:00,2022-03-21 00:00:00,1352 | 1360 | 1379 | 1401 | 1508 | 1578 | 2008 | 2055 | 2234 | 2266,"",""
"",MAPEAR_PRODUCTO_O_DEJAR_CODIGO_LEGACY,612089,612089,25,25,91,1284785,2018-05-24 00:00:00,2022-03-21 00:00:00,1735 | 2258 | 2436 | 2473 | 2482 | 2566 | 2600 | 2601 | 2635 | 2751,"",""
"",MAPEAR_PRODUCTO_O_DEJAR_CODIGO_LEGACY,K3493,k3493,25,23,4029,11701608,2019-02-26 00:00:00,2026-04-14 00:00:00,10365 | 10785 | 14990 | 15145 | 15403 | 15608 | 16299 | 2047 | 2313 | 2396,"",""
"",MAPEAR_PRODUCTO_O_DEJAR_CODIGO_LEGACY,612101,612101,23,23,38,3596400,2017-02-08 00:00:00,2020-08-19 00:00:00,105 | 1323 | 1401 | 1425 | 1524 | 1621 | 1773 | 1924 | 1932 | 2111,"",""
"",MAPEAR_PRODUCTO_O_DEJAR_CODIGO_LEGACY,PIN1240,pin1240,22,22,322,679010,2024-01-18 00:00:00,2025-05-07 00:00:00,10989 | 10990 | 10995 | 10996 | 11254 | 11260 | 11718 | 12041 | 12478 | 12631,"",""
"",MAPEAR_PRODUCTO_O_DEJAR_CODIGO_LEGACY,612079,612079,21,21,54,3372624,2018-02-09 00:00:00,2022-04-27 00:00:00,1298 | 1299 | 1481 | 1543 | 1621 | 1661 | 2191 | 2192 | 2380 | 2635,"",""
"",MAPEAR_PRODUCTO_O_DEJAR_CODIGO_LEGACY,3100000002263,3100000002263,20,20,60,3678820,2022-06-09 00:00:00,2026-03-24 00:00:00,11259 | 12218 | 12822 | 13075 | 13383 | 13674 | 14088 | 14745 | 15094 | 15418,"",""
"",MAPEAR_PRODUCTO_O_DEJAR_CODIGO_LEGACY,K3981,k3981,20,20,10230,26655637,2018-02-23 00:00:00,2026-01-19 00:00:00,10366 | 1365 | 14887 | 15352 | 15982 | 16134 | 2047 | 2116 | 2464 | 2539,"",""
"",MAPEAR_PRODUCTO_O_DEJAR_CODIGO_LEGACY,612071,612071,18,18,44,712440,2018-02-28 00:00:00,2020-06-03 00:00:00,1372 | 1758 | 2045 | 2081 | 2112 | 2156 | 2193 | 2303 | 2380 | 2402,"",""
"",MAPEAR_PRODUCTO_O_DEJAR_CODIGO_LEGACY,31002269,31002269,17,16,795,5932078,2020-02-11 00:00:00,2024-02-29 00:00:00,11138 | 3410 | 3615 | 3674 | 3734 | 3764 | 3962 | 4042 | 4259 | 4548,"",""
"",MAPEAR_PRODUCTO_O_DEJAR_CODIGO_LEGACY,TER0140,ter0140,17,17,63,1726935,2024-05-16 00:00:00,2025-07-14 00:00:00,11718 | 12125 | 12314 | 12366 | 12478 | 12632 | 12637 | 12638 | 12639 | 12640,"",""
"",MAPEAR_PRODUCTO_O_DEJAR_CODIGO_LEGACY,1314229,1314229,14,14,42,276300,2019-05-29 00:00:00,2021-07-28 00:00:00,2378 | 2524 | 2834 | 3053 | 3297 | 3304 | 3348 | 3657 | 3749 | 3763,"",""
"",MAPEAR_PRODUCTO_O_DEJAR_CODIGO_LEGACY,612087,612087,13,13,43,251880,2017-02-17 00:00:00,2020-05-06 00:00:00,1466 | 1521 | 1524 | 1756 | 2055 | 2147 | 2192 | 2264 | 2462 | 2566,"",""
"",MAPEAR_PRODUCTO_O_DEJAR_CODIGO_LEGACY,K10763,k10763,13,12,1206,8261865,2024-10-07 00:00:00,2026-03-31 00:00:00,12614 | 13821 | 13880 | 14129 | 14201 | 14887 | 15212 | 15364 | 15385 | 15402,"",""
"",MAPEAR_PRODUCTO_O_DEJAR_CODIGO_LEGACY,31002227,31002227,12,12,64,6032525,2020-08-26 00:00:00,2022-07-22 00:00:00,4003 | 4259 | 4346 | 4548 | 4867 | 4871 | 4918 | 6087 | 6175 | 6796,"",""
"",MAPEAR_PRODUCTO_O_DEJAR_CODIGO_LEGACY,31002286,31002286,12,12,101,5511300,2020-01-14 00:00:00,2024-02-29 00:00:00,11138 | 3410 | 3411 | 3540 | 3734 | 3764 | 3810 | 3829 | 3832 | 3906,"",""
"",MAPEAR_PRODUCTO_O_DEJAR_CODIGO_LEGACY,K8417,k8417,12,11,2300.5,7994793,2021-11-25 00:00:00,2026-01-19 00:00:00,10365 | 11098 | 11275 | 14887 | 15352 | 15451 | 15982 | 16134 | 5685 | 6455,"",""
"",MAPEAR_PRODUCTO_O_DEJAR_CODIGO_LEGACY,PIN1400,pin1400,12,12,101,433903,2022-01-24 00:00:00,2025-05-16 00:00:00,10989 | 10990 | 10991 | 10994 | 10996 | 10998 | 11260 | 12642 | 12675 | 12836,"",""
"",MAPEAR_PRODUCTO_O_DEJAR_CODIGO_LEGACY,3100000002253,3100000002253,11,10,109,3846212,2022-04-22 00:00:00,2026-01-06 00:00:00,12585 | 13385 | 13437 | 15094 | 15859 | 6786 | 7343 | 7344 | 7454 | 7523,"",""
"",MAPEAR_PRODUCTO_O_DEJAR_CODIGO_LEGACY,31002276,31002276,11,11,68,2016396,2020-01-14 00:00:00,2024-02-29 00:00:00,11138 | 3410 | 3411 | 3724 | 3810 | 4042 | 4127 | 4259 | 4548 | 4934,"",""
"",MAPEAR_PRODUCTO_O_DEJAR_CODIGO_LEGACY,612097,612097,11,9,26,1243948,2018-03-18 00:00:00,2022-04-01 00:00:00,1466 | 1756 | 3057 | 3111 | 3375 | 3574 | 3973 | 6446 | 6453,"",""
"",MAPEAR_PRODUCTO_O_DEJAR_CODIGO_LEGACY,31002246,31002246,10,10,246,2644120,2020-12-22 00:00:00,2022-05-19 00:00:00,4548 | 4615 | 4616 | 4673 | 4918 | 5065 | 6787 | 6788 | 6796 | 6798,"",""
"",MAPEAR_PRODUCTO_O_DEJAR_CODIGO_LEGACY,ADMIN100003,admin100003,10,10,10,663149,2019-01-13 00:00:00,2021-02-10 00:00:00,1992 | 2220 | 2294 | 2309 | 2423 | 2435 | 2519 | 2548 | 2691 | 4756,"",""
"",MAPEAR_PRODUCTO_O_DEJAR_CODIGO_LEGACY,31002245,31002245,9,9,81,480191,2020-02-11 00:00:00,2021-06-01 00:00:00,3410 | 3829 | 4042 | 4128 | 4259 | 4548 | 4616 | 4673 | 5073,"",""
"",MAPEAR_PRODUCTO_O_DEJAR_CODIGO_LEGACY,31002270,31002270,9,9,96,1335462,2020-05-15 00:00:00,2024-02-29 00:00:00,11138 | 3734 | 3829 | 4042 | 4259 | 4548 | 4871 | 6324 | 6797,"",""
"",MAPEAR_PRODUCTO_O_DEJAR_CODIGO_LEGACY,31002281,31002281,9,9,38,1718463,2020-05-15 00:00:00,2022-05-19 00:00:00,3734 | 3962 | 4042 | 4127 | 4548 | 6087 | 6172 | 6174 | 6796,"",""
"",MAPEAR_PRODUCTO_O_DEJAR_CODIGO_LEGACY,612080,612080,9,9,14,1035300,2018-04-17 00:00:00,2021-09-14 00:00:00,1578 | 2156 | 2191 | 2511 | 2719 | 2779 | 3258 | 3259 | 5481,"",""
"",MAPEAR_PRODUCTO_O_DEJAR_CODIGO_LEGACY,612091,612091,9,9,28,559440,2019-05-08 00:00:00,2020-04-29 00:00:00,2258 | 2267 | 2433 | 2473 | 2524 | 2658 | 3052 | 3539 | 3725,"",""
"",MAPEAR_PRODUCTO_O_DEJAR_CODIGO_LEGACY,31002271,31002271,8,8,144,2559524,2020-02-11 00:00:00,2022-05-19 00:00:00,3410 | 3828 | 4127 | 4259 | 4548 | 5073 | 6174 | 6797,"",""
"",MAPEAR_PRODUCTO_O_DEJAR_CODIGO_LEGACY,612076,612076,8,8,15,295740,2017-01-18 00:00:00,2022-01-18 00:00:00,105 | 2697 | 36 | 4 | 6087 | 66 | 74 | 75,"",""
"",MAPEAR_PRODUCTO_O_DEJAR_CODIGO_LEGACY,612077,612077,8,8,54330,2950901796,2017-02-10 00:00:00,2021-08-18 00:00:00,2144 | 2380 | 2482 | 2653 | 5347 | 5348 | 62 | 74,"",""
"",MAPEAR_PRODUCTO_O_DEJAR_CODIGO_LEGACY,612081,612081,8,7,11,1010544,2019-07-05 00:00:00,2022-02-02 00:00:00,2482 | 2495 | 2697 | 3138 | 4094 | 5347 | 6172,"",""
"",MAPEAR_PRODUCTO_O_DEJAR_CODIGO_LEGACY,612093,612093,8,8,24,668148,2019-02-25 00:00:00,2022-04-01 00:00:00,2146 | 2300 | 2658 | 2982 | 3111 | 3725 | 3726 | 6453,"",""
"",MAPEAR_PRODUCTO_O_DEJAR_CODIGO_LEGACY,BLT501,blt501,8,8,42.72,233336.64,2024-07-25 00:00:00,2025-07-10 00:00:00,11832 | 12695 | 13003 | 13079 | 13350 | 13452 | 13684 | 14613,"",""
"",MAPEAR_PRODUCTO_O_DEJAR_CODIGO_LEGACY,K3980,k3980,8,8,1401.5,3587520,2018-04-03 00:00:00,2025-12-09 00:00:00,1550 | 15830 | 1662 | 2758 | 2870 | 3836 | 4302 | 4613,"",""
"",MAPEAR_PRODUCTO_O_DEJAR_CODIGO_LEGACY,1326279,1326279,7,7,158,137520,2019-02-20 00:00:00,2021-09-15 00:00:00,2025 | 2027 | 2045 | 2146 | 5020 | 5486 | 5502,"",""
"",MAPEAR_PRODUCTO_O_DEJAR_CODIGO_LEGACY,31002253,31002253,7,7,37,1302028,2020-11-11 00:00:00,2021-04-27 00:00:00,4259 | 4548 | 4615 | 4616 | 4673 | 4871 | 4918,"",""
"",MAPEAR_PRODUCTO_O_DEJAR_CODIGO_LEGACY,POLAR,POLAR,7,7,342.5,1284375,2022-06-13 00:00:00,2025-07-08 00:00:00,11222 | 11928 | 12271 | 12749 | 14637 | 7008 | 8100,"",""
"",MAPEAR_PRODUCTO_O_DEJAR_CODIGO_LEGACY,PR/03229,pr/03229,7,7,44,939202,2022-01-11 00:00:00,2025-09-04 00:00:00,11237 | 12104 | 12919 | 13324 | 14678 | 15014 | 6007,"",""
"",MAPEAR_PRODUCTO_O_DEJAR_CODIGO_LEGACY,1314096,1314096,6,6,450,436950,2018-03-27 00:00:00,2021-05-03 00:00:00,1383 | 1843 | 2557 | 4077 | 4771 | 4967,"",""
"",MAPEAR_PRODUCTO_O_DEJAR_CODIGO_LEGACY,1314163,1314163,6,5,745,45900,2017-02-07 00:00:00,2019-02-06 00:00:00,1382 | 1839 | 1982 | 60 | 61,"",""
"",MAPEAR_PRODUCTO_O_DEJAR_CODIGO_LEGACY,3100000002249,3100000002249,6,6,30,613542,2022-06-30 00:00:00,2026-04-08 00:00:00,13383 | 14745 | 15367 | 15859 | 16335 | 7345,"",""
"",MAPEAR_PRODUCTO_O_DEJAR_CODIGO_LEGACY,310000002269,310000002269,6,6,225,2309655,2022-01-18 00:00:00,2025-10-15 00:00:00,12823 | 13437 | 15316 | 15317 | 6086 | 6324,"",""
"",MAPEAR_PRODUCTO_O_DEJAR_CODIGO_LEGACY,31002195,31002195,6,6,335,5246230,2020-06-11 00:00:00,2020-10-09 00:00:00,3810 | 3827 | 3963 | 4003 | 4127 | 4143,"",""
"",MAPEAR_PRODUCTO_O_DEJAR_CODIGO_LEGACY,31002248,31002248,6,6,85,1300880,2020-02-11 00:00:00,2021-01-26 00:00:00,3410 | 3724 | 4548 | 4615 | 4616 | 4673,"",""
"",MAPEAR_PRODUCTO_O_DEJAR_CODIGO_LEGACY,31002255,31002255,6,6,19,812181,2020-12-22 00:00:00,2022-07-22 00:00:00,4615 | 4616 | 4673 | 4918 | 5073 | 7098,"",""
"",MAPEAR_PRODUCTO_O_DEJAR_CODIGO_LEGACY,CC,cc,6,5,111,216450,2022-09-12 00:00:00,2022-11-02 00:00:00,7439 | 7457 | 7487 | 7499 | 7874,"",""
"",MAPEAR_PRODUCTO_O_DEJAR_CODIGO_LEGACY,K5016,k5016,6,6,983,2785270,2019-11-20 00:00:00,2026-04-14 00:00:00,14887 | 15352 | 16299 | 3292 | 4809 | 4872,"",""
"",MAPEAR_PRODUCTO_O_DEJAR_CODIGO_LEGACY,K9752,k9752,6,6,953,3492429,2022-07-29 00:00:00,2025-05-27 00:00:00,12705 | 12940 | 13534 | 14201 | 7317 | 7521,"",""
"",MAPEAR_PRODUCTO_O_DEJAR_CODIGO_LEGACY,LONAPOLUL,lonapolul,6,6,807,1481172,2020-11-04 00:00:00,2024-12-30 00:00:00,11222 | 11252 | 11281 | 13035 | 13063 | 4255,"",""
"",MAPEAR_PRODUCTO_O_DEJAR_CODIGO_LEGACY,PN1390,pn1390,6,5,27,99046,2022-09-08 00:00:00,2024-05-29 00:00:00,11216 | 11679 | 7438 | 7610 | 7947,"",""
"",MAPEAR_PRODUCTO_O_DEJAR_CODIGO_LEGACY,10003853,10003853,5,3,936,625176,2024-06-12 00:00:00,2025-01-27 00:00:00,11923 | 13043 | 13416,"",""
"",MAPEAR_PRODUCTO_O_DEJAR_CODIGO_LEGACY,10422200,10422200,5,4,164,884032,2024-06-26 00:00:00,2024-11-13 00:00:00,11828 | 12278 | 12326 | 12680,"",""
"",MAPEAR_PRODUCTO_O_DEJAR_CODIGO_LEGACY,1314013,1314013,5,5,172,39240,2017-02-08 00:00:00,2019-02-06 00:00:00,1362 | 1477 | 1982 | 50 | 90,"",""
"",MAPEAR_PRODUCTO_O_DEJAR_CODIGO_LEGACY,1326269,1326269,5,5,780,1783451,2018-04-27 00:00:00,2019-06-24 00:00:00,1640 | 1733 | 2162 | 2175 | 2464,"",""
"",MAPEAR_PRODUCTO_O_DEJAR_CODIGO_LEGACY,2011000002139,2011000002139,5,5,27,211289,2022-12-29 00:00:00,2025-09-25 00:00:00,12976 | 13028 | 14145 | 15094 | 8198,"",""
"",MAPEAR_PRODUCTO_O_DEJAR_CODIGO_LEGACY,3100000002278,3100000002278,5,5,20,1015120,2022-06-09 00:00:00,2026-01-16 00:00:00,10970 | 10972 | 15976 | 6991 | 8037,"",""
"",MAPEAR_PRODUCTO_O_DEJAR_CODIGO_LEGACY,31002272,31002272,5,5,29,668942,2020-09-08 00:00:00,2022-05-19 00:00:00,4042 | 4259 | 4616 | 4867 | 6799,"",""
"",MAPEAR_PRODUCTO_O_DEJAR_CODIGO_LEGACY,31003021,31003021,5,5,6,636540,2021-01-07 00:00:00,2022-07-23 00:00:00,4673 | 6797 | 7098 | 7341 | 7345,"",""
"",MAPEAR_PRODUCTO_O_DEJAR_CODIGO_LEGACY,612065,612065,5,5,19,1117680,2019-05-28 00:00:00,2022-04-27 00:00:00,2379 | 2436 | 6446 | 6453 | 6567,"",""
"",MAPEAR_PRODUCTO_O_DEJAR_CODIGO_LEGACY,612167,612167,5,5,20,3996000,2019-08-19 00:00:00,2019-09-02 00:00:00,2672 | 2673 | 2678 | 2698 | 2718,"",""
"",MAPEAR_PRODUCTO_O_DEJAR_CODIGO_LEGACY,ABRAZADERA,abrazadera,5,5,77,85746,2022-09-13 00:00:00,2024-06-06 00:00:00,11748 | 11751 | 7542 | 7673 | 8096,"",""
"",MAPEAR_PRODUCTO_O_DEJAR_CODIGO_LEGACY,ADMIN100007,admin100007,5,5,5,141459,2018-11-29 00:00:00,2019-05-30 00:00:00,2083 | 2084 | 2085 | 2408 | 2409,"",""
"",MAPEAR_PRODUCTO_O_DEJAR_CODIGO_LEGACY,CAJACORRUGADA,cajacorrugada,5,5,232,293050,2021-05-11 00:00:00,2024-02-27 00:00:00,11144 | 11145 | 4970 | 4989 | 6594,"",""
"",MAPEAR_PRODUCTO_O_DEJAR_CODIGO_LEGACY,CREA,CREA,5,5,593,1267582,2020-08-07 00:00:00,2025-11-21 00:00:00,11611 | 15538 | 3953 | 4800 | 7936,"",""
"",MAPEAR_PRODUCTO_O_DEJAR_CODIGO_LEGACY,K3645,K3645,5,5,752,2186616,2019-05-09 00:00:00,2025-12-01 00:00:00,15607 | 2313 | 2397 | 4536 | 5489,"",""
"",MAPEAR_PRODUCTO_O_DEJAR_CODIGO_LEGACY,PLTER0393,plter0393,5,5,7,317058,2022-08-03 00:00:00,2022-11-29 00:00:00,7516 | 7520 | 7872 | 7947 | 7949,"",""
"",MAPEAR_PRODUCTO_O_DEJAR_CODIGO_LEGACY,00013,00013,4,4,240,971520,2025-04-22 00:00:00,2026-01-15 00:00:00,13991 | 14982 | 15540 | 15949,"",""
"",MAPEAR_PRODUCTO_O_DEJAR_CODIGO_LEGACY,10422250,10422250,4,4,450,3604800,2024-12-10 00:00:00,2025-08-28 00:00:00,13170 | 14729 | 14794 | 14954,"",""
"",MAPEAR_PRODUCTO_O_DEJAR_CODIGO_LEGACY,1314003,1314003,4,4,837,241616,2017-03-01 00:00:00,2022-05-09 00:00:00,1363 | 4800 | 6771 | 87,"",""
"",MAPEAR_PRODUCTO_O_DEJAR_CODIGO_LEGACY,1314084,1314084,4,4,36,126240,2017-03-07 00:00:00,2020-10-14 00:00:00,1395 | 1839 | 4150 | 99,"",""
"",MAPEAR_PRODUCTO_O_DEJAR_CODIGO_LEGACY,1314263,1314263,4,4,570,223620,2018-03-22 00:00:00,2020-11-17 00:00:00,1480 | 1843 | 4077 | 4304,"",""
"",MAPEAR_PRODUCTO_O_DEJAR_CODIGO_LEGACY,1326268,1326268,4,4,573,1304396,2018-05-17 00:00:00,2019-08-07 00:00:00,1710 | 1838 | 2115 | 2613,"",""
"",MAPEAR_PRODUCTO_O_DEJAR_CODIGO_LEGACY,1334266,1334266,4,4,252,226088,2018-02-22 00:00:00,2022-05-09 00:00:00,1363 | 4800 | 6770 | 6771,"",""
"",MAPEAR_PRODUCTO_O_DEJAR_CODIGO_LEGACY,310000002271,310000002271,4,4,85,1769730,2022-09-01 00:00:00,2025-10-21 00:00:00,15277 | 7525 | 7901 | 8197,"",""
"",MAPEAR_PRODUCTO_O_DEJAR_CODIGO_LEGACY,31002234,31002234,4,4,20,870632,2020-06-19 00:00:00,2022-05-19 00:00:00,3830 | 4127 | 6174 | 6797,"",""
"",MAPEAR_PRODUCTO_O_DEJAR_CODIGO_LEGACY,31002249,31002249,4,4,23,483952,2020-12-22 00:00:00,2022-07-22 00:00:00,4548 | 4615 | 4673 | 7098,"",""
"",MAPEAR_PRODUCTO_O_DEJAR_CODIGO_LEGACY,31002278,31002278,4,3,17,752870,2020-01-14 00:00:00,2022-02-25 00:00:00,3411 | 4259 | 6324,"",""
"",MAPEAR_PRODUCTO_O_DEJAR_CODIGO_LEGACY,612072,612072,4,4,11,204820,2018-03-09 00:00:00,2018-04-25 00:00:00,1425 | 1481 | 1543 | 1612,"",""
"",MAPEAR_PRODUCTO_O_DEJAR_CODIGO_LEGACY,612084,612084,4,3,6,977688,2021-08-18 00:00:00,2021-09-14 00:00:00,5347 | 5348 | 5481,"",""
"",MAPEAR_PRODUCTO_O_DEJAR_CODIGO_LEGACY,612099,612099,4,4,6,411248,2019-03-29 00:00:00,2021-09-14 00:00:00,2114 | 2984 | 3051 | 5481,"",""
"",MAPEAR_PRODUCTO_O_DEJAR_CODIGO_LEGACY,612119,612119,4,4,56,855680,2019-05-17 00:00:00,2019-06-04 00:00:00,2299 | 2300 | 2380 | 2653,"",""
"",MAPEAR_PRODUCTO_O_DEJAR_CODIGO_LEGACY,CAJAS,cajas,4,4,1874,2754900,2021-05-11 00:00:00,2022-11-18 00:00:00,4970 | 4989 | 7808 | 7875,"",""
"",MAPEAR_PRODUCTO_O_DEJAR_CODIGO_LEGACY,FILM,FILM,4,4,108,437094,2021-08-16 00:00:00,2024-09-12 00:00:00,11825 | 12283 | 5328 | 7446,"",""
"",MAPEAR_PRODUCTO_O_DEJAR_CODIGO_LEGACY,GUARDACABO,guardacabo,4,4,65,300430,2022-09-26 00:00:00,2024-07-04 00:00:00,11748 | 11749 | 12038 | 7452,"",""
"",MAPEAR_PRODUCTO_O_DEJAR_CODIGO_LEGACY,K11202,K11202,4,4,644,2351244,2024-11-27 00:00:00,2025-03-11 00:00:00,12887 | 13014 | 13534 | 13642,"",""
"",MAPEAR_PRODUCTO_O_DEJAR_CODIGO_LEGACY,K8376,K8376,4,4,214,1626400,2021-10-05 00:00:00,2021-11-23 00:00:00,5575 | 5580 | 5589 | 5684,"",""
"",MAPEAR_PRODUCTO_O_DEJAR_CODIGO_LEGACY,MEL0170,MEL0170,4,4,2.5,89222.5,2024-02-12 00:00:00,2024-10-17 00:00:00,10990 | 10998 | 12631 | 12633,"",""
"",MAPEAR_PRODUCTO_O_DEJAR_CODIGO_LEGACY,MICATEC03MM,MICATEC03MM,4,4,490,975100,2020-08-11 00:00:00,2021-08-23 00:00:00,3954 | 4002 | 4059 | 5371,"",""
"",MAPEAR_PRODUCTO_O_DEJAR_CODIGO_LEGACY,NAPAKILO,napakilo,4,4,130,280710,2020-07-09 00:00:00,2021-05-07 00:00:00,3993 | 4056 | 4150 | 4982,"",""
"",MAPEAR_PRODUCTO_O_DEJAR_CODIGO_LEGACY,PLTER0130,plter0130,4,4,7,193531,2022-08-19 00:00:00,2024-03-06 00:00:00,11055 | 11066 | 7517 | 7947,"",""
"",MAPEAR_PRODUCTO_O_DEJAR_CODIGO_LEGACY,TER0393,ter0393,4,4,12,626601,2024-01-18 00:00:00,2024-08-12 00:00:00,10996 | 11072 | 11260 | 12296,"",""
"",MAPEAR_PRODUCTO_O_DEJAR_CODIGO_LEGACY,TERO140,TERO140,4,4,11,316965,2025-04-29 00:00:00,2025-05-16 00:00:00,14080 | 14081 | 14093 | 14112,"",""
"",MAPEAR_PRODUCTO_O_DEJAR_CODIGO_LEGACY,VIPUWHITE,vipuwhite,4,4,52,214136,2024-07-23 00:00:00,2025-09-09 00:00:00,11830 | 12667 | 12694 | 15013,"",""
"",MAPEAR_PRODUCTO_O_DEJAR_CODIGO_LEGACY,10412200,10412200,3,3,60,302090,2024-06-26 00:00:00,2024-12-10 00:00:00,11828 | 12278 | 13170,"",""
"",MAPEAR_PRODUCTO_O_DEJAR_CODIGO_LEGACY,1314031,1314031,3,3,313,239450,2017-02-08 00:00:00,2021-05-03 00:00:00,1363 | 4967 | 51,"",""
"",MAPEAR_PRODUCTO_O_DEJAR_CODIGO_LEGACY,1314081,1314081,3,2,15,44100,2018-03-01 00:00:00,2019-02-25 00:00:00,1404 | 2088,"",""
"",MAPEAR_PRODUCTO_O_DEJAR_CODIGO_LEGACY,1314085,1314085,3,3,26,67840,2017-03-07 00:00:00,2018-06-18 00:00:00,1395 | 1839 | 99,"",""
"",MAPEAR_PRODUCTO_O_DEJAR_CODIGO_LEGACY,1314162,1314162,3,3,140,89800,2017-02-08 00:00:00,2019-02-06 00:00:00,1380 | 1982 | 60,"",""
"",MAPEAR_PRODUCTO_O_DEJAR_CODIGO_LEGACY,1314165,1314165,3,3,30,24012,2017-02-09 00:00:00,2024-02-27 00:00:00,11239 | 1981 | 63,"",""
"",MAPEAR_PRODUCTO_O_DEJAR_CODIGO_LEGACY,1314189,1314189,3,3,108,207202,2018-02-22 00:00:00,2021-07-22 00:00:00,1363 | 4192 | 5389,"",""
"",MAPEAR_PRODUCTO_O_DEJAR_CODIGO_LEGACY,1314230,1314230,3,3,360,159120,2020-01-24 00:00:00,2021-07-20 00:00:00,3306 | 4017 | 5191,"",""
"",MAPEAR_PRODUCTO_O_DEJAR_CODIGO_LEGACY,1314257,1314257,3,3,49,39721,0218-03-22 00:00:00,2024-02-08 00:00:00,11220 | 1362 | 1479,"",""
"",MAPEAR_PRODUCTO_O_DEJAR_CODIGO_LEGACY,1324261,1324261,3,3,85,219550,2019-04-24 00:00:00,2021-05-03 00:00:00,2229 | 4769 | 4968,"",""
"",MAPEAR_PRODUCTO_O_DEJAR_CODIGO_LEGACY,1326263,1326263,3,3,17,778575,2021-01-13 00:00:00,2025-08-12 00:00:00,14795 | 4573 | 5388,"",""
"",MAPEAR_PRODUCTO_O_DEJAR_CODIGO_LEGACY,1326267,1326267,3,3,105,280950,2019-02-06 00:00:00,2021-05-03 00:00:00,1982 | 4769 | 4968,"",""
"",MAPEAR_PRODUCTO_O_DEJAR_CODIGO_LEGACY,1326270,1326270,3,3,449,1014662,2018-04-05 00:00:00,2019-04-04 00:00:00,1539 | 1662 | 2174,"",""
"",MAPEAR_PRODUCTO_O_DEJAR_CODIGO_LEGACY,132674,132674,3,3,330,308700,2022-07-05 00:00:00,2025-11-21 00:00:00,15513 | 7337 | 7338,"",""
"",MAPEAR_PRODUCTO_O_DEJAR_CODIGO_LEGACY,134266,134266,3,2,12,153600,2019-04-24 00:00:00,2022-01-10 00:00:00,2229 | 6080,"",""
"",MAPEAR_PRODUCTO_O_DEJAR_CODIGO_LEGACY,23181000,23181000,3,3,153.2,298740,2024-02-09 00:00:00,2024-02-19 00:00:00,11217 | 11221 | 11236,"",""
"",MAPEAR_PRODUCTO_O_DEJAR_CODIGO_LEGACY,2510,2510,3,3,1440,583460,2025-11-17 00:00:00,2026-02-04 00:00:00,15544 | 15698 | 16005,"",""
"",MAPEAR_PRODUCTO_O_DEJAR_CODIGO_LEGACY,30201,30201,3,3,14,114660,2024-08-30 00:00:00,2026-02-03 00:00:00,12750 | 15874 | 16003,"",""
"",MAPEAR_PRODUCTO_O_DEJAR_CODIGO_LEGACY,3100000002224,3100000002224,3,3,75,2208775,2022-12-29 00:00:00,2025-05-14 00:00:00,13028 | 14132 | 8198,"",""
"",MAPEAR_PRODUCTO_O_DEJAR_CODIGO_LEGACY,3100000002246,3100000002246,3,3,25,266675,2022-06-09 00:00:00,2026-03-24 00:00:00,13833 | 16175 | 6991,"",""
"",MAPEAR_PRODUCTO_O_DEJAR_CODIGO_LEGACY,310000002255,310000002255,3,3,20,853340,2022-10-19 00:00:00,2025-10-21 00:00:00,13675 | 15277 | 7675,"",""
"",MAPEAR_PRODUCTO_O_DEJAR_CODIGO_LEGACY,310000002258,310000002258,3,3,6,297954,2022-09-01 00:00:00,2025-10-21 00:00:00,12017 | 15277 | 7525,"",""
"",MAPEAR_PRODUCTO_O_DEJAR_CODIGO_LEGACY,3100002276,3100002276,3,3,20,779976,2021-03-19 00:00:00,2022-02-09 00:00:00,4805 | 6087 | 6174,"",""
"",MAPEAR_PRODUCTO_O_DEJAR_CODIGO_LEGACY,31002205,31002205,3,3,24,851880,2020-08-07 00:00:00,2021-04-09 00:00:00,3906 | 3962 | 4871,"",""
"",MAPEAR_PRODUCTO_O_DEJAR_CODIGO_LEGACY,31002247,31002247,3,3,15,214780,2021-01-07 00:00:00,2021-06-01 00:00:00,4673 | 4918 | 5073,"",""
"",MAPEAR_PRODUCTO_O_DEJAR_CODIGO_LEGACY,31002251,31002251,3,3,11,307703,2021-01-07 00:00:00,2021-04-09 00:00:00,4548 | 4673 | 4871,"",""
"",MAPEAR_PRODUCTO_O_DEJAR_CODIGO_LEGACY,31002258,31002258,3,3,8,430806,2021-04-09 00:00:00,2021-06-01 00:00:00,4867 | 4918 | 5073,"",""
"",MAPEAR_PRODUCTO_O_DEJAR_CODIGO_LEGACY,31002263,31002263,3,3,18,964834,2020-07-07 00:00:00,2022-05-19 00:00:00,3831 | 4871 | 6797,"",""
"",MAPEAR_PRODUCTO_O_DEJAR_CODIGO_LEGACY,31002525,31002525,3,3,29,2535325,2020-12-22 00:00:00,2021-01-07 00:00:00,4615 | 4616 | 4673,"",""
"",MAPEAR_PRODUCTO_O_DEJAR_CODIGO_LEGACY,612060,612060,3,3,6,152400,2019-09-24 00:00:00,2022-02-02 00:00:00,2833 | 2834 | 6172,"",""
"",MAPEAR_PRODUCTO_O_DEJAR_CODIGO_LEGACY,612063,612063,3,3,17,769199,2022-02-09 00:00:00,2022-04-01 00:00:00,6174 | 6446 | 6453,"",""
"",MAPEAR_PRODUCTO_O_DEJAR_CODIGO_LEGACY,612073,612073,3,3,4,56160,2017-03-03 00:00:00,2019-08-26 00:00:00,2193 | 2679 | 91,"",""
"",MAPEAR_PRODUCTO_O_DEJAR_CODIGO_LEGACY,6120901,6120901,3,3,6,609600,2019-09-24 00:00:00,2019-10-02 00:00:00,2829 | 2833 | 2834,"",""
"",MAPEAR_PRODUCTO_O_DEJAR_CODIGO_LEGACY,612120,612120,3,3,62,1184200,2018-06-22 00:00:00,2020-01-31 00:00:00,1858 | 2697 | 3348,"",""
"",MAPEAR_PRODUCTO_O_DEJAR_CODIGO_LEGACY,ADMIN100006,admin100006,3,3,3,34374,2019-02-08 00:00:00,2019-02-18 00:00:00,2012 | 2056 | 2087,"",""
"",MAPEAR_PRODUCTO_O_DEJAR_CODIGO_LEGACY,ADMIN100009,ADMIN100009,3,3,3,161796,2019-03-10 00:00:00,2019-08-10 00:00:00,2091 | 2630 | 2661,"",""
"",MAPEAR_PRODUCTO_O_DEJAR_CODIGO_LEGACY,ALGODONLYCRA,algodonlycra,3,3,14.52,107724.36,2020-10-01 00:00:00,2021-05-18 00:00:00,4105 | 4799 | 5019,"",""
"",MAPEAR_PRODUCTO_O_DEJAR_CODIGO_LEGACY,BIS0320,BIS0320,3,3,10,91064,2024-01-12 00:00:00,2024-11-28 00:00:00,10993 | 11819 | 12836,"",""
"",MAPEAR_PRODUCTO_O_DEJAR_CODIGO_LEGACY,CAJASUPREMA,CAJASUPREMA,3,3,18,317502,2024-07-19 00:00:00,2024-09-05 00:00:00,12178 | 12219 | 12368,"",""
"",MAPEAR_PRODUCTO_O_DEJAR_CODIGO_LEGACY,CARTONCORRUGADO,CARTONCORRUGADO,3,3,127,196770,2021-08-02 00:00:00,2022-03-21 00:00:00,5331 | 6407 | 6408,"",""
"",MAPEAR_PRODUCTO_O_DEJAR_CODIGO_LEGACY,COMISIONES,comisiones,3,3,3,143297,2019-01-29 00:00:00,2019-02-26 00:00:00,2054 | 2057 | 2058,"",""
"",MAPEAR_PRODUCTO_O_DEJAR_CODIGO_LEGACY,CREASABPAS,creasabpas,3,3,233.3,604427,2022-08-08 00:00:00,2024-06-11 00:00:00,11980 | 7339 | 7527,"",""
"",MAPEAR_PRODUCTO_O_DEJAR_CODIGO_LEGACY,GABARDINA,GABARDINA,3,3,65,130850,2024-08-09 00:00:00,2024-09-23 00:00:00,12285 | 12426 | 12749,"",""
"",MAPEAR_PRODUCTO_O_DEJAR_CODIGO_LEGACY,GUARDA,guarda,3,3,44,203368,2022-09-13 00:00:00,2024-06-06 00:00:00,11751 | 7542 | 7673,"",""
"",MAPEAR_PRODUCTO_O_DEJAR_CODIGO_LEGACY,JUEGCUB110Â Â Â Â ,JUEGCUB110Â Â Â Â ,3,2,13,258570,2024-10-09 00:00:00,2024-10-09 00:00:00,12606 | 12607,"",""
"",MAPEAR_PRODUCTO_O_DEJAR_CODIGO_LEGACY,K10394,K10394,3,3,917,2292500,2024-10-15 00:00:00,2025-11-21 00:00:00,12582 | 15554 | 15555,"",""
"",MAPEAR_PRODUCTO_O_DEJAR_CODIGO_LEGACY,K10543,k10543,3,3,146.5,1002060,2024-10-07 00:00:00,2025-06-13 00:00:00,12614 | 14201 | 14253,"",""
"",MAPEAR_PRODUCTO_O_DEJAR_CODIGO_LEGACY,K11164,K11164,3,3,335,1223085,2024-11-07 00:00:00,2025-03-11 00:00:00,12705 | 13534 | 13642,"",""
"",MAPEAR_PRODUCTO_O_DEJAR_CODIGO_LEGACY,KILOSCC,kiloscc,3,3,107,197950,2022-08-19 00:00:00,2024-09-04 00:00:00,12244 | 7451 | 7526,"",""
"",MAPEAR_PRODUCTO_O_DEJAR_CODIGO_LEGACY,KITSEGURIDAD,kitseguridad,3,3,3,76097,2019-03-05 00:00:00,2019-07-05 00:00:00,2059 | 2558 | 2560,"",""
"",MAPEAR_PRODUCTO_O_DEJAR_CODIGO_LEGACY,LIJ0710,LIJ0710,3,3,30,14400,2024-06-26 00:00:00,2024-09-24 00:00:00,11966 | 12041 | 12424,"",""
"",MAPEAR_PRODUCTO_O_DEJAR_CODIGO_LEGACY,MDF0250,MDF0250,3,3,8,89408,2024-08-28 00:00:00,2024-10-04 00:00:00,12183 | 12305 | 12644,"",""
"",MAPEAR_PRODUCTO_O_DEJAR_CODIGO_LEGACY,MESAS01,MESAS01,3,3,36,1099184,2024-04-01 00:00:00,2025-01-06 00:00:00,11614 | 12321 | 13312,"",""
"",MAPEAR_PRODUCTO_O_DEJAR_CODIGO_LEGACY,NAPAMETRO,NAPAMETRO,3,3,60,81240,2020-07-09 00:00:00,2021-05-07 00:00:00,3992 | 3993 | 4982,"",""
"",MAPEAR_PRODUCTO_O_DEJAR_CODIGO_LEGACY,PLMDF0250,plmdf0250,3,2,5,71975,2022-08-12 00:00:00,2022-09-28 00:00:00,7443 | 7519,"",""
"",MAPEAR_PRODUCTO_O_DEJAR_CODIGO_LEGACY,PLMDF0260,plmdf0260,3,3,5,76631,2022-08-19 00:00:00,2024-02-08 00:00:00,11216 | 7443 | 7517,"",""
"",MAPEAR_PRODUCTO_O_DEJAR_CODIGO_LEGACY,PLTER130,plter130,3,3,4,127396,2022-09-08 00:00:00,2022-11-29 00:00:00,7610 | 7872 | 7949,"",""
"",MAPEAR_PRODUCTO_O_DEJAR_CODIGO_LEGACY,PLTERO130,pltero130,3,3,9,281070,2022-08-03 00:00:00,2022-10-11 00:00:00,7426 | 7520 | 7732,"",""
"",MAPEAR_PRODUCTO_O_DEJAR_CODIGO_LEGACY,SPGRANULV1KILO,SPGRANULV1KILO,3,3,118,182310,2026-01-06 00:00:00,2026-02-03 00:00:00,15858 | 15973 | 16012,"",""
"",MAPEAR_PRODUCTO_O_DEJAR_CODIGO_LEGACY,TERO130,TERO130,3,3,9,235134,2025-04-29 00:00:00,2025-05-07 00:00:00,14080 | 14081 | 14093,"",""
"",MAPEAR_PRODUCTO_O_DEJAR_CODIGO_LEGACY,TOR0711,tor0711,3,3,8,13493,2024-05-29 00:00:00,2025-07-14 00:00:00,11679 | 12424 | 14603,"",""
"",MAPEAR_PRODUCTO_O_DEJAR_CODIGO_LEGACY,TOR0721,tor0721,3,3,7,16488,2024-03-28 00:00:00,2025-07-14 00:00:00,11260 | 11679 | 14603,"",""
"",MAPEAR_PRODUCTO_O_DEJAR_CODIGO_LEGACY,TOR0741,TOR0741,3,3,10,15065,2024-05-29 00:00:00,2024-10-07 00:00:00,11679 | 12424 | 12643,"",""
"",MAPEAR_PRODUCTO_O_DEJAR_CODIGO_LEGACY,TOR0771,TOR0771,3,3,6,15078,2024-02-06 00:00:00,2024-05-29 00:00:00,10989 | 10990 | 11679,"",""
"",MAPEAR_PRODUCTO_O_DEJAR_CODIGO_LEGACY,TOR0900,tor0900,3,3,108,399801,2024-05-29 00:00:00,2025-07-14 00:00:00,11679 | 14603 | 14605,"",""
"",MAPEAR_PRODUCTO_O_DEJAR_CODIGO_LEGACY,TORNILLO,tornillo,3,2,344,3752,2022-09-13 00:00:00,2022-09-26 00:00:00,7452 | 7542,"",""
"",MAPEAR_PRODUCTO_O_DEJAR_CODIGO_LEGACY,TUNEL24,tunel24,3,3,624,5656560,2020-03-16 00:00:00,2020-05-15 00:00:00,3616 | 3724 | 3734,"",""
"",MAPEAR_PRODUCTO_O_DEJAR_CODIGO_LEGACY,UNIPERLON,uniperlon,3,2,24,140160,2022-09-06 00:00:00,2024-03-04 00:00:00,11065 | 7815,"",""
"",MAPEAR_PRODUCTO_O_DEJAR_CODIGO_LEGACY,UNIPERLONBEIGE,UNIPERLONBEIGE,3,3,43,251120,2021-12-27 00:00:00,2024-03-04 00:00:00,11065 | 6037 | 6186,"",""
"",MAPEAR_PRODUCTO_O_DEJAR_CODIGO_LEGACY,00019,00019,2,2,90,364320,2025-04-22 00:00:00,2025-09-01 00:00:00,13991 | 14982,"",""
"",MAPEAR_PRODUCTO_O_DEJAR_CODIGO_LEGACY,00021,00021,2,2,80,323840,2025-04-22 00:00:00,2025-11-17 00:00:00,13991 | 15540,"",""
"",MAPEAR_PRODUCTO_O_DEJAR_CODIGO_LEGACY,00109,00109,2,2,100,195000,2024-08-30 00:00:00,2025-01-06 00:00:00,12750 | 13263,"",""
"",MAPEAR_PRODUCTO_O_DEJAR_CODIGO_LEGACY,051061000,051061000,2,2,73,82855,2025-05-19 00:00:00,2025-07-15 00:00:00,14179 | 14587,"",""
"",MAPEAR_PRODUCTO_O_DEJAR_CODIGO_LEGACY,07V00002,07V00002,2,1,2,15126,2019-02-28 00:00:00,2019-02-28 00:00:00,2073,"",""
"",MAPEAR_PRODUCTO_O_DEJAR_CODIGO_LEGACY,1000,1000,2,2,100,98000,2019-04-24 00:00:00,2019-05-06 00:00:00,2229 | 2256,"",""
"",MAPEAR_PRODUCTO_O_DEJAR_CODIGO_LEGACY,1012,1012,2,2,200,69000,2019-04-24 00:00:00,2019-07-22 00:00:00,2229 | 2557,"",""
"",MAPEAR_PRODUCTO_O_DEJAR_CODIGO_LEGACY,1013,1013,2,2,30,56400,2021-03-15 00:00:00,2021-05-03 00:00:00,4769 | 4968,"",""
"",MAPEAR_PRODUCTO_O_DEJAR_CODIGO_LEGACY,10226,10226,2,2,9,74508,2024-04-08 00:00:00,2024-12-02 00:00:00,11493 | 12970,"",""
"",MAPEAR_PRODUCTO_O_DEJAR_CODIGO_LEGACY,1-2/6,1-2/6,2,2,13,67136,2024-02-23 00:00:00,2024-09-24 00:00:00,11127 | 12425,"",""
"",MAPEAR_PRODUCTO_O_DEJAR_CODIGO_LEGACY,1314023,1314023,2,2,16,67840,2018-03-01 00:00:00,2018-06-18 00:00:00,1395 | 1839,"",""
"",MAPEAR_PRODUCTO_O_DEJAR_CODIGO_LEGACY,1314024,1314024,2,2,16,67840,2018-03-01 00:00:00,2018-06-18 00:00:00,1395 | 1839,"",""
"",MAPEAR_PRODUCTO_O_DEJAR_CODIGO_LEGACY,1314029,1314029,2,2,14,20840,2017-01-18 00:00:00,2021-05-04 00:00:00,4942 | 7,"",""
"",MAPEAR_PRODUCTO_O_DEJAR_CODIGO_LEGACY,1314061,1314061,2,2,2300,39100,2019-02-06 00:00:00,2019-04-24 00:00:00,1982 | 2229,"",""
"",MAPEAR_PRODUCTO_O_DEJAR_CODIGO_LEGACY,1314086,1314086,2,1,12,58800,2019-02-25 00:00:00,2019-02-25 00:00:00,2088,"",""
"",MAPEAR_PRODUCTO_O_DEJAR_CODIGO_LEGACY,1314087,1314087,2,1,12,58800,2019-02-25 00:00:00,2019-02-25 00:00:00,2088,"",""
"",MAPEAR_PRODUCTO_O_DEJAR_CODIGO_LEGACY,1314090,1314090,2,1,9,44100,2019-02-25 00:00:00,2019-02-25 00:00:00,2088,"",""
"",MAPEAR_PRODUCTO_O_DEJAR_CODIGO_LEGACY,1314156,1314156,2,2,77.88,229747.28,2017-02-01 00:00:00,2019-07-19 00:00:00,2540 | 43,"",""
"",MAPEAR_PRODUCTO_O_DEJAR_CODIGO_LEGACY,1314160,1314160,2,2,27,6400,2017-02-08 00:00:00,2018-02-27 00:00:00,1380 | 60,"",""
"",MAPEAR_PRODUCTO_O_DEJAR_CODIGO_LEGACY,1314166,1314166,2,2,18,3582,2017-02-09 00:00:00,2019-02-06 00:00:00,1981 | 63,"",""
"",MAPEAR_PRODUCTO_O_DEJAR_CODIGO_LEGACY,1314203,1314203,2,2,3,8823,2018-01-31 00:00:00,2018-02-28 00:00:00,1467 | 1473,"",""
"",MAPEAR_PRODUCTO_O_DEJAR_CODIGO_LEGACY,1314218,1314218,2,1,26,51669,2021-08-23 00:00:00,2021-08-23 00:00:00,5370,"",""
"",MAPEAR_PRODUCTO_O_DEJAR_CODIGO_LEGACY,1314220,1314220,2,2,200,395000,2020-11-17 00:00:00,2022-05-09 00:00:00,4297 | 6771,"",""
"",MAPEAR_PRODUCTO_O_DEJAR_CODIGO_LEGACY,1314223,1314223,2,2,10,89000,2021-05-03 00:00:00,2024-02-22 00:00:00,11130 | 4949,"",""
"",MAPEAR_PRODUCTO_O_DEJAR_CODIGO_LEGACY,1314226,1314226,2,2,10,120800,2019-02-06 00:00:00,2021-05-03 00:00:00,1982 | 4949,"",""
"",MAPEAR_PRODUCTO_O_DEJAR_CODIGO_LEGACY,1314228,1314228,2,2,68.1,80769.5,2019-02-06 00:00:00,2021-07-22 00:00:00,1980 | 5389,"",""
"",MAPEAR_PRODUCTO_O_DEJAR_CODIGO_LEGACY,1314254,1314254,2,2,2,9780,2018-03-20 00:00:00,2018-03-26 00:00:00,1472 | 1501,"",""
"",MAPEAR_PRODUCTO_O_DEJAR_CODIGO_LEGACY,1314256,1314256,2,2,18,44376,2021-01-13 00:00:00,2021-08-10 00:00:00,4573 | 5391,"",""
"",MAPEAR_PRODUCTO_O_DEJAR_CODIGO_LEGACY,1314271,1314271,2,2,6,85600,2021-05-03 00:00:00,2022-01-10 00:00:00,4949 | 6080,"",""
"",MAPEAR_PRODUCTO_O_DEJAR_CODIGO_LEGACY,1314272,1314272,2,2,4,58800,2021-05-03 00:00:00,2022-01-10 00:00:00,4949 | 6080,"",""
"",MAPEAR_PRODUCTO_O_DEJAR_CODIGO_LEGACY,1324262,1324262,2,2,45,143550,2021-03-15 00:00:00,2021-05-03 00:00:00,4769 | 4968,"",""
"",MAPEAR_PRODUCTO_O_DEJAR_CODIGO_LEGACY,1324263,1324263,2,2,55,191850,2021-03-15 00:00:00,2021-08-23 00:00:00,4769 | 5371,"",""
"",MAPEAR_PRODUCTO_O_DEJAR_CODIGO_LEGACY,1326264,1326264,2,2,20,43800,2019-05-08 00:00:00,2022-04-13 00:00:00,2321 | 6498,"",""
"",MAPEAR_PRODUCTO_O_DEJAR_CODIGO_LEGACY,1326275,1326275,2,2,45,64188,2018-02-28 00:00:00,2019-03-20 00:00:00,1467 | 2148,"",""
"",MAPEAR_PRODUCTO_O_DEJAR_CODIGO_LEGACY,1326290,1326290,2,2,102,231060,2018-03-27 00:00:00,2019-02-07 00:00:00,1505 | 1986,"",""
"",MAPEAR_PRODUCTO_O_DEJAR_CODIGO_LEGACY,1-3/3,1-3/3,2,2,106,668012,2025-12-24 00:00:00,2026-01-29 00:00:00,15712 | 16015,"",""
"",MAPEAR_PRODUCTO_O_DEJAR_CODIGO_LEGACY,13894,13894,2,2,200,179100,2024-11-28 00:00:00,2025-01-06 00:00:00,12847 | 13340,"",""
"",MAPEAR_PRODUCTO_O_DEJAR_CODIGO_LEGACY,1502,1502,2,2,2300,53100,2019-05-06 00:00:00,2024-02-22 00:00:00,11130 | 2256,"",""
"",MAPEAR_PRODUCTO_O_DEJAR_CODIGO_LEGACY,1935,1935,2,2,21,6933,2024-05-29 00:00:00,2024-11-25 00:00:00,11744 | 12824,"",""
"",MAPEAR_PRODUCTO_O_DEJAR_CODIGO_LEGACY,1943,1943,2,2,40,8000,2022-09-29 00:00:00,2022-12-14 00:00:00,7730 | 8098,"",""
"",MAPEAR_PRODUCTO_O_DEJAR_CODIGO_LEGACY,2011000002136,2011000002136,2,2,6,18246,2025-05-02 00:00:00,2025-12-05 00:00:00,14088 | 15655,"",""
"",MAPEAR_PRODUCTO_O_DEJAR_CODIGO_LEGACY,2011000002198,2011000002198,2,2,17,32317,2025-12-05 00:00:00,2026-01-06 00:00:00,15655 | 15859,"",""
"",MAPEAR_PRODUCTO_O_DEJAR_CODIGO_LEGACY,2011002140,2011002140,2,2,11,199067,2020-07-20 00:00:00,2021-12-16 00:00:00,3832 | 6063,"",""
"",MAPEAR_PRODUCTO_O_DEJAR_CODIGO_LEGACY,2011002144,2011002144,2,2,14,475048,2021-03-19 00:00:00,2025-08-06 00:00:00,14747 | 4801,"",""
"",MAPEAR_PRODUCTO_O_DEJAR_CODIGO_LEGACY,2011002153,2011002153,2,2,12,322944,2021-01-26 00:00:00,2021-03-19 00:00:00,4549 | 4805,"",""
"",MAPEAR_PRODUCTO_O_DEJAR_CODIGO_LEGACY,2011002198,2011002198,2,2,6,25452,2020-11-11 00:00:00,2025-08-06 00:00:00,14745 | 4259,"",""
"",MAPEAR_PRODUCTO_O_DEJAR_CODIGO_LEGACY,20112126,20112126,2,2,32,405814,2021-04-09 00:00:00,2021-06-01 00:00:00,4871 | 5072,"",""
"",MAPEAR_PRODUCTO_O_DEJAR_CODIGO_LEGACY,20401,20401,2,2,8,103600,2025-12-31 00:00:00,2026-02-03 00:00:00,15874 | 16003,"",""
"",MAPEAR_PRODUCTO_O_DEJAR_CODIGO_LEGACY,2758253,2758253,2,2,7,142289,2024-11-06 00:00:00,2024-11-15 00:00:00,12648 | 12734,"",""
"",MAPEAR_PRODUCTO_O_DEJAR_CODIGO_LEGACY,30101,30101,2,2,8,26544,2025-12-31 00:00:00,2026-02-03 00:00:00,15874 | 16003,"",""
"",MAPEAR_PRODUCTO_O_DEJAR_CODIGO_LEGACY,30102,30102,2,2,9,35392,2024-08-30 00:00:00,2025-12-31 00:00:00,12750 | 15874,"",""
"",MAPEAR_PRODUCTO_O_DEJAR_CODIGO_LEGACY,30108,30108,2,2,8,26544,2025-12-31 00:00:00,2026-02-03 00:00:00,15874 | 16003,"",""
"",MAPEAR_PRODUCTO_O_DEJAR_CODIGO_LEGACY,30202,30202,2,2,10,71665,2024-08-30 00:00:00,2025-12-31 00:00:00,12750 | 15874,"",""
"",MAPEAR_PRODUCTO_O_DEJAR_CODIGO_LEGACY,30209,30209,2,2,9,55287,2025-12-31 00:00:00,2026-02-03 00:00:00,15874 | 16003,"",""
"",MAPEAR_PRODUCTO_O_DEJAR_CODIGO_LEGACY,310000000,310000000,2,2,18,380664,2022-08-27 00:00:00,2022-09-01 00:00:00,7523 | 7524,"",""
"",MAPEAR_PRODUCTO_O_DEJAR_CODIGO_LEGACY,3100000002219,3100000002219,2,2,10,119480,2025-02-05 00:00:00,2025-12-19 00:00:00,13440 | 15881,"",""
"",MAPEAR_PRODUCTO_O_DEJAR_CODIGO_LEGACY,3100000002234,3100000002234,2,2,6,358158,2022-04-22 00:00:00,2022-06-29 00:00:00,6788 | 7343,"",""
"",MAPEAR_PRODUCTO_O_DEJAR_CODIGO_LEGACY,3100002272,3100002272,2,2,9,209772,2021-03-19 00:00:00,2022-01-18 00:00:00,4805 | 6087,"",""
"",MAPEAR_PRODUCTO_O_DEJAR_CODIGO_LEGACY,31001830,31001830,2,2,35,2140950,2020-10-07 00:00:00,2020-11-20 00:00:00,4127 | 4346,"",""
"",MAPEAR_PRODUCTO_O_DEJAR_CODIGO_LEGACY,31002228,31002228,2,2,3,282956,2020-01-14 00:00:00,2022-02-25 00:00:00,3411 | 6324,"",""
"",MAPEAR_PRODUCTO_O_DEJAR_CODIGO_LEGACY,31002230,31002230,2,2,8,655380,2020-09-08 00:00:00,2021-01-26 00:00:00,4042 | 4548,"",""
"",MAPEAR_PRODUCTO_O_DEJAR_CODIGO_LEGACY,31002243,31002243,2,2,22,77524,2021-04-09 00:00:00,2022-07-22 00:00:00,4871 | 7098,"",""
"",MAPEAR_PRODUCTO_O_DEJAR_CODIGO_LEGACY,31002264,31002264,2,2,7,611975,2020-12-07 00:00:00,2021-04-09 00:00:00,4343 | 4867,"",""
"",MAPEAR_PRODUCTO_O_DEJAR_CODIGO_LEGACY,31002268,31002268,2,2,32,143008,2020-05-15 00:00:00,2020-06-12 00:00:00,3734 | 3828,"",""
"",MAPEAR_PRODUCTO_O_DEJAR_CODIGO_LEGACY,327700,327700,2,2,2,25192,2024-11-04 00:00:00,2024-11-06 00:00:00,12648 | 12653,"",""
"",MAPEAR_PRODUCTO_O_DEJAR_CODIGO_LEGACY,4045268,4045268,2,2,25,124750,2024-08-23 00:00:00,2024-11-07 00:00:00,12463 | 12739,"",""
"",MAPEAR_PRODUCTO_O_DEJAR_CODIGO_LEGACY,4140,4140,2,2,2,159662,2022-09-06 00:00:00,2022-09-29 00:00:00,7497 | 7730,"",""
"",MAPEAR_PRODUCTO_O_DEJAR_CODIGO_LEGACY,50111,50111,2,2,3000,72000,2024-08-30 00:00:00,2025-12-31 00:00:00,12750 | 15874,"",""
"",MAPEAR_PRODUCTO_O_DEJAR_CODIGO_LEGACY,612053,612053,2,2,15,114300,2019-05-16 00:00:00,2019-05-20 00:00:00,2299 | 2301,"",""
"",MAPEAR_PRODUCTO_O_DEJAR_CODIGO_LEGACY,612055,612055,2,2,6,76200,2019-08-07 00:00:00,2019-09-27 00:00:00,2606 | 2829,"",""
"",MAPEAR_PRODUCTO_O_DEJAR_CODIGO_LEGACY,6120900,6120900,2,2,6,628800,2019-09-10 00:00:00,2019-09-12 00:00:00,2775 | 2780,"",""
"",MAPEAR_PRODUCTO_O_DEJAR_CODIGO_LEGACY,612098,612098,2,2,4,239760,2019-12-20 00:00:00,2019-12-20 00:00:00,3059 | 3111,"",""
"",MAPEAR_PRODUCTO_O_DEJAR_CODIGO_LEGACY,612129,612129,2,2,23,661250,2019-09-06 00:00:00,2019-09-27 00:00:00,2751 | 2829,"",""
"",MAPEAR_PRODUCTO_O_DEJAR_CODIGO_LEGACY,6545,6545,2,1,2,15704,2022-12-14 00:00:00,2022-12-14 00:00:00,8098,"",""
"",MAPEAR_PRODUCTO_O_DEJAR_CODIGO_LEGACY,6925582193626,6925582193626,2,2,4,62655,2024-11-08 00:00:00,2024-11-13 00:00:00,12687 | 12688,"",""
"",MAPEAR_PRODUCTO_O_DEJAR_CODIGO_LEGACY,7809601108558,7809601108558,2,2,4,25176,2024-11-08 00:00:00,2024-11-20 00:00:00,12687 | 12760,"",""
"",MAPEAR_PRODUCTO_O_DEJAR_CODIGO_LEGACY,8768099,8768099,2,2,2,55444,2024-11-12 00:00:00,2024-11-26 00:00:00,12682 | 12837,"",""
"",MAPEAR_PRODUCTO_O_DEJAR_CODIGO_LEGACY,ADMIN1000007,ADMIN1000007,2,2,2,50833,2019-04-26 00:00:00,2019-04-29 00:00:00,2239 | 2315,"",""
"",MAPEAR_PRODUCTO_O_DEJAR_CODIGO_LEGACY,ADMIN100010,ADMIN100010,2,2,2,5794769,2019-05-31 00:00:00,2019-06-28 00:00:00,2424 | 2496,"",""
"",MAPEAR_PRODUCTO_O_DEJAR_CODIGO_LEGACY,ALMUERZO,ALMUERZO,2,2,2,71012,2019-04-02 00:00:00,2019-05-06 00:00:00,2310 | 2311,"",""
"",MAPEAR_PRODUCTO_O_DEJAR_CODIGO_LEGACY,AN,AN,2,2,43,101910,2022-09-13 00:00:00,2022-09-29 00:00:00,7404 | 7420,"",""
"",MAPEAR_PRODUCTO_O_DEJAR_CODIGO_LEGACY,ARPILLERA,arpillera,2,2,30,32760,2020-08-21 00:00:00,2020-09-16 00:00:00,3991 | 4056,"",""
"",MAPEAR_PRODUCTO_O_DEJAR_CODIGO_LEGACY,BISPIANO,BISPIANO,2,2,8,43160,2021-01-13 00:00:00,2021-01-13 00:00:00,4573 | 4575,"",""
"",MAPEAR_PRODUCTO_O_DEJAR_CODIGO_LEGACY,CAJAPRAGA,CAJAPRAGA,2,2,18,196488,2024-09-05 00:00:00,2024-09-25 00:00:00,12219 | 12434,"",""
"",MAPEAR_PRODUCTO_O_DEJAR_CODIGO_LEGACY,CAREC001,CAREC001,2,2,94,209338,2019-06-06 00:00:00,2019-06-07 00:00:00,2536 | 2537,"",""
"",MAPEAR_PRODUCTO_O_DEJAR_CODIGO_LEGACY,CHO0030,CHO0030,2,1,2,10522,2019-04-02 00:00:00,2019-04-02 00:00:00,2104,"",""
"",MAPEAR_PRODUCTO_O_DEJAR_CODIGO_LEGACY,CINT5POLIENEGRR,CINT5POLIENEGRR,2,2,8,76800,2021-05-03 00:00:00,2021-05-31 00:00:00,4968 | 5070,"",""
"",MAPEAR_PRODUCTO_O_DEJAR_CODIGO_LEGACY,CREASABOSC,CREASABOSC,2,2,130,375700,2022-08-08 00:00:00,2025-06-10 00:00:00,14591 | 7339,"",""
"",MAPEAR_PRODUCTO_O_DEJAR_CODIGO_LEGACY,CREAULTRA,creaultra,2,2,202.5,309825,2022-08-08 00:00:00,2025-09-17 00:00:00,15083 | 7339,"",""
"",MAPEAR_PRODUCTO_O_DEJAR_CODIGO_LEGACY,CRIANZA,crianza,2,2,24,320664,2022-09-22 00:00:00,2022-12-01 00:00:00,7465 | 7980,"",""
"",MAPEAR_PRODUCTO_O_DEJAR_CODIGO_LEGACY,DISCURSO,DISCURSO,2,2,2,97476,2022-11-21 00:00:00,2022-11-21 00:00:00,7932 | 7960,"",""
"",MAPEAR_PRODUCTO_O_DEJAR_CODIGO_LEGACY,FFSZ-FT-5ST,FFSZ-FT-5ST,2,2,16,120092,2018-02-15 00:00:00,2018-06-12 00:00:00,1322 | 1800,"",""
"",MAPEAR_PRODUCTO_O_DEJAR_CODIGO_LEGACY,FIBRA,FIBRA,2,2,40,95600,2024-01-02 00:00:00,2024-01-15 00:00:00,11210 | 11238,"",""
"",MAPEAR_PRODUCTO_O_DEJAR_CODIGO_LEGACY,GAMUZA,gamuza,2,2,135.2,350168,2022-09-20 00:00:00,2025-06-26 00:00:00,14588 | 7429,"",""
"",MAPEAR_PRODUCTO_O_DEJAR_CODIGO_LEGACY,GAS,gas,2,2,2,26800,2019-07-05 00:00:00,2019-07-26 00:00:00,2480 | 2567,"",""
"",MAPEAR_PRODUCTO_O_DEJAR_CODIGO_LEGACY,HABLEMOS,hablemos,2,2,30,829410,2022-12-01 00:00:00,2022-12-01 00:00:00,7982 | 8251,"",""
"",MAPEAR_PRODUCTO_O_DEJAR_CODIGO_LEGACY,JUEGPLAS1801,JUEGPLAS1801,2,1,0,0,2018-06-20 00:00:00,2018-06-20 00:00:00,1851,"",""
"",MAPEAR_PRODUCTO_O_DEJAR_CODIGO_LEGACY,LIJ0440,LIJ0440,2,2,20,4160,2024-06-26 00:00:00,2024-10-07 00:00:00,11966 | 12643,"",""
"",MAPEAR_PRODUCTO_O_DEJAR_CODIGO_LEGACY,LIJ0706,LIJ0706,2,2,20,8400,2024-07-11 00:00:00,2024-10-07 00:00:00,12041 | 12643,"",""
"",MAPEAR_PRODUCTO_O_DEJAR_CODIGO_LEGACY,LJO380,ljo380,2,2,20,4190,2022-12-06 00:00:00,2024-03-28 00:00:00,11260 | 8151,"",""
"",MAPEAR_PRODUCTO_O_DEJAR_CODIGO_LEGACY,LJO706,ljo706,2,2,120,54770,2022-12-06 00:00:00,2024-03-28 00:00:00,11260 | 8151,"",""
"",MAPEAR_PRODUCTO_O_DEJAR_CODIGO_LEGACY,LONACOL5,lonacol5,2,2,90.1,306143.2,2020-11-17 00:00:00,2022-11-08 00:00:00,4297 | 7801,"",""
"",MAPEAR_PRODUCTO_O_DEJAR_CODIGO_LEGACY,MO05,MO05,2,2,45,23150,2019-02-06 00:00:00,2019-04-24 00:00:00,2022 | 2230,"",""
"",MAPEAR_PRODUCTO_O_DEJAR_CODIGO_LEGACY,MUD001,MUD001,2,2,9,1966383,2024-02-06 00:00:00,2024-08-13 00:00:00,11028 | 12304,"",""
"",MAPEAR_PRODUCTO_O_DEJAR_CODIGO_LEGACY,NAPASANTIAGO,NAPASANTIAGO,2,2,40,148000,2022-01-21 00:00:00,2022-04-19 00:00:00,6013 | 6728,"",""
"",MAPEAR_PRODUCTO_O_DEJAR_CODIGO_LEGACY,PEG0070,PEG0070,2,2,2,39077,2024-02-12 00:00:00,2024-11-28 00:00:00,10998 | 12836,"",""
"",MAPEAR_PRODUCTO_O_DEJAR_CODIGO_LEGACY,PERNO,perno,2,2,50,5900,2022-08-17 00:00:00,2022-09-13 00:00:00,7540 | 7542,"",""
"",MAPEAR_PRODUCTO_O_DEJAR_CODIGO_LEGACY,PERNOCOCHE,PERNOCOCHE,2,2,365,54785,2024-05-17 00:00:00,2025-07-11 00:00:00,11749 | 14620,"",""
"",MAPEAR_PRODUCTO_O_DEJAR_CODIGO_LEGACY,PINOCEPILLADO,PINOCEPILLADO,2,2,46,85234,2021-01-11 00:00:00,2021-08-10 00:00:00,4559 | 5391,"",""
"",MAPEAR_PRODUCTO_O_DEJAR_CODIGO_LEGACY,PIR,PIR,2,2,20,16800,2025-05-02 00:00:00,2025-06-12 00:00:00,14067 | 14247,"",""
"",MAPEAR_PRODUCTO_O_DEJAR_CODIGO_LEGACY,PISTOLAMUZI,PISTOLAMUZI,2,2,2,58824,2024-01-10 00:00:00,2024-08-29 00:00:00,10944 | 12184,"",""
"",MAPEAR_PRODUCTO_O_DEJAR_CODIGO_LEGACY,PN1270,PN1270,2,2,18,96228,2024-08-26 00:00:00,2024-08-28 00:00:00,12305 | 12366,"",""
"",MAPEAR_PRODUCTO_O_DEJAR_CODIGO_LEGACY,R6042,R6042,2,2,2,18484,2022-05-09 00:00:00,2024-10-04 00:00:00,12547 | 6769,"",""
"",MAPEAR_PRODUCTO_O_DEJAR_CODIGO_LEGACY,R6055,R6055,2,2,2,138638,2024-11-20 00:00:00,2024-11-25 00:00:00,12850 | 12886,"",""
"",MAPEAR_PRODUCTO_O_DEJAR_CODIGO_LEGACY,RETAR1,RETAR1,2,2,2,22800,2024-07-25 00:00:00,2024-11-13 00:00:00,11831 | 12694,"",""
"",MAPEAR_PRODUCTO_O_DEJAR_CODIGO_LEGACY,RULETAALTERNATIVA,ruletaalternativa,2,2,45,752535,2022-12-01 00:00:00,2022-12-01 00:00:00,7982 | 8251,"",""
"",MAPEAR_PRODUCTO_O_DEJAR_CODIGO_LEGACY,SALASIRIO,SALASIRIO,2,2,2,239496,2022-08-12 00:00:00,2022-09-14 00:00:00,7602 | 7603,"",""
"",MAPEAR_PRODUCTO_O_DEJAR_CODIGO_LEGACY,SILLA3AA,SILLA3AA,2,2,12,201600,2019-03-21 00:00:00,2019-07-24 00:00:00,2106 | 2561,"",""
"",MAPEAR_PRODUCTO_O_DEJAR_CODIGO_LEGACY,TANCAMANZANANEGRO,TANCAMANZANANEGRO,2,2,200,7600,2021-07-22 00:00:00,2021-07-22 00:00:00,5329 | 5364,"",""
"",MAPEAR_PRODUCTO_O_DEJAR_CODIGO_LEGACY,TERCIADOMUEBLISTA15X122X244,TERCIADOMUEBLISTA15X122X244,2,2,20,552940,2021-01-11 00:00:00,2021-01-11 00:00:00,4555 | 4556,"",""
"",MAPEAR_PRODUCTO_O_DEJAR_CODIGO_LEGACY,TIJERA,tijera,2,2,15,40920,2020-09-22 00:00:00,2021-10-07 00:00:00,4078 | 5948,"",""
"",MAPEAR_PRODUCTO_O_DEJAR_CODIGO_LEGACY,TOR0901,TOR0901,2,2,7,6410,2024-03-28 00:00:00,2024-10-29 00:00:00,11260 | 12636,"",""
"",MAPEAR_PRODUCTO_O_DEJAR_CODIGO_LEGACY,UNLJO710,unljo710,2,2,20,9550,2022-12-06 00:00:00,2024-03-28 00:00:00,11260 | 8151,"",""
"",MAPEAR_PRODUCTO_O_DEJAR_CODIGO_LEGACY,VELC250000AZMAR,VELC250000AZMAR,2,2,11,49780,2021-05-31 00:00:00,2024-02-22 00:00:00,11130 | 5070,"",""
"",MAPEAR_PRODUCTO_O_DEJAR_CODIGO_LEGACY,VELC250000BLANR,VELC250000BLANR,2,2,11,49780,2021-05-31 00:00:00,2024-02-22 00:00:00,11130 | 5070,"",""
"",MAPEAR_PRODUCTO_O_DEJAR_CODIGO_LEGACY,VELC500000BLANR,VELC500000BLANR,2,2,11,97700,2021-05-31 00:00:00,2024-02-22 00:00:00,11130 | 5070,"",""
"",MAPEAR_PRODUCTO_O_DEJAR_CODIGO_LEGACY,VELCRO5CMS.,VELCRO5CMS.,2,2,9,79500,2021-07-22 00:00:00,2021-08-23 00:00:00,5329 | 5371,"",""
"",MAPEAR_PRODUCTO_O_DEJAR_CODIGO_LEGACY,VIPUBLACK,VIPUBLACK,2,2,28,115304,2024-07-23 00:00:00,2024-07-25 00:00:00,11830 | 11831,"",""
"",MAPEAR_PRODUCTO_O_DEJAR_CODIGO_LEGACY,VTAS-003,VTAS-003,2,2,12,0,2017-01-30 00:00:00,2017-03-07 00:00:00,34 | 99,"",""
"",MAPEAR_PRODUCTO_O_DEJAR_CODIGO_LEGACY,WH708025,WH708025,2,2,184,352728,2025-04-15 00:00:00,2025-10-27 00:00:00,13956 | 15262,"",""
"",MAPEAR_PRODUCTO_O_DEJAR_CODIGO_LEGACY,00004,00004,1,1,50,163100,2024-08-30 00:00:00,2024-08-30 00:00:00,12750,"",""
"",MAPEAR_PRODUCTO_O_DEJAR_CODIGO_LEGACY,0001001,0001001,1,1,6,22662,2021-01-08 00:00:00,2021-01-08 00:00:00,4582,"",""
"",MAPEAR_PRODUCTO_O_DEJAR_CODIGO_LEGACY,00043,00043,1,1,50,163100,2024-08-30 00:00:00,2024-08-30 00:00:00,12750,"",""
"",MAPEAR_PRODUCTO_O_DEJAR_CODIGO_LEGACY,001002082003150,001002082003150,1,1,1160,4203840,2022-09-01 00:00:00,2022-09-01 00:00:00,7494,"",""
"",MAPEAR_PRODUCTO_O_DEJAR_CODIGO_LEGACY,001005102103150,001005102103150,1,1,40,171360,2022-06-16 00:00:00,2022-06-16 00:00:00,7528,"",""
"",MAPEAR_PRODUCTO_O_DEJAR_CODIGO_LEGACY,001005500203150,001005500203150,1,1,180,809640,2022-09-01 00:00:00,2022-09-01 00:00:00,7494,"",""
"",MAPEAR_PRODUCTO_O_DEJAR_CODIGO_LEGACY,0010056002403150,0010056002403150,1,1,180,809640,2022-09-01 00:00:00,2022-09-01 00:00:00,7494,"",""
"",MAPEAR_PRODUCTO_O_DEJAR_CODIGO_LEGACY,00147,00147,1,1,50,97500,2024-08-30 00:00:00,2024-08-30 00:00:00,12750,"",""
"",MAPEAR_PRODUCTO_O_DEJAR_CODIGO_LEGACY,005030999903300,005030999903300,1,1,4.9,31987.2,2022-06-16 00:00:00,2022-06-16 00:00:00,7528,"",""
"",MAPEAR_PRODUCTO_O_DEJAR_CODIGO_LEGACY,005032000303140,005032000303140,1,1,7,18564,2022-06-16 00:00:00,2022-06-16 00:00:00,7528,"",""
"",MAPEAR_PRODUCTO_O_DEJAR_CODIGO_LEGACY,009046999903150,009046999903150,1,1,2,2448,2022-06-16 00:00:00,2022-06-16 00:00:00,7528,"",""
"",MAPEAR_PRODUCTO_O_DEJAR_CODIGO_LEGACY,018,018,1,1,2,191200,2024-08-20 00:00:00,2024-08-20 00:00:00,12218,"",""
"",MAPEAR_PRODUCTO_O_DEJAR_CODIGO_LEGACY,020066212032,020066212032,1,1,3,26970,2024-11-13 00:00:00,2024-11-13 00:00:00,12730,"",""
"",MAPEAR_PRODUCTO_O_DEJAR_CODIGO_LEGACY,02887404039,02887404039,1,1,4,21480,2024-11-11 00:00:00,2024-11-11 00:00:00,12683,"",""
"",MAPEAR_PRODUCTO_O_DEJAR_CODIGO_LEGACY,0313008,0313008,1,1,178,0,2017-03-24 00:00:00,2017-03-24 00:00:00,142,"",""
"",MAPEAR_PRODUCTO_O_DEJAR_CODIGO_LEGACY,0313011,0313011,1,1,160,0,2017-03-24 00:00:00,2017-03-24 00:00:00,142,"",""
"",MAPEAR_PRODUCTO_O_DEJAR_CODIGO_LEGACY,050963228,050963228,1,1,11,14036,2022-06-17 00:00:00,2022-06-17 00:00:00,7536,"",""
"",MAPEAR_PRODUCTO_O_DEJAR_CODIGO_LEGACY,0700-01BL,0700-01BL,1,1,1,49990,2022-10-04 00:00:00,2022-10-04 00:00:00,7614,"",""
"",MAPEAR_PRODUCTO_O_DEJAR_CODIGO_LEGACY,088381196123,088381196123,1,1,2,18470,2024-11-20 00:00:00,2024-11-20 00:00:00,12760,"",""
"",MAPEAR_PRODUCTO_O_DEJAR_CODIGO_LEGACY,088381450300,088381450300,1,1,2,8050,2024-11-13 00:00:00,2024-11-13 00:00:00,12685,"",""
"",MAPEAR_PRODUCTO_O_DEJAR_CODIGO_LEGACY,10000104122508,10000104122508,1,1,4,59960,2025-04-28 00:00:00,2025-04-28 00:00:00,13934,"",""
"",MAPEAR_PRODUCTO_O_DEJAR_CODIGO_LEGACY,1000104022006,1000104022006,1,1,4,31960,2025-04-28 00:00:00,2025-04-28 00:00:00,13934,"",""
"",MAPEAR_PRODUCTO_O_DEJAR_CODIGO_LEGACY,10003740,10003740,1,1,400,64000,2022-09-30 00:00:00,2022-09-30 00:00:00,7584,"",""
"",MAPEAR_PRODUCTO_O_DEJAR_CODIGO_LEGACY,10004121,10004121,1,1,13,195000,2022-09-30 00:00:00,2022-09-30 00:00:00,7584,"",""
"",MAPEAR_PRODUCTO_O_DEJAR_CODIGO_LEGACY,100-15,100-15,1,1,97,448237,2022-09-12 00:00:00,2022-09-12 00:00:00,7604,"",""
"",MAPEAR_PRODUCTO_O_DEJAR_CODIGO_LEGACY,100314,100314,1,1,2,11600,2019-04-24 00:00:00,2019-04-24 00:00:00,2230,"",""
"",MAPEAR_PRODUCTO_O_DEJAR_CODIGO_LEGACY,1010402,1010402,1,1,100,4600,2024-07-22 00:00:00,2024-07-22 00:00:00,11822,"",""
"",MAPEAR_PRODUCTO_O_DEJAR_CODIGO_LEGACY,101470705620,101470705620,1,1,10,25300,2022-09-26 00:00:00,2022-09-26 00:00:00,7600,"",""
"",MAPEAR_PRODUCTO_O_DEJAR_CODIGO_LEGACY,1024,1024,1,1,10,15500,2021-05-03 00:00:00,2021-05-03 00:00:00,4968,"",""
"",MAPEAR_PRODUCTO_O_DEJAR_CODIGO_LEGACY,10412250,10412250,1,1,40,336280,2025-04-29 00:00:00,2025-04-29 00:00:00,14019,"",""
"",MAPEAR_PRODUCTO_O_DEJAR_CODIGO_LEGACY,1047,1047,1,1,500,18500,2025-01-06 00:00:00,2025-01-06 00:00:00,13361,"",""
"",MAPEAR_PRODUCTO_O_DEJAR_CODIGO_LEGACY,107101000202025,107101000202025,1,1,1,6120,2022-06-16 00:00:00,2022-06-16 00:00:00,7528,"",""
"",MAPEAR_PRODUCTO_O_DEJAR_CODIGO_LEGACY,1092,1092,1,1,4,11764,2022-12-14 00:00:00,2022-12-14 00:00:00,8098,"",""
"",MAPEAR_PRODUCTO_O_DEJAR_CODIGO_LEGACY,1095,1095,1,1,1,496,2022-12-14 00:00:00,2022-12-14 00:00:00,8098,"",""
"",MAPEAR_PRODUCTO_O_DEJAR_CODIGO_LEGACY,1-17-49-60-73,1-17-49-60-73,1,1,1,20252,2024-01-02 00:00:00,2024-01-02 00:00:00,10999,"",""
"",MAPEAR_PRODUCTO_O_DEJAR_CODIGO_LEGACY,1-2/3,1-2/3,1,1,1,158824,2024-07-24 00:00:00,2024-07-24 00:00:00,11833,"",""
"",MAPEAR_PRODUCTO_O_DEJAR_CODIGO_LEGACY,12749,12749,1,1,1,173599,2024-05-13 00:00:00,2024-05-13 00:00:00,11721,"",""
"",MAPEAR_PRODUCTO_O_DEJAR_CODIGO_LEGACY,1314016,1314016,1,1,24,0,2017-02-08 00:00:00,2017-02-08 00:00:00,50,"",""
"",MAPEAR_PRODUCTO_O_DEJAR_CODIGO_LEGACY,1314019,1314019,1,1,180,0,2017-03-01 00:00:00,2017-03-01 00:00:00,90,"",""
"",MAPEAR_PRODUCTO_O_DEJAR_CODIGO_LEGACY,1314021,1314021,1,1,3,0,2017-03-07 00:00:00,2017-03-07 00:00:00,102,"",""
"",MAPEAR_PRODUCTO_O_DEJAR_CODIGO_LEGACY,1314028,1314028,1,1,16,73952,2021-05-04 00:00:00,2021-05-04 00:00:00,4942,"",""
"",MAPEAR_PRODUCTO_O_DEJAR_CODIGO_LEGACY,1314039,1314039,1,1,200,2452200,2022-05-19 00:00:00,2022-05-19 00:00:00,7353,"",""
"",MAPEAR_PRODUCTO_O_DEJAR_CODIGO_LEGACY,1314054,1314054,1,1,16,0,2017-02-16 00:00:00,2017-02-16 00:00:00,69,"",""
"",MAPEAR_PRODUCTO_O_DEJAR_CODIGO_LEGACY,1314066,1314066,1,1,3,40200,2021-03-15 00:00:00,2021-03-15 00:00:00,4769,"",""
"",MAPEAR_PRODUCTO_O_DEJAR_CODIGO_LEGACY,1314069,1314069,1,1,3,13500,2021-03-15 00:00:00,2021-03-15 00:00:00,4769,"",""
"",MAPEAR_PRODUCTO_O_DEJAR_CODIGO_LEGACY,1314070,1314070,1,1,2,7600,2018-02-27 00:00:00,2018-02-27 00:00:00,1380,"",""
"",MAPEAR_PRODUCTO_O_DEJAR_CODIGO_LEGACY,1314077,1314077,1,1,125,0,2017-02-08 00:00:00,2017-02-08 00:00:00,60,"",""
"",MAPEAR_PRODUCTO_O_DEJAR_CODIGO_LEGACY,1314079,1314079,1,1,1,672,2018-01-31 00:00:00,2018-01-31 00:00:00,1473,"",""
"",MAPEAR_PRODUCTO_O_DEJAR_CODIGO_LEGACY,1314089,1314089,1,1,6,28818,2018-03-01 00:00:00,2018-03-01 00:00:00,1404,"",""
"",MAPEAR_PRODUCTO_O_DEJAR_CODIGO_LEGACY,1314095,1314095,1,1,35.2,0,2017-03-01 00:00:00,2017-03-01 00:00:00,87,"",""
"",MAPEAR_PRODUCTO_O_DEJAR_CODIGO_LEGACY,1314150,1314150,1,1,1,0,2017-01-25 00:00:00,2017-01-25 00:00:00,31,"",""
"",MAPEAR_PRODUCTO_O_DEJAR_CODIGO_LEGACY,1314151,1314151,1,1,0.25,4202,2017-01-25 00:00:00,2017-01-25 00:00:00,31,"",""
"",MAPEAR_PRODUCTO_O_DEJAR_CODIGO_LEGACY,1314152,1314152,1,1,0.15,3138.6,2017-01-25 00:00:00,2017-01-25 00:00:00,31,"",""
"",MAPEAR_PRODUCTO_O_DEJAR_CODIGO_LEGACY,1314153,1314153,1,1,0.15,2382.2999999999997,2017-01-25 00:00:00,2017-01-25 00:00:00,31,"",""
"",MAPEAR_PRODUCTO_O_DEJAR_CODIGO_LEGACY,1314154,1314154,1,1,1,0,2017-01-30 00:00:00,2017-01-30 00:00:00,35,"",""
"",MAPEAR_PRODUCTO_O_DEJAR_CODIGO_LEGACY,1314158,1314158,1,1,1,0,2017-02-08 00:00:00,2017-02-08 00:00:00,50,"",""
"",MAPEAR_PRODUCTO_O_DEJAR_CODIGO_LEGACY,1314161,1314161,1,1,25,0,2017-02-08 00:00:00,2017-02-08 00:00:00,60,"",""
"",MAPEAR_PRODUCTO_O_DEJAR_CODIGO_LEGACY,1314164,1314164,1,1,12,0,2017-02-08 00:00:00,2017-02-08 00:00:00,60,"",""
"",MAPEAR_PRODUCTO_O_DEJAR_CODIGO_LEGACY,1314171,1314171,1,1,2,0,2017-02-24 00:00:00,2017-02-24 00:00:00,82,"",""
"",MAPEAR_PRODUCTO_O_DEJAR_CODIGO_LEGACY,1314172,1314172,1,1,54,0,2017-03-08 00:00:00,2017-03-08 00:00:00,106,"",""
"",MAPEAR_PRODUCTO_O_DEJAR_CODIGO_LEGACY,1314173,1314173,1,1,12,0,2017-03-08 00:00:00,2017-03-08 00:00:00,107,"",""
"",MAPEAR_PRODUCTO_O_DEJAR_CODIGO_LEGACY,1314174,1314174,1,1,12,0,2017-03-08 00:00:00,2017-03-08 00:00:00,107,"",""
"",MAPEAR_PRODUCTO_O_DEJAR_CODIGO_LEGACY,1314175,1314175,1,1,6,0,2017-03-08 00:00:00,2017-03-08 00:00:00,107,"",""
"",MAPEAR_PRODUCTO_O_DEJAR_CODIGO_LEGACY,1314176,1314176,1,1,6,0,2017-03-08 00:00:00,2017-03-08 00:00:00,107,"",""
"",MAPEAR_PRODUCTO_O_DEJAR_CODIGO_LEGACY,1314177,1314177,1,1,540,0,2017-03-08 00:00:00,2017-03-08 00:00:00,108,"",""
"",MAPEAR_PRODUCTO_O_DEJAR_CODIGO_LEGACY,1314178,1314178,1,1,3,0,2017-03-08 00:00:00,2017-03-08 00:00:00,108,"",""
"",MAPEAR_PRODUCTO_O_DEJAR_CODIGO_LEGACY,1314179,1314179,1,1,11,14674,2019-03-04 00:00:00,2019-03-04 00:00:00,2159,"",""
"",MAPEAR_PRODUCTO_O_DEJAR_CODIGO_LEGACY,1314182,1314182,1,1,24,4080,2021-03-15 00:00:00,2021-03-15 00:00:00,4772,"",""
"",MAPEAR_PRODUCTO_O_DEJAR_CODIGO_LEGACY,1314186,1314186,1,1,1,58025,2024-04-03 00:00:00,2024-04-03 00:00:00,11263,"",""
"",MAPEAR_PRODUCTO_O_DEJAR_CODIGO_LEGACY,1314195,1314195,1,1,5.86,13964.380000000001,2019-02-06 00:00:00,2019-02-06 00:00:00,1979,"",""
"",MAPEAR_PRODUCTO_O_DEJAR_CODIGO_LEGACY,1314196,1314196,1,1,101,49490,2018-02-22 00:00:00,2018-02-22 00:00:00,1363,"",""
"",MAPEAR_PRODUCTO_O_DEJAR_CODIGO_LEGACY,1314204,1314204,1,1,50,2500,2018-01-31 00:00:00,2018-01-31 00:00:00,1473,"",""
"",MAPEAR_PRODUCTO_O_DEJAR_CODIGO_LEGACY,1314205,1314205,1,1,1,1261,2018-01-31 00:00:00,2018-01-31 00:00:00,1473,"",""
"",MAPEAR_PRODUCTO_O_DEJAR_CODIGO_LEGACY,1314207,1314207,1,1,1,505,2018-01-31 00:00:00,2018-01-31 00:00:00,1473,"",""
"",MAPEAR_PRODUCTO_O_DEJAR_CODIGO_LEGACY,1314214,1314214,1,1,100,4800,2021-07-22 00:00:00,2021-07-22 00:00:00,5364,"",""
"",MAPEAR_PRODUCTO_O_DEJAR_CODIGO_LEGACY,1314231,1314231,1,1,15,49035,2017-10-31 00:00:00,2017-10-31 00:00:00,831,"",""
"",MAPEAR_PRODUCTO_O_DEJAR_CODIGO_LEGACY,1314232,1314232,1,1,50,59800,2018-03-22 00:00:00,2018-03-22 00:00:00,1478,"",""
"",MAPEAR_PRODUCTO_O_DEJAR_CODIGO_LEGACY,1314239,1314239,1,1,2,14800,2019-02-06 00:00:00,2019-02-06 00:00:00,1982,"",""
"",MAPEAR_PRODUCTO_O_DEJAR_CODIGO_LEGACY,1314240,1314240,1,1,3,9690,2019-02-06 00:00:00,2019-02-06 00:00:00,1982,"",""
"",MAPEAR_PRODUCTO_O_DEJAR_CODIGO_LEGACY,1314249,1314249,1,1,4,9716,2018-03-05 00:00:00,2018-03-05 00:00:00,1409,"",""
"",MAPEAR_PRODUCTO_O_DEJAR_CODIGO_LEGACY,1314252,1314252,1,1,30,17700,2021-03-15 00:00:00,2021-03-15 00:00:00,4771,"",""
"",MAPEAR_PRODUCTO_O_DEJAR_CODIGO_LEGACY,1314253,1314253,1,1,33.6,87024,2020-09-22 00:00:00,2020-09-22 00:00:00,4077,"",""
"",MAPEAR_PRODUCTO_O_DEJAR_CODIGO_LEGACY,1314255,1314255,1,1,12,4032,2018-03-06 00:00:00,2018-03-06 00:00:00,1405,"",""
"",MAPEAR_PRODUCTO_O_DEJAR_CODIGO_LEGACY,1314270,1314270,1,1,5,8900,2021-05-03 00:00:00,2021-05-03 00:00:00,4949,"",""
"",MAPEAR_PRODUCTO_O_DEJAR_CODIGO_LEGACY,1320002,1320002,1,1,19,13110,2021-07-22 00:00:00,2021-07-22 00:00:00,5372,"",""
"",MAPEAR_PRODUCTO_O_DEJAR_CODIGO_LEGACY,1324260,1324260,1,1,15,26700,2019-02-06 00:00:00,2019-02-06 00:00:00,1982,"",""
"",MAPEAR_PRODUCTO_O_DEJAR_CODIGO_LEGACY,1324264,1324264,1,1,30,46200,2021-03-15 00:00:00,2021-03-15 00:00:00,4769,"",""
"",MAPEAR_PRODUCTO_O_DEJAR_CODIGO_LEGACY,1324265,1324265,1,1,15,23100,2021-03-15 00:00:00,2021-03-15 00:00:00,4769,"",""
"",MAPEAR_PRODUCTO_O_DEJAR_CODIGO_LEGACY,1324266,1324266,1,1,15,23100,2021-03-15 00:00:00,2021-03-15 00:00:00,4769,"",""
"",MAPEAR_PRODUCTO_O_DEJAR_CODIGO_LEGACY,1326265,1326265,1,1,150,403500,2021-02-09 00:00:00,2021-02-09 00:00:00,4926,"",""
"",MAPEAR_PRODUCTO_O_DEJAR_CODIGO_LEGACY,1326276,1326276,1,1,1,60500,2020-06-03 00:00:00,2020-06-03 00:00:00,3789,"",""
"",MAPEAR_PRODUCTO_O_DEJAR_CODIGO_LEGACY,1326280,1326280,1,1,4,840,2018-02-28 00:00:00,2018-02-28 00:00:00,1467,"",""
"",MAPEAR_PRODUCTO_O_DEJAR_CODIGO_LEGACY,1326281,1326281,1,1,2,1680,2018-01-31 00:00:00,2018-01-31 00:00:00,1473,"",""
"",MAPEAR_PRODUCTO_O_DEJAR_CODIGO_LEGACY,1326282,1326282,1,1,10,1260,2018-01-31 00:00:00,2018-01-31 00:00:00,1473,"",""
"",MAPEAR_PRODUCTO_O_DEJAR_CODIGO_LEGACY,1326283,1326283,1,1,1,840,2018-01-31 00:00:00,2018-01-31 00:00:00,1473,"",""
"",MAPEAR_PRODUCTO_O_DEJAR_CODIGO_LEGACY,1326284,1326284,1,1,1,1260,2018-01-31 00:00:00,2018-01-31 00:00:00,1473,"",""
"",MAPEAR_PRODUCTO_O_DEJAR_CODIGO_LEGACY,1326285,1326285,1,1,1,210,2018-01-31 00:00:00,2018-01-31 00:00:00,1473,"",""
"",MAPEAR_PRODUCTO_O_DEJAR_CODIGO_LEGACY,1326286,1326286,1,1,1,252,2018-01-31 00:00:00,2018-01-31 00:00:00,1473,"",""
"",MAPEAR_PRODUCTO_O_DEJAR_CODIGO_LEGACY,1326287,1326287,1,1,1,9000,2018-03-20 00:00:00,2018-03-20 00:00:00,1472,"",""
"",MAPEAR_PRODUCTO_O_DEJAR_CODIGO_LEGACY,1326288,1326288,1,1,2,3960,2018-03-20 00:00:00,2018-03-20 00:00:00,1472,"",""
"",MAPEAR_PRODUCTO_O_DEJAR_CODIGO_LEGACY,1326289,1326289,1,1,5,125,2018-01-31 00:00:00,2018-01-31 00:00:00,1473,"",""
"",MAPEAR_PRODUCTO_O_DEJAR_CODIGO_LEGACY,1326293,1326293,1,1,20,66900,2021-08-23 00:00:00,2021-08-23 00:00:00,5370,"",""
"",MAPEAR_PRODUCTO_O_DEJAR_CODIGO_LEGACY,1326294,1326294,1,1,183,424560,2019-12-18 00:00:00,2019-12-18 00:00:00,3200,"",""
"",MAPEAR_PRODUCTO_O_DEJAR_CODIGO_LEGACY,1326295,1326295,1,1,100,1700,2019-02-06 00:00:00,2019-02-06 00:00:00,1982,"",""
"",MAPEAR_PRODUCTO_O_DEJAR_CODIGO_LEGACY,132669,132669,1,1,1500,135000,2022-08-17 00:00:00,2022-08-17 00:00:00,7350,"",""
"",MAPEAR_PRODUCTO_O_DEJAR_CODIGO_LEGACY,132675,132675,1,1,0,0,2021-09-23 00:00:00,2021-09-23 00:00:00,5511,"",""
"",MAPEAR_PRODUCTO_O_DEJAR_CODIGO_LEGACY,13306900,13306900,1,1,1,5034,2019-02-28 00:00:00,2019-02-28 00:00:00,2073,"",""
"",MAPEAR_PRODUCTO_O_DEJAR_CODIGO_LEGACY,1514,1514,1,1,387,796833,2026-02-04 00:00:00,2026-02-04 00:00:00,16005,"",""
"",MAPEAR_PRODUCTO_O_DEJAR_CODIGO_LEGACY,1535,1535,1,1,72,161784,2026-02-04 00:00:00,2026-02-04 00:00:00,16005,"",""
"",MAPEAR_PRODUCTO_O_DEJAR_CODIGO_LEGACY,16075X,16075X,1,1,5,70965,2024-11-12 00:00:00,2024-11-12 00:00:00,12682,"",""
"",MAPEAR_PRODUCTO_O_DEJAR_CODIGO_LEGACY,1639300588,1639300588,1,1,10000,1200000,2024-12-03 00:00:00,2024-12-03 00:00:00,12992,"",""
"",MAPEAR_PRODUCTO_O_DEJAR_CODIGO_LEGACY,165077,165077,1,1,1,6126,2024-11-04 00:00:00,2024-11-04 00:00:00,12653,"",""
"",MAPEAR_PRODUCTO_O_DEJAR_CODIGO_LEGACY,1684,1684,1,1,1,3185,2022-09-06 00:00:00,2022-09-06 00:00:00,7497,"",""
"",MAPEAR_PRODUCTO_O_DEJAR_CODIGO_LEGACY,16867X,16867X,1,1,1,13436,2024-11-04 00:00:00,2024-11-04 00:00:00,12653,"",""
"",MAPEAR_PRODUCTO_O_DEJAR_CODIGO_LEGACY,168726,168726,1,1,3,14043,2024-11-04 00:00:00,2024-11-04 00:00:00,12653,"",""
"",MAPEAR_PRODUCTO_O_DEJAR_CODIGO_LEGACY,168734,168734,1,1,1,19319,2024-11-04 00:00:00,2024-11-04 00:00:00,12653,"",""
"",MAPEAR_PRODUCTO_O_DEJAR_CODIGO_LEGACY,1753,1753,1,1,1,3500,2022-04-20 00:00:00,2022-04-20 00:00:00,6595,"",""
"",MAPEAR_PRODUCTO_O_DEJAR_CODIGO_LEGACY,1816802,1816802,1,1,1,11840,2024-11-06 00:00:00,2024-11-06 00:00:00,12648,"",""
"",MAPEAR_PRODUCTO_O_DEJAR_CODIGO_LEGACY,1839,1839,1,1,1,9235,2022-12-14 00:00:00,2022-12-14 00:00:00,8098,"",""
"",MAPEAR_PRODUCTO_O_DEJAR_CODIGO_LEGACY,2000323044420,2000323044420,1,1,1,102900,2024-11-08 00:00:00,2024-11-08 00:00:00,12674,"",""
"",MAPEAR_PRODUCTO_O_DEJAR_CODIGO_LEGACY,2000399286564,2000399286564,1,1,1,69900,2024-11-08 00:00:00,2024-11-08 00:00:00,12674,"",""
"",MAPEAR_PRODUCTO_O_DEJAR_CODIGO_LEGACY,2000399286915,2000399286915,1,1,1,79900,2024-11-08 00:00:00,2024-11-08 00:00:00,12674,"",""
"",MAPEAR_PRODUCTO_O_DEJAR_CODIGO_LEGACY,20030C30CXM1,20030C30CXM1,1,1,250,26750,2025-08-25 00:00:00,2025-08-25 00:00:00,14906,"",""
"",MAPEAR_PRODUCTO_O_DEJAR_CODIGO_LEGACY,200984,200984,1,1,3,2580,2019-04-24 00:00:00,2019-04-24 00:00:00,2230,"",""
"",MAPEAR_PRODUCTO_O_DEJAR_CODIGO_LEGACY,20107,20107,1,1,2,15000,2024-08-30 00:00:00,2024-08-30 00:00:00,12750,"",""
"",MAPEAR_PRODUCTO_O_DEJAR_CODIGO_LEGACY,2011000002123,2011000002123,1,1,3,15153,2021-06-01 00:00:00,2021-06-01 00:00:00,5072,"",""
"",MAPEAR_PRODUCTO_O_DEJAR_CODIGO_LEGACY,2011000002144,2011000002144,1,1,15,228105,2025-12-19 00:00:00,2025-12-19 00:00:00,15881,"",""
"",MAPEAR_PRODUCTO_O_DEJAR_CODIGO_LEGACY,2011000002165,2011000002165,1,1,6,65226,2024-03-13 00:00:00,2024-03-13 00:00:00,11103,"",""
"",MAPEAR_PRODUCTO_O_DEJAR_CODIGO_LEGACY,2011000002166,2011000002166,1,1,2,26090,2024-10-01 00:00:00,2024-10-01 00:00:00,12522,"",""
"",MAPEAR_PRODUCTO_O_DEJAR_CODIGO_LEGACY,2011000002187,2011000002187,1,1,2,4236,2022-09-20 00:00:00,2022-09-20 00:00:00,7441,"",""
"",MAPEAR_PRODUCTO_O_DEJAR_CODIGO_LEGACY,2011000002200,2011000002200,1,1,1,4842,2022-08-23 00:00:00,2022-08-23 00:00:00,7319,"",""
"",MAPEAR_PRODUCTO_O_DEJAR_CODIGO_LEGACY,2011000002208,2011000002208,1,1,10,22500,2025-10-01 00:00:00,2025-10-01 00:00:00,15123,"",""
"",MAPEAR_PRODUCTO_O_DEJAR_CODIGO_LEGACY,2011002199,2011002199,1,1,2,10180,2021-03-19 00:00:00,2021-03-19 00:00:00,4801,"",""
"",MAPEAR_PRODUCTO_O_DEJAR_CODIGO_LEGACY,201115,201115,1,1,2,8600,2019-04-24 00:00:00,2019-04-24 00:00:00,2230,"",""
"",MAPEAR_PRODUCTO_O_DEJAR_CODIGO_LEGACY,20112,20112,1,1,4,24400,2026-02-03 00:00:00,2026-02-03 00:00:00,16003,"",""
"",MAPEAR_PRODUCTO_O_DEJAR_CODIGO_LEGACY,2011379,2011379,1,1,1,2512,2024-11-26 00:00:00,2024-11-26 00:00:00,12837,"",""
"",MAPEAR_PRODUCTO_O_DEJAR_CODIGO_LEGACY,201201056013050,201201056013050,1,1,10,107040,2022-09-01 00:00:00,2022-09-01 00:00:00,7494,"",""
"",MAPEAR_PRODUCTO_O_DEJAR_CODIGO_LEGACY,2068,2068,1,1,1,1588,2024-05-29 00:00:00,2024-05-29 00:00:00,11744,"",""
"",MAPEAR_PRODUCTO_O_DEJAR_CODIGO_LEGACY,2090001428338,2090001428338,1,1,2,1700,2024-11-15 00:00:00,2024-11-15 00:00:00,12732,"",""
"",MAPEAR_PRODUCTO_O_DEJAR_CODIGO_LEGACY,2090001556888,2090001556888,1,1,1,9990,2024-11-15 00:00:00,2024-11-15 00:00:00,12732,"",""
"",MAPEAR_PRODUCTO_O_DEJAR_CODIGO_LEGACY,2090001556901,2090001556901,1,1,2,13980,2024-11-15 00:00:00,2024-11-15 00:00:00,12732,"",""
"",MAPEAR_PRODUCTO_O_DEJAR_CODIGO_LEGACY,2090001556949,2090001556949,1,1,2,13980,2024-11-15 00:00:00,2024-11-15 00:00:00,12732,"",""
"",MAPEAR_PRODUCTO_O_DEJAR_CODIGO_LEGACY,2090001557113,2090001557113,1,1,3,5970,2024-11-15 00:00:00,2024-11-15 00:00:00,12732,"",""
"",MAPEAR_PRODUCTO_O_DEJAR_CODIGO_LEGACY,22112139,22112139,1,1,3,50898,2020-10-07 00:00:00,2020-10-07 00:00:00,4127,"",""
"",MAPEAR_PRODUCTO_O_DEJAR_CODIGO_LEGACY,2258,2258,1,1,1,2647,2022-04-20 00:00:00,2022-04-20 00:00:00,6595,"",""
"",MAPEAR_PRODUCTO_O_DEJAR_CODIGO_LEGACY,2271,2271,1,1,2,15966,2022-09-12 00:00:00,2022-09-12 00:00:00,7496,"",""
"",MAPEAR_PRODUCTO_O_DEJAR_CODIGO_LEGACY,23604000,23604000,1,1,1,10076,2019-02-28 00:00:00,2019-02-28 00:00:00,2073,"",""
"",MAPEAR_PRODUCTO_O_DEJAR_CODIGO_LEGACY,24-40,24-40,1,1,4,498496,2025-05-14 00:00:00,2025-05-14 00:00:00,14133,"",""
"",MAPEAR_PRODUCTO_O_DEJAR_CODIGO_LEGACY,24LAMINA25CM24,24lamina25cm24,1,1,10,1057500,2022-11-30 00:00:00,2022-11-30 00:00:00,7901,"",""
"",MAPEAR_PRODUCTO_O_DEJAR_CODIGO_LEGACY,25120,25120,1,1,10,14570,2022-07-25 00:00:00,2022-07-25 00:00:00,7245,"",""
"",MAPEAR_PRODUCTO_O_DEJAR_CODIGO_LEGACY,25441,25441,1,1,4,8404,2019-04-29 00:00:00,2019-04-29 00:00:00,2231,"",""
"",MAPEAR_PRODUCTO_O_DEJAR_CODIGO_LEGACY,260501,260501,1,1,1,7554,2019-05-08 00:00:00,2019-05-08 00:00:00,2253,"",""
"",MAPEAR_PRODUCTO_O_DEJAR_CODIGO_LEGACY,261742,261742,1,1,2,16788,2019-05-08 00:00:00,2019-05-08 00:00:00,2253,"",""
"",MAPEAR_PRODUCTO_O_DEJAR_CODIGO_LEGACY,265141,265141,1,1,1,10915,2019-05-08 00:00:00,2019-05-08 00:00:00,2253,"",""
"",MAPEAR_PRODUCTO_O_DEJAR_CODIGO_LEGACY,29955,29955,1,1,2,6638,2024-11-12 00:00:00,2024-11-12 00:00:00,12676,"",""
"",MAPEAR_PRODUCTO_O_DEJAR_CODIGO_LEGACY,30107,30107,1,1,4,13272,2025-12-31 00:00:00,2025-12-31 00:00:00,15874,"",""
"",MAPEAR_PRODUCTO_O_DEJAR_CODIGO_LEGACY,30200,30200,1,1,4,24572,2026-02-03 00:00:00,2026-02-03 00:00:00,16003,"",""
"",MAPEAR_PRODUCTO_O_DEJAR_CODIGO_LEGACY,3020100080050,3020100080050,1,1,1,32690,2024-01-16 00:00:00,2024-01-16 00:00:00,11207,"",""
"",MAPEAR_PRODUCTO_O_DEJAR_CODIGO_LEGACY,30205,30205,1,1,15,120150,2024-11-12 00:00:00,2024-11-12 00:00:00,12711,"",""
"",MAPEAR_PRODUCTO_O_DEJAR_CODIGO_LEGACY,3061,3061,1,1,15,80640,2021-12-28 00:00:00,2021-12-28 00:00:00,5863,"",""
"",MAPEAR_PRODUCTO_O_DEJAR_CODIGO_LEGACY,3070,3070,1,1,15,80640,2021-12-28 00:00:00,2021-12-28 00:00:00,5863,"",""
"",MAPEAR_PRODUCTO_O_DEJAR_CODIGO_LEGACY,309314X,309314x,1,1,1,117638,2024-11-26 00:00:00,2024-11-26 00:00:00,12837,"",""
"",MAPEAR_PRODUCTO_O_DEJAR_CODIGO_LEGACY,3100000002220,3100000002220,1,1,10,143380,2024-11-12 00:00:00,2024-11-12 00:00:00,12679,"",""
"",MAPEAR_PRODUCTO_O_DEJAR_CODIGO_LEGACY,3100000002229,3100000002229,1,1,1,35845,2025-12-19 00:00:00,2025-12-19 00:00:00,15881,"",""
"",MAPEAR_PRODUCTO_O_DEJAR_CODIGO_LEGACY,3100000002247,3100000002247,1,1,15,217275,2024-10-22 00:00:00,2024-10-22 00:00:00,12585,"",""
"",MAPEAR_PRODUCTO_O_DEJAR_CODIGO_LEGACY,310000000225,310000000225,1,1,4,173820,2025-02-05 00:00:00,2025-02-05 00:00:00,13437,"",""
"",MAPEAR_PRODUCTO_O_DEJAR_CODIGO_LEGACY,3100000002272,3100000002272,1,1,6,112164,2026-01-16 00:00:00,2026-01-16 00:00:00,15976,"",""
"",MAPEAR_PRODUCTO_O_DEJAR_CODIGO_LEGACY,3100000002291,3100000002291,1,1,1,7508,2024-10-01 00:00:00,2024-10-01 00:00:00,12523,"",""
"",MAPEAR_PRODUCTO_O_DEJAR_CODIGO_LEGACY,3100000002304,3100000002304,1,1,1,56312,2024-01-11 00:00:00,2024-01-11 00:00:00,10971,"",""
"",MAPEAR_PRODUCTO_O_DEJAR_CODIGO_LEGACY,310000002234,310000002234,1,1,4,238772,2022-12-29 00:00:00,2022-12-29 00:00:00,8197,"",""
"",MAPEAR_PRODUCTO_O_DEJAR_CODIGO_LEGACY,310000002248,310000002248,1,1,110,1955580,2022-10-19 00:00:00,2022-10-19 00:00:00,7675,"",""
"",MAPEAR_PRODUCTO_O_DEJAR_CODIGO_LEGACY,310000002286,310000002286,1,1,4,338372,2022-12-20 00:00:00,2022-12-20 00:00:00,8037,"",""
"",MAPEAR_PRODUCTO_O_DEJAR_CODIGO_LEGACY,3100002227,3100002227,1,1,2,111750,2020-08-14 00:00:00,2020-08-14 00:00:00,3963,"",""
"",MAPEAR_PRODUCTO_O_DEJAR_CODIGO_LEGACY,3100002270,3100002270,1,1,6,93234,2021-03-19 00:00:00,2021-03-19 00:00:00,4805,"",""
"",MAPEAR_PRODUCTO_O_DEJAR_CODIGO_LEGACY,31002197,31002197,1,1,3,54243,2020-08-07 00:00:00,2020-08-07 00:00:00,3906,"",""
"",MAPEAR_PRODUCTO_O_DEJAR_CODIGO_LEGACY,31002198,31002198,1,1,3,189840,2020-08-14 00:00:00,2020-08-14 00:00:00,3962,"",""
"",MAPEAR_PRODUCTO_O_DEJAR_CODIGO_LEGACY,31002199,31002199,1,1,1,77370,2020-12-22 00:00:00,2020-12-22 00:00:00,4615,"",""
"",MAPEAR_PRODUCTO_O_DEJAR_CODIGO_LEGACY,31002218,31002218,1,1,110,897160,2020-10-07 00:00:00,2020-10-07 00:00:00,4127,"",""
"",MAPEAR_PRODUCTO_O_DEJAR_CODIGO_LEGACY,31002274,31002274,1,1,4,71508,2020-06-12 00:00:00,2020-06-12 00:00:00,3829,"",""
"",MAPEAR_PRODUCTO_O_DEJAR_CODIGO_LEGACY,31016N16CM1,31016N16CM1,1,1,250,12500,2025-08-25 00:00:00,2025-08-25 00:00:00,14906,"",""
"",MAPEAR_PRODUCTO_O_DEJAR_CODIGO_LEGACY,31018N18CM1,31018N18CM1,1,1,250,13250,2025-08-25 00:00:00,2025-08-25 00:00:00,14906,"",""
"",MAPEAR_PRODUCTO_O_DEJAR_CODIGO_LEGACY,31025N25CM1,31025N25CM1,1,1,250,13750,2025-08-25 00:00:00,2025-08-25 00:00:00,14906,"",""
"",MAPEAR_PRODUCTO_O_DEJAR_CODIGO_LEGACY,3242803,3242803,1,1,1,10327,2024-11-04 00:00:00,2024-11-04 00:00:00,12653,"",""
"",MAPEAR_PRODUCTO_O_DEJAR_CODIGO_LEGACY,3242846,3242846,1,1,1,15283,2024-11-04 00:00:00,2024-11-04 00:00:00,12653,"",""
"",MAPEAR_PRODUCTO_O_DEJAR_CODIGO_LEGACY,3334163,3334163,1,1,1,7840,2024-11-06 00:00:00,2024-11-06 00:00:00,12654,"",""
"",MAPEAR_PRODUCTO_O_DEJAR_CODIGO_LEGACY,350137X,350137x,1,1,4,5344,2024-11-06 00:00:00,2024-11-06 00:00:00,12648,"",""
"",MAPEAR_PRODUCTO_O_DEJAR_CODIGO_LEGACY,3560,3560,1,1,6,1008,2024-05-29 00:00:00,2024-05-29 00:00:00,11744,"",""
"",MAPEAR_PRODUCTO_O_DEJAR_CODIGO_LEGACY,364085X,364085X,1,1,1,2512,2024-11-04 00:00:00,2024-11-04 00:00:00,12653,"",""
"",MAPEAR_PRODUCTO_O_DEJAR_CODIGO_LEGACY,3805662,3805662,1,1,4,6688,2024-11-06 00:00:00,2024-11-06 00:00:00,12648,"",""
"",MAPEAR_PRODUCTO_O_DEJAR_CODIGO_LEGACY,3866386,3866386,1,1,1,8394,2024-11-06 00:00:00,2024-11-06 00:00:00,12648,"",""
"",MAPEAR_PRODUCTO_O_DEJAR_CODIGO_LEGACY,400736077523,400736077523,1,1,1,42008,2019-02-10 00:00:00,2019-02-10 00:00:00,2092,"",""
"",MAPEAR_PRODUCTO_O_DEJAR_CODIGO_LEGACY,4011050003021X2,4011050003021x2,1,1,1,30600,2022-06-16 00:00:00,2022-06-16 00:00:00,7528,"",""
"",MAPEAR_PRODUCTO_O_DEJAR_CODIGO_LEGACY,4011287,4011287,1,1,10,69900,2024-02-08 00:00:00,2024-02-08 00:00:00,10982,"",""
"",MAPEAR_PRODUCTO_O_DEJAR_CODIGO_LEGACY,4014170008011X2,4014170008011x2,1,1,1,8571,2022-06-16 00:00:00,2022-06-16 00:00:00,7528,"",""
"",MAPEAR_PRODUCTO_O_DEJAR_CODIGO_LEGACY,421742X,421742X,1,1,1,5064,2024-11-06 00:00:00,2024-11-06 00:00:00,12648,"",""
"",MAPEAR_PRODUCTO_O_DEJAR_CODIGO_LEGACY,436623,436623,1,1,3,26445,2024-11-04 00:00:00,2024-11-04 00:00:00,12653,"",""
"",MAPEAR_PRODUCTO_O_DEJAR_CODIGO_LEGACY,44533,44533,1,1,2,23690,2024-01-10 00:00:00,2024-01-10 00:00:00,11214,"",""
"",MAPEAR_PRODUCTO_O_DEJAR_CODIGO_LEGACY,452017,452017,1,1,2,23360,2019-05-08 00:00:00,2019-05-08 00:00:00,2253,"",""
"",MAPEAR_PRODUCTO_O_DEJAR_CODIGO_LEGACY,50119,50119,1,1,4,16660,2024-02-14 00:00:00,2024-02-14 00:00:00,11225,"",""
"",MAPEAR_PRODUCTO_O_DEJAR_CODIGO_LEGACY,50720,50720,1,1,728,138320,2025-12-31 00:00:00,2025-12-31 00:00:00,15874,"",""
"",MAPEAR_PRODUCTO_O_DEJAR_CODIGO_LEGACY,50721,50721,1,1,728,138320,2025-12-31 00:00:00,2025-12-31 00:00:00,15874,"",""
"",MAPEAR_PRODUCTO_O_DEJAR_CODIGO_LEGACY,50734,50734,1,1,728,138320,2025-12-31 00:00:00,2025-12-31 00:00:00,15874,"",""
"",MAPEAR_PRODUCTO_O_DEJAR_CODIGO_LEGACY,50736,50736,1,1,728,138320,2025-12-31 00:00:00,2025-12-31 00:00:00,15874,"",""
"",MAPEAR_PRODUCTO_O_DEJAR_CODIGO_LEGACY,5216200306988,5216200306988,1,1,40,183560,2022-12-14 00:00:00,2022-12-14 00:00:00,8092,"",""
"",MAPEAR_PRODUCTO_O_DEJAR_CODIGO_LEGACY,522038,522038,1,1,6,59940,2024-09-03 00:00:00,2024-09-03 00:00:00,12404,"",""
"",MAPEAR_PRODUCTO_O_DEJAR_CODIGO_LEGACY,5302498,5302498,1,1,1,37806,2024-11-06 00:00:00,2024-11-06 00:00:00,12648,"",""
"",MAPEAR_PRODUCTO_O_DEJAR_CODIGO_LEGACY,5312094,5312094,1,1,1,50411,2024-11-26 00:00:00,2024-11-26 00:00:00,12837,"",""
"",MAPEAR_PRODUCTO_O_DEJAR_CODIGO_LEGACY,534,534,1,1,1,86156,2021-06-03 00:00:00,2021-06-03 00:00:00,5066,"",""
"",MAPEAR_PRODUCTO_O_DEJAR_CODIGO_LEGACY,5377749,5377749,1,1,1,8395,2024-11-04 00:00:00,2024-11-04 00:00:00,12653,"",""
"",MAPEAR_PRODUCTO_O_DEJAR_CODIGO_LEGACY,5522,5522,1,1,1,19893,2025-01-06 00:00:00,2025-01-06 00:00:00,13361,"",""
"",MAPEAR_PRODUCTO_O_DEJAR_CODIGO_LEGACY,5662,5662,1,1,1,2513,2022-09-29 00:00:00,2022-09-29 00:00:00,7730,"",""
"",MAPEAR_PRODUCTO_O_DEJAR_CODIGO_LEGACY,5761,5761,1,1,1,10000,2022-09-12 00:00:00,2022-09-12 00:00:00,7496,"",""
"",MAPEAR_PRODUCTO_O_DEJAR_CODIGO_LEGACY,60201,60201,1,1,60,94860,2024-04-02 00:00:00,2024-04-02 00:00:00,11273,"",""
"",MAPEAR_PRODUCTO_O_DEJAR_CODIGO_LEGACY,6105,6105,1,1,1,71420,2022-12-14 00:00:00,2022-12-14 00:00:00,8098,"",""
"",MAPEAR_PRODUCTO_O_DEJAR_CODIGO_LEGACY,612000,612000,1,1,1,83250,2019-03-01 00:00:00,2019-03-01 00:00:00,2055,"",""
"",MAPEAR_PRODUCTO_O_DEJAR_CODIGO_LEGACY,612015,612015,1,1,1,34700,2019-03-08 00:00:00,2019-03-08 00:00:00,2144,"",""
"",MAPEAR_PRODUCTO_O_DEJAR_CODIGO_LEGACY,612040,612040,1,1,1,24200,2020-02-06 00:00:00,2020-02-06 00:00:00,3375,"",""
"",MAPEAR_PRODUCTO_O_DEJAR_CODIGO_LEGACY,612042,612042,1,1,1,0,2017-02-22 00:00:00,2017-02-22 00:00:00,74,"",""
"",MAPEAR_PRODUCTO_O_DEJAR_CODIGO_LEGACY,612043,612043,1,1,15,678705,2022-02-25 00:00:00,2022-02-25 00:00:00,6324,"",""
"",MAPEAR_PRODUCTO_O_DEJAR_CODIGO_LEGACY,6120656,6120656,1,1,1,63500,2020-01-10 00:00:00,2020-01-10 00:00:00,3239,"",""
"",MAPEAR_PRODUCTO_O_DEJAR_CODIGO_LEGACY,612078,612078,1,1,1,53340,2019-05-24 00:00:00,2019-05-24 00:00:00,2334,"",""
"",MAPEAR_PRODUCTO_O_DEJAR_CODIGO_LEGACY,612086,612086,1,1,2,6660,2018-04-25 00:00:00,2018-04-25 00:00:00,1612,"",""
"",MAPEAR_PRODUCTO_O_DEJAR_CODIGO_LEGACY,612103,612103,1,1,1,0,2017-02-23 00:00:00,2017-02-23 00:00:00,76,"",""
"",MAPEAR_PRODUCTO_O_DEJAR_CODIGO_LEGACY,612108,612108,1,1,2,13880,2020-02-06 00:00:00,2020-02-06 00:00:00,3375,"",""
"",MAPEAR_PRODUCTO_O_DEJAR_CODIGO_LEGACY,612117,612117,1,1,6,45840,2020-02-06 00:00:00,2020-02-06 00:00:00,3375,"",""
"",MAPEAR_PRODUCTO_O_DEJAR_CODIGO_LEGACY,612121,612121,1,1,3,103500,2019-08-28 00:00:00,2019-08-28 00:00:00,2697,"",""
"",MAPEAR_PRODUCTO_O_DEJAR_CODIGO_LEGACY,612126,612126,1,1,1,6940,2018-05-25 00:00:00,2018-05-25 00:00:00,1734,"",""
"",MAPEAR_PRODUCTO_O_DEJAR_CODIGO_LEGACY,612130,612130,1,1,7,241500,2019-08-21 00:00:00,2019-08-21 00:00:00,2658,"",""
"",MAPEAR_PRODUCTO_O_DEJAR_CODIGO_LEGACY,612133,612133,1,1,1,34500,2019-04-11 00:00:00,2019-04-11 00:00:00,2654,"",""
"",MAPEAR_PRODUCTO_O_DEJAR_CODIGO_LEGACY,612139,612139,1,1,10,414000,2019-09-06 00:00:00,2019-09-06 00:00:00,2751,"",""
"",MAPEAR_PRODUCTO_O_DEJAR_CODIGO_LEGACY,612145,612145,1,1,3,38610,2019-08-09 00:00:00,2019-08-09 00:00:00,2614,"",""
"",MAPEAR_PRODUCTO_O_DEJAR_CODIGO_LEGACY,612157,612157,1,1,2,214500,2019-08-09 00:00:00,2019-08-09 00:00:00,2614,"",""
"",MAPEAR_PRODUCTO_O_DEJAR_CODIGO_LEGACY,612163,612163,1,1,1,66660,2017-02-03 00:00:00,2017-02-03 00:00:00,42,"",""
"",MAPEAR_PRODUCTO_O_DEJAR_CODIGO_LEGACY,612301,612301,1,1,4,283780,2022-02-25 00:00:00,2022-02-25 00:00:00,6324,"",""
"",MAPEAR_PRODUCTO_O_DEJAR_CODIGO_LEGACY,638870,638870,1,1,1,14277,2024-11-04 00:00:00,2024-11-04 00:00:00,12653,"",""
"",MAPEAR_PRODUCTO_O_DEJAR_CODIGO_LEGACY,6436,6436,1,1,1,142848,2024-05-29 00:00:00,2024-05-29 00:00:00,11744,"",""
"",MAPEAR_PRODUCTO_O_DEJAR_CODIGO_LEGACY,650765,650765,1,1,1,16462,2024-11-26 00:00:00,2024-11-26 00:00:00,12837,"",""
"",MAPEAR_PRODUCTO_O_DEJAR_CODIGO_LEGACY,6598439,6598439,1,1,2,4688,2024-11-12 00:00:00,2024-11-12 00:00:00,12682,"",""
"",MAPEAR_PRODUCTO_O_DEJAR_CODIGO_LEGACY,6886868,6886868,1,1,1,16798,2024-11-06 00:00:00,2024-11-06 00:00:00,12648,"",""
"",MAPEAR_PRODUCTO_O_DEJAR_CODIGO_LEGACY,691428009686,691428009686,1,1,1,1084,2019-02-10 00:00:00,2019-02-10 00:00:00,2092,"",""
"",MAPEAR_PRODUCTO_O_DEJAR_CODIGO_LEGACY,6931598237452,6931598237452,1,1,1,7555,2024-02-14 00:00:00,2024-02-14 00:00:00,11226,"",""
"",MAPEAR_PRODUCTO_O_DEJAR_CODIGO_LEGACY,6944380646512,6944380646512,1,1,1,160,2024-11-11 00:00:00,2024-11-11 00:00:00,12683,"",""
"",MAPEAR_PRODUCTO_O_DEJAR_CODIGO_LEGACY,7168291310536,7168291310536,1,1,1,5874,2024-11-13 00:00:00,2024-11-13 00:00:00,12685,"",""
"",MAPEAR_PRODUCTO_O_DEJAR_CODIGO_LEGACY,7382898,7382898,1,1,1,5876,2024-11-06 00:00:00,2024-11-06 00:00:00,12648,"",""
"",MAPEAR_PRODUCTO_O_DEJAR_CODIGO_LEGACY,7385951,7385951,1,1,1,4613,2024-11-26 00:00:00,2024-11-26 00:00:00,12837,"",""
"",MAPEAR_PRODUCTO_O_DEJAR_CODIGO_LEGACY,7542763,7542763,1,1,4,24068,2024-11-06 00:00:00,2024-11-06 00:00:00,12648,"",""
"",MAPEAR_PRODUCTO_O_DEJAR_CODIGO_LEGACY,7592035,7592035,1,1,1,2261,2024-11-15 00:00:00,2024-11-15 00:00:00,12734,"",""
"",MAPEAR_PRODUCTO_O_DEJAR_CODIGO_LEGACY,76812029042,76812029042,1,1,1,1672,2019-02-10 00:00:00,2019-02-10 00:00:00,2092,"",""
"",MAPEAR_PRODUCTO_O_DEJAR_CODIGO_LEGACY,7798158245192,7798158245192,1,1,1,8815,2024-11-13 00:00:00,2024-11-13 00:00:00,12685,"",""
"",MAPEAR_PRODUCTO_O_DEJAR_CODIGO_LEGACY,7798158245208,7798158245208,1,1,1,9235,2024-11-13 00:00:00,2024-11-13 00:00:00,12685,"",""
"",MAPEAR_PRODUCTO_O_DEJAR_CODIGO_LEGACY,7800155269580,7800155269580,1,1,1,45990,2024-11-15 00:00:00,2024-11-15 00:00:00,12732,"",""
"",MAPEAR_PRODUCTO_O_DEJAR_CODIGO_LEGACY,7800155406183,7800155406183,1,1,1,2980,2024-11-15 00:00:00,2024-11-15 00:00:00,12732,"",""
"",MAPEAR_PRODUCTO_O_DEJAR_CODIGO_LEGACY,7800155406411,7800155406411,1,1,1,5970,2024-11-15 00:00:00,2024-11-15 00:00:00,12732,"",""
"",MAPEAR_PRODUCTO_O_DEJAR_CODIGO_LEGACY,7800155406640,7800155406640,1,1,3,44970,2024-11-15 00:00:00,2024-11-15 00:00:00,12732,"",""
"",MAPEAR_PRODUCTO_O_DEJAR_CODIGO_LEGACY,7800155406831,7800155406831,1,1,1,11990,2024-11-15 00:00:00,2024-11-15 00:00:00,12732,"",""
"",MAPEAR_PRODUCTO_O_DEJAR_CODIGO_LEGACY,7803155111040,7803155111040,1,1,1,51252,2024-11-08 00:00:00,2024-11-08 00:00:00,12687,"",""
"",MAPEAR_PRODUCTO_O_DEJAR_CODIGO_LEGACY,7809557535422,7809557535422,1,1,4,36940,2024-11-08 00:00:00,2024-11-08 00:00:00,12687,"",""
"",MAPEAR_PRODUCTO_O_DEJAR_CODIGO_LEGACY,7809557535446,7809557535446,1,1,4,36940,2024-11-08 00:00:00,2024-11-08 00:00:00,12687,"",""
"",MAPEAR_PRODUCTO_O_DEJAR_CODIGO_LEGACY,7809619907907,7809619907907,1,1,1,2513,2024-11-11 00:00:00,2024-11-11 00:00:00,12683,"",""
"",MAPEAR_PRODUCTO_O_DEJAR_CODIGO_LEGACY,7809824114107,7809824114107,1,1,15,2265,2024-11-08 00:00:00,2024-11-08 00:00:00,12687,"",""
"",MAPEAR_PRODUCTO_O_DEJAR_CODIGO_LEGACY,7896042029795,7896042029795,1,1,1,22681,2024-02-14 00:00:00,2024-02-14 00:00:00,11226,"",""
"",MAPEAR_PRODUCTO_O_DEJAR_CODIGO_LEGACY,8424902348282,8424902348282,1,1,1,2681,2024-11-11 00:00:00,2024-11-11 00:00:00,12683,"",""
"",MAPEAR_PRODUCTO_O_DEJAR_CODIGO_LEGACY,87639,87639,1,1,8,6768,2022-07-25 00:00:00,2022-07-25 00:00:00,7245,"",""
"",MAPEAR_PRODUCTO_O_DEJAR_CODIGO_LEGACY,885911591027,885911591027,1,1,1,50412,2024-11-13 00:00:00,2024-11-13 00:00:00,12685,"",""
"",MAPEAR_PRODUCTO_O_DEJAR_CODIGO_LEGACY,8887719363662,8887719363662,1,1,2,18470,2024-11-13 00:00:00,2024-11-13 00:00:00,12685,"",""
"",MAPEAR_PRODUCTO_O_DEJAR_CODIGO_LEGACY,8949,8949,1,1,10,1680,2022-09-29 00:00:00,2022-09-29 00:00:00,7730,"",""
"",MAPEAR_PRODUCTO_O_DEJAR_CODIGO_LEGACY,9006850,9006850,1,1,1,1084,2024-11-04 00:00:00,2024-11-04 00:00:00,12653,"",""
"",MAPEAR_PRODUCTO_O_DEJAR_CODIGO_LEGACY,9023364,9023364,1,1,1,22680,2024-11-06 00:00:00,2024-11-06 00:00:00,12648,"",""
"",MAPEAR_PRODUCTO_O_DEJAR_CODIGO_LEGACY,9025758,9025758,1,1,1,50411,2024-11-06 00:00:00,2024-11-06 00:00:00,12648,"",""
"",MAPEAR_PRODUCTO_O_DEJAR_CODIGO_LEGACY,9608,9608,1,1,1,3353,2022-04-20 00:00:00,2022-04-20 00:00:00,6595,"",""
"",MAPEAR_PRODUCTO_O_DEJAR_CODIGO_LEGACY,9633,9633,1,1,10,2510,2022-12-14 00:00:00,2022-12-14 00:00:00,8098,"",""
"",MAPEAR_PRODUCTO_O_DEJAR_CODIGO_LEGACY,9646,9646,1,1,10,4190,2024-11-25 00:00:00,2024-11-25 00:00:00,12824,"",""
"",MAPEAR_PRODUCTO_O_DEJAR_CODIGO_LEGACY,9647,9647,1,1,1,10,2024-11-25 00:00:00,2024-11-25 00:00:00,12824,"",""
"",MAPEAR_PRODUCTO_O_DEJAR_CODIGO_LEGACY,ABRAZADERA12MM,ABRAZADERA12MM,1,1,36,12600,2020-08-11 00:00:00,2020-08-11 00:00:00,3954,"",""
"",MAPEAR_PRODUCTO_O_DEJAR_CODIGO_LEGACY,ADMIN0100009,ADMIN0100009,1,1,1,91002,2019-02-12 00:00:00,2019-02-12 00:00:00,2090,"",""
"",MAPEAR_PRODUCTO_O_DEJAR_CODIGO_LEGACY,ADMIN10004,admin10004,1,1,1,3004,2019-08-06 00:00:00,2019-08-06 00:00:00,2578,"",""
"",MAPEAR_PRODUCTO_O_DEJAR_CODIGO_LEGACY,AFICHE,afiche,1,1,40,265560,2022-12-01 00:00:00,2022-12-01 00:00:00,7981,"",""
"",MAPEAR_PRODUCTO_O_DEJAR_CODIGO_LEGACY,AGUAYO,AGUAYO,1,1,1,90000,2021-05-07 00:00:00,2021-05-07 00:00:00,4980,"",""
"",MAPEAR_PRODUCTO_O_DEJAR_CODIGO_LEGACY,AGUJADPX5120,agujadpx5120,1,1,30,7530,2022-09-29 00:00:00,2022-09-29 00:00:00,7730,"",""
"",MAPEAR_PRODUCTO_O_DEJAR_CODIGO_LEGACY,ALCOSPRAY001,ALCOSPRAY001,1,1,1,4958,2021-03-15 00:00:00,2021-03-15 00:00:00,4832,"",""
"",MAPEAR_PRODUCTO_O_DEJAR_CODIGO_LEGACY,APRESTO,APRESTO,1,1,1,88235,2022-11-21 00:00:00,2022-11-21 00:00:00,7932,"",""
"",MAPEAR_PRODUCTO_O_DEJAR_CODIGO_LEGACY,ARACTINA,ARACTINA,1,1,6,44874,2022-09-22 00:00:00,2022-09-22 00:00:00,7465,"",""
"",MAPEAR_PRODUCTO_O_DEJAR_CODIGO_LEGACY,ARC-19091558,ARC-19091558,1,1,1,7097,2025-05-28 00:00:00,2025-05-28 00:00:00,14482,"",""
"",MAPEAR_PRODUCTO_O_DEJAR_CODIGO_LEGACY,ARC-21089425,ARC-21089425,1,1,2,3824,2025-05-28 00:00:00,2025-05-28 00:00:00,14482,"",""
"",MAPEAR_PRODUCTO_O_DEJAR_CODIGO_LEGACY,ARC-21089685,ARC-21089685,1,1,5,6280,2025-05-28 00:00:00,2025-05-28 00:00:00,14482,"",""
"",MAPEAR_PRODUCTO_O_DEJAR_CODIGO_LEGACY,ARC-2193856,ARC-2193856,1,1,2,7722,2025-05-28 00:00:00,2025-05-28 00:00:00,14482,"",""
"",MAPEAR_PRODUCTO_O_DEJAR_CODIGO_LEGACY,ARC-22066026,ARC-22066026,1,1,1,4455,2025-05-28 00:00:00,2025-05-28 00:00:00,14482,"",""
"",MAPEAR_PRODUCTO_O_DEJAR_CODIGO_LEGACY,ARC-22082556,ARC-22082556,1,1,1,4698,2025-05-28 00:00:00,2025-05-28 00:00:00,14482,"",""
"",MAPEAR_PRODUCTO_O_DEJAR_CODIGO_LEGACY,ARGOLLAD998345,ARGOLLAD998345,1,1,4,2856,2024-05-20 00:00:00,2024-05-20 00:00:00,11750,"",""
"",MAPEAR_PRODUCTO_O_DEJAR_CODIGO_LEGACY,BAEJER65,baejer65,1,1,5,28150,2023-11-02 00:00:00,2023-11-02 00:00:00,10065,"",""
"",MAPEAR_PRODUCTO_O_DEJAR_CODIGO_LEGACY,BB32001033RO,BB32001033RO,1,1,20,428420,2024-05-14 00:00:00,2024-05-14 00:00:00,11719,"",""
"",MAPEAR_PRODUCTO_O_DEJAR_CODIGO_LEGACY,BB32006787CE1,BB32006787CE1,1,1,20,285420,2024-05-14 00:00:00,2024-05-14 00:00:00,11719,"",""
"",MAPEAR_PRODUCTO_O_DEJAR_CODIGO_LEGACY,BBR219,bbr219,1,1,20,1680,2022-09-13 00:00:00,2022-09-13 00:00:00,7558,"",""
"",MAPEAR_PRODUCTO_O_DEJAR_CODIGO_LEGACY,BE929P,BE929P,1,1,1,145000,2021-03-15 00:00:00,2021-03-15 00:00:00,4777,"",""
"",MAPEAR_PRODUCTO_O_DEJAR_CODIGO_LEGACY,BISTPECH,bistpech,1,1,50,47500,2022-11-08 00:00:00,2022-11-08 00:00:00,7801,"",""
"",MAPEAR_PRODUCTO_O_DEJAR_CODIGO_LEGACY,BISTREST,BISTREST,1,1,5,4280,2021-03-15 00:00:00,2021-03-15 00:00:00,4800,"",""
"",MAPEAR_PRODUCTO_O_DEJAR_CODIGO_LEGACY,BISTRETCH,BISTRETCH,1,1,87,60030,2020-09-22 00:00:00,2020-09-22 00:00:00,4077,"",""
"",MAPEAR_PRODUCTO_O_DEJAR_CODIGO_LEGACY,BOLIBEI001,BOLIBEI001,1,1,50,2950,2024-05-29 00:00:00,2024-05-29 00:00:00,11709,"",""
"",MAPEAR_PRODUCTO_O_DEJAR_CODIGO_LEGACY,BOLSAS,BOLSAS,1,1,1,22194,2022-09-28 00:00:00,2022-09-28 00:00:00,7595,"",""
"",MAPEAR_PRODUCTO_O_DEJAR_CODIGO_LEGACY,BROCA,BROCA,1,1,1,10840,2024-06-06 00:00:00,2024-06-06 00:00:00,11751,"",""
"",MAPEAR_PRODUCTO_O_DEJAR_CODIGO_LEGACY,BROCACOPA,brocacopa,1,1,1,22857,2022-09-26 00:00:00,2022-09-26 00:00:00,7452,"",""
"",MAPEAR_PRODUCTO_O_DEJAR_CODIGO_LEGACY,BROTHERD60,BROTHERD60,1,1,4,26892,2024-04-03 00:00:00,2024-04-03 00:00:00,11262,"",""
"",MAPEAR_PRODUCTO_O_DEJAR_CODIGO_LEGACY,BRS0316,BRS0316,1,1,2,29980,2022-05-23 00:00:00,2022-05-23 00:00:00,6856,"",""
"",MAPEAR_PRODUCTO_O_DEJAR_CODIGO_LEGACY,BSTAR0193,bstar0193,1,1,4,3920,2022-12-06 00:00:00,2022-12-06 00:00:00,8151,"",""
"",MAPEAR_PRODUCTO_O_DEJAR_CODIGO_LEGACY,BURBUJAROLLO,BURBUJAROLLO,1,1,1,38000,2024-09-04 00:00:00,2024-09-04 00:00:00,12244,"",""
"",MAPEAR_PRODUCTO_O_DEJAR_CODIGO_LEGACY,BYM-MALETA,BYM-MALETA,1,1,1,24990,2021-05-17 00:00:00,2021-05-17 00:00:00,5022,"",""
"",MAPEAR_PRODUCTO_O_DEJAR_CODIGO_LEGACY,CADENA,cadena,1,1,4,65880,2022-12-15 00:00:00,2022-12-15 00:00:00,8088,"",""
"",MAPEAR_PRODUCTO_O_DEJAR_CODIGO_LEGACY,CAJAS644,CAJAS644,1,1,20,37000,2021-05-13 00:00:00,2021-05-13 00:00:00,4989,"",""
"",MAPEAR_PRODUCTO_O_DEJAR_CODIGO_LEGACY,CARTON,carton,1,1,51,64770,2021-08-16 00:00:00,2021-08-16 00:00:00,5328,"",""
"",MAPEAR_PRODUCTO_O_DEJAR_CODIGO_LEGACY,CERA,CERA,1,1,4,6400,2024-02-13 00:00:00,2024-02-13 00:00:00,11203,"",""
"",MAPEAR_PRODUCTO_O_DEJAR_CODIGO_LEGACY,CIERRENYLONN5,CIERRENYLONN5,1,1,720,51840,2020-08-11 00:00:00,2020-08-11 00:00:00,3954,"",""
"",MAPEAR_PRODUCTO_O_DEJAR_CODIGO_LEGACY,CINT20FALLNERR,CINT20FALLNERR,1,1,2,7400,2021-05-03 00:00:00,2021-05-03 00:00:00,4968,"",""
"",MAPEAR_PRODUCTO_O_DEJAR_CODIGO_LEGACY,CINT25POLIROJO,CINT25POLIROJO,1,1,3,19200,2021-03-29 00:00:00,2021-03-29 00:00:00,4833,"",""
"",MAPEAR_PRODUCTO_O_DEJAR_CODIGO_LEGACY,CINTAEMBALAJE,CINTAEMBALAJE,1,1,1,420,2021-11-22 00:00:00,2021-11-22 00:00:00,5887,"",""
"",MAPEAR_PRODUCTO_O_DEJAR_CODIGO_LEGACY,CINTASATIN,CINTASATIN,1,1,20,51800,2024-06-24 00:00:00,2024-06-24 00:00:00,12124,"",""
"",MAPEAR_PRODUCTO_O_DEJAR_CODIGO_LEGACY,COBE450G00LILAR,COBE450G00LILAR,1,1,4,478000,2021-05-31 00:00:00,2021-05-31 00:00:00,5070,"",""
"",MAPEAR_PRODUCTO_O_DEJAR_CODIGO_LEGACY,COBE450G00ROJOR,COBE450G00ROJOR,1,1,5,597500,2021-05-31 00:00:00,2021-05-31 00:00:00,5070,"",""
"",MAPEAR_PRODUCTO_O_DEJAR_CODIGO_LEGACY,COBE450G00VPASR,COBE450G00VPASR,1,1,1,119500,2021-05-31 00:00:00,2021-05-31 00:00:00,5070,"",""
"",MAPEAR_PRODUCTO_O_DEJAR_CODIGO_LEGACY,COBE650GUVAZLIR,COBE650GUVAZLIR,1,1,3,382800,2021-06-04 00:00:00,2021-06-04 00:00:00,5100,"",""
"",MAPEAR_PRODUCTO_O_DEJAR_CODIGO_LEGACY,COBE650GUVROJOR,COBE650GUVROJOR,1,1,3,382800,2021-06-04 00:00:00,2021-06-04 00:00:00,5100,"",""
"",MAPEAR_PRODUCTO_O_DEJAR_CODIGO_LEGACY,CONECTOR,CONECTOR,1,1,1,16639,2024-03-11 00:00:00,2024-03-11 00:00:00,11091,"",""
"",MAPEAR_PRODUCTO_O_DEJAR_CODIGO_LEGACY,COR320,COR320,1,1,20,6720,2024-07-25 00:00:00,2024-07-25 00:00:00,11832,"",""
"",MAPEAR_PRODUCTO_O_DEJAR_CODIGO_LEGACY,COR326,COR326,1,1,30,14370,2024-11-14 00:00:00,2024-11-14 00:00:00,12695,"",""
"",MAPEAR_PRODUCTO_O_DEJAR_CODIGO_LEGACY,CORALSHERPA,CORALSHERPA,1,1,2.9,11571,2020-09-22 00:00:00,2020-09-22 00:00:00,4077,"",""
"",MAPEAR_PRODUCTO_O_DEJAR_CODIGO_LEGACY,CREASABS28,CREASABS28,1,1,74,243460,2022-09-20 00:00:00,2022-09-20 00:00:00,7429,"",""
"",MAPEAR_PRODUCTO_O_DEJAR_CODIGO_LEGACY,CRT006,CRT006,1,1,1,1086,2025-02-10 00:00:00,2025-02-10 00:00:00,13452,"",""
"",MAPEAR_PRODUCTO_O_DEJAR_CODIGO_LEGACY,CRT008,CRT008,1,1,1,756,2025-02-10 00:00:00,2025-02-10 00:00:00,13452,"",""
"",MAPEAR_PRODUCTO_O_DEJAR_CODIGO_LEGACY,CUADRADO,CUADRADO,1,1,1,8236,2024-05-27 00:00:00,2024-05-27 00:00:00,11724,"",""
"",MAPEAR_PRODUCTO_O_DEJAR_CODIGO_LEGACY,CUCHO,cucho,1,1,15,112185,2022-12-01 00:00:00,2022-12-01 00:00:00,7981,"",""
"",MAPEAR_PRODUCTO_O_DEJAR_CODIGO_LEGACY,CUERINA,CUERINA,1,1,4,11092,2024-02-12 00:00:00,2024-02-12 00:00:00,11215,"",""
"",MAPEAR_PRODUCTO_O_DEJAR_CODIGO_LEGACY,D-15006,D-15006,1,1,4,739600,2018-05-15 00:00:00,2018-05-15 00:00:00,1693,"",""
"",MAPEAR_PRODUCTO_O_DEJAR_CODIGO_LEGACY,D23008,D23008,1,1,1,5122,2022-10-20 00:00:00,2022-10-20 00:00:00,7852,"",""
"",MAPEAR_PRODUCTO_O_DEJAR_CODIGO_LEGACY,D-68862,D-68862,1,1,4,22544,2025-05-13 00:00:00,2025-05-13 00:00:00,14128,"",""
"",MAPEAR_PRODUCTO_O_DEJAR_CODIGO_LEGACY,D-68937,D-68937,1,1,2,12354,2025-05-13 00:00:00,2025-05-13 00:00:00,14128,"",""
"",MAPEAR_PRODUCTO_O_DEJAR_CODIGO_LEGACY,DACMC4061,DACMC4061,1,1,5,29000,2020-01-13 00:00:00,2020-01-13 00:00:00,3272,"",""
"",MAPEAR_PRODUCTO_O_DEJAR_CODIGO_LEGACY,DBB0011,DBB0011,1,1,4,29160,2017-01-19 00:00:00,2017-01-19 00:00:00,19,"",""
"",MAPEAR_PRODUCTO_O_DEJAR_CODIGO_LEGACY,DBP087-B,DBP087-B,1,1,4,11472,2019-05-06 00:00:00,2019-05-06 00:00:00,2249,"",""
"",MAPEAR_PRODUCTO_O_DEJAR_CODIGO_LEGACY,DEPACUGOR043,depacugor043,1,1,50,49450,2019-01-28 00:00:00,2019-01-28 00:00:00,1970,"",""
"",MAPEAR_PRODUCTO_O_DEJAR_CODIGO_LEGACY,DEPFUTAR002,DEPFUTAR002,1,1,30,579600,2019-02-13 00:00:00,2019-02-13 00:00:00,2003,"",""
"",MAPEAR_PRODUCTO_O_DEJAR_CODIGO_LEGACY,DEPFUTARCC002,DEPFUTARCC002,1,1,15,289800,2018-02-09 00:00:00,2018-02-09 00:00:00,1301,"",""
"",MAPEAR_PRODUCTO_O_DEJAR_CODIGO_LEGACY,DEPGIMCIN012,DEPGIMCIN012,1,1,30,105000,2018-04-03 00:00:00,2018-04-03 00:00:00,1523,"",""
"",MAPEAR_PRODUCTO_O_DEJAR_CODIGO_LEGACY,DETERGENTE,DETERGENTE,1,1,1,2190,2024-02-13 00:00:00,2024-02-13 00:00:00,11203,"",""
"",MAPEAR_PRODUCTO_O_DEJAR_CODIGO_LEGACY,DIL0050,DIL0050,1,1,2,5574,2024-02-13 00:00:00,2024-02-13 00:00:00,10990,"",""
"",MAPEAR_PRODUCTO_O_DEJAR_CODIGO_LEGACY,DIME401391,DIME401391,1,1,10,32900,2021-01-12 00:00:00,2021-01-12 00:00:00,4583,"",""
"",MAPEAR_PRODUCTO_O_DEJAR_CODIGO_LEGACY,DISCOLIJA120,DISCOLIJA120,1,1,6,3780,2024-03-11 00:00:00,2024-03-11 00:00:00,11091,"",""
"",MAPEAR_PRODUCTO_O_DEJAR_CODIGO_LEGACY,DRV0011,DRV0011,1,1,16,231840,2018-05-31 00:00:00,2018-05-31 00:00:00,1772,"",""
"",MAPEAR_PRODUCTO_O_DEJAR_CODIGO_LEGACY,EJERCITADOR-DEDOS,EJERCITADOR-DEDOS,1,1,3,12606,2024-08-21 00:00:00,2024-08-21 00:00:00,12322,"",""
"",MAPEAR_PRODUCTO_O_DEJAR_CODIGO_LEGACY,ENTRENAMIENTOMORFOSINTAC,ENTRENAMIENTOMORFOSINTAC,1,1,1,100000,2022-11-21 00:00:00,2022-11-21 00:00:00,7932,"",""
"",MAPEAR_PRODUCTO_O_DEJAR_CODIGO_LEGACY,ESC0120,ESC0120,1,1,2,2264,2024-02-13 00:00:00,2024-02-13 00:00:00,10990,"",""
"",MAPEAR_PRODUCTO_O_DEJAR_CODIGO_LEGACY,ESC0180,ESC0180,1,1,10,5580,2024-02-06 00:00:00,2024-02-06 00:00:00,10989,"",""
"",MAPEAR_PRODUCTO_O_DEJAR_CODIGO_LEGACY,ESC0360,ESC0360,1,1,3,4590,2024-01-13 00:00:00,2024-01-13 00:00:00,10991,"",""
"",MAPEAR_PRODUCTO_O_DEJAR_CODIGO_LEGACY,ESC0380,ESC0380,1,1,2,4256,2024-10-29 00:00:00,2024-10-29 00:00:00,12636,"",""
"",MAPEAR_PRODUCTO_O_DEJAR_CODIGO_LEGACY,EXTCAJA003,extcaja003,1,1,100,72000,2019-05-14 00:00:00,2019-05-14 00:00:00,2297,"",""
"",MAPEAR_PRODUCTO_O_DEJAR_CODIGO_LEGACY,EXTCORREPASI002,EXTCORREPASI002,1,1,1,36126,2018-02-08 00:00:00,2018-02-08 00:00:00,1308,"",""
"",MAPEAR_PRODUCTO_O_DEJAR_CODIGO_LEGACY,EXTINT6KG,EXTINT6KG,1,1,2,80672,2024-01-31 00:00:00,2024-01-31 00:00:00,10931,"",""
"",MAPEAR_PRODUCTO_O_DEJAR_CODIGO_LEGACY,EXTRESMA003,EXTRESMA003,1,1,4,10048,2019-05-08 00:00:00,2019-05-08 00:00:00,2259,"",""
"",MAPEAR_PRODUCTO_O_DEJAR_CODIGO_LEGACY,F2502,F2502,1,1,2,7812,2024-11-12 00:00:00,2024-11-12 00:00:00,12676,"",""
"",MAPEAR_PRODUCTO_O_DEJAR_CODIGO_LEGACY,FACTURANUME144011,facturanume144011,1,1,1,183873,2019-02-19 00:00:00,2019-02-19 00:00:00,2049,"",""
"",MAPEAR_PRODUCTO_O_DEJAR_CODIGO_LEGACY,FELPA,FELPA,1,1,20,41800,2021-05-03 00:00:00,2021-05-03 00:00:00,4967,"",""
"",MAPEAR_PRODUCTO_O_DEJAR_CODIGO_LEGACY,FIBRAHOLLOFIL,FIBRAHOLLOFIL,1,1,30,71700,2024-09-24 00:00:00,2024-09-24 00:00:00,12508,"",""
"",MAPEAR_PRODUCTO_O_DEJAR_CODIGO_LEGACY,FIHARPES005,FIHARPES005,1,1,3,17970,2019-12-16 00:00:00,2019-12-16 00:00:00,3120,"",""
"",MAPEAR_PRODUCTO_O_DEJAR_CODIGO_LEGACY,FILMEMBALAJE,FILMEMBALAJE,1,1,12,59400,2021-08-02 00:00:00,2021-08-02 00:00:00,5331,"",""
"",MAPEAR_PRODUCTO_O_DEJAR_CODIGO_LEGACY,FILMNEGRO,FILMNEGRO,1,1,24,143760,2024-07-22 00:00:00,2024-07-22 00:00:00,11824,"",""
"",MAPEAR_PRODUCTO_O_DEJAR_CODIGO_LEGACY,FILMPALET,FILMPALET,1,1,2,10908,2023-12-24 00:00:00,2023-12-24 00:00:00,11067,"",""
"",MAPEAR_PRODUCTO_O_DEJAR_CODIGO_LEGACY,FILMTRANSPARENTE,FILMTRANSPARENTE,1,1,36,143640,2024-07-22 00:00:00,2024-07-22 00:00:00,11824,"",""
"",MAPEAR_PRODUCTO_O_DEJAR_CODIGO_LEGACY,FIO,FIO,1,1,9,22500,2021-08-02 00:00:00,2021-08-02 00:00:00,5331,"",""
"",MAPEAR_PRODUCTO_O_DEJAR_CODIGO_LEGACY,FM001,FM001,1,1,1,11900,2021-05-24 00:00:00,2021-05-24 00:00:00,5076,"",""
"",MAPEAR_PRODUCTO_O_DEJAR_CODIGO_LEGACY,FM002,FM002,1,1,4,11960,2021-05-24 00:00:00,2021-05-24 00:00:00,5076,"",""
"",MAPEAR_PRODUCTO_O_DEJAR_CODIGO_LEGACY,FM003,FM003,1,1,3,7500,2021-05-24 00:00:00,2021-05-24 00:00:00,5076,"",""
"",MAPEAR_PRODUCTO_O_DEJAR_CODIGO_LEGACY,FRANFAN,FRANFAN,1,1,44.73,182945.69999999998,2022-09-20 00:00:00,2022-09-20 00:00:00,7429,"",""
"",MAPEAR_PRODUCTO_O_DEJAR_CODIGO_LEGACY,FRE0080,FRE0080,1,1,1,15578,2024-04-03 00:00:00,2024-04-03 00:00:00,11263,"",""
"",MAPEAR_PRODUCTO_O_DEJAR_CODIGO_LEGACY,FULLPYME,FULLPYME,1,1,1,36474,2019-06-01 00:00:00,2019-06-01 00:00:00,2411,"",""
"",MAPEAR_PRODUCTO_O_DEJAR_CODIGO_LEGACY,GEN-130,gen-130,1,1,17.8,49359.4,2022-09-12 00:00:00,2022-09-12 00:00:00,7545,"",""
"",MAPEAR_PRODUCTO_O_DEJAR_CODIGO_LEGACY,GIBALLENT016,GIBALLENT016,1,1,65,141310,2021-09-30 00:00:00,2021-09-30 00:00:00,5468,"",""
"",MAPEAR_PRODUCTO_O_DEJAR_CODIGO_LEGACY,GMS064,GMS064,1,1,4,5604,2019-03-13 00:00:00,2019-03-13 00:00:00,2070,"",""
"",MAPEAR_PRODUCTO_O_DEJAR_CODIGO_LEGACY,GMSO59,gmso59,1,1,2,21848,2022-09-13 00:00:00,2022-09-13 00:00:00,7558,"",""
"",MAPEAR_PRODUCTO_O_DEJAR_CODIGO_LEGACY,GOBE650GUVVPASM,GOBE650GUVVPASM,1,1,120,382800,2021-06-04 00:00:00,2021-06-04 00:00:00,5100,"",""
"",MAPEAR_PRODUCTO_O_DEJAR_CODIGO_LEGACY,GUI0020,GUI0020,1,1,1,676,2024-02-06 00:00:00,2024-02-06 00:00:00,10989,"",""
"",MAPEAR_PRODUCTO_O_DEJAR_CODIGO_LEGACY,GVINILO,GVINILO,1,1,2,10084,2024-01-02 00:00:00,2024-01-02 00:00:00,11204,"",""
"",MAPEAR_PRODUCTO_O_DEJAR_CODIGO_LEGACY,HBB40900,HBB40900,1,1,1,152936,2019-03-07 00:00:00,2019-03-07 00:00:00,2061,"",""
"",MAPEAR_PRODUCTO_O_DEJAR_CODIGO_LEGACY,HIGIEN,HIGIEN,1,1,1,8600,2019-05-07 00:00:00,2019-05-07 00:00:00,2254,"",""
"",MAPEAR_PRODUCTO_O_DEJAR_CODIGO_LEGACY,HILOS,HILOS,1,1,1,7525,2024-08-07 00:00:00,2024-08-07 00:00:00,12127,"",""
"",MAPEAR_PRODUCTO_O_DEJAR_CODIGO_LEGACY,HUEVOEJERCITADOR,HUEVOEJERCITADOR,1,1,4,11092,2024-06-27 00:00:00,2024-06-27 00:00:00,11912,"",""
"",MAPEAR_PRODUCTO_O_DEJAR_CODIGO_LEGACY,INT-K8376,INT-K8376,1,1,17,129200,2021-12-13 00:00:00,2021-12-13 00:00:00,6555,"",""
"",MAPEAR_PRODUCTO_O_DEJAR_CODIGO_LEGACY,JERSEY,JERSEY,1,1,83,547800,2025-01-02 00:00:00,2025-01-02 00:00:00,13073,"",""
"",MAPEAR_PRODUCTO_O_DEJAR_CODIGO_LEGACY,JH001,JH001,1,1,10,3600000,2021-06-02 00:00:00,2021-06-02 00:00:00,5075,"",""
"",MAPEAR_PRODUCTO_O_DEJAR_CODIGO_LEGACY,JJUEGCUB033,JJUEGCUB033,1,1,2,52560,2021-07-26 00:00:00,2021-07-26 00:00:00,5297,"",""
"",MAPEAR_PRODUCTO_O_DEJAR_CODIGO_LEGACY,JO,JO,1,1,4,16808,2025-04-22 00:00:00,2025-04-22 00:00:00,14033,"",""
"",MAPEAR_PRODUCTO_O_DEJAR_CODIGO_LEGACY,JUEAGLEA126,JUEAGLEA126,1,1,4,68400,2019-02-13 00:00:00,2019-02-13 00:00:00,2005,"",""
"",MAPEAR_PRODUCTO_O_DEJAR_CODIGO_LEGACY,JUEG2777307,JUEG2777307,1,1,3,7470,2018-06-20 00:00:00,2018-06-20 00:00:00,1853,"",""
"",MAPEAR_PRODUCTO_O_DEJAR_CODIGO_LEGACY,JUEG3636955,JUEG3636955,1,1,8,23920,2018-06-20 00:00:00,2018-06-20 00:00:00,1853,"",""
"",MAPEAR_PRODUCTO_O_DEJAR_CODIGO_LEGACY,JUEGEQQ50081,JUEGEQQ50081,1,1,20,41840,2022-09-30 00:00:00,2022-09-30 00:00:00,7557,"",""
"",MAPEAR_PRODUCTO_O_DEJAR_CODIGO_LEGACY,JUEGIN025,JUEGIN025,1,1,1,32011,2024-12-11 00:00:00,2024-12-11 00:00:00,13141,"",""
"",MAPEAR_PRODUCTO_O_DEJAR_CODIGO_LEGACY,JUEGJ-PWE202,JUEGJ-PWE202,1,1,17,26520,2017-01-19 00:00:00,2017-01-19 00:00:00,17,"",""
"",MAPEAR_PRODUCTO_O_DEJAR_CODIGO_LEGACY,JUEGJ-WE285,JUEGJ-WE285,1,1,3,14730,2017-01-19 00:00:00,2017-01-19 00:00:00,17,"",""
"",MAPEAR_PRODUCTO_O_DEJAR_CODIGO_LEGACY,JUEGMOD028,JUEGMOD028,1,1,2,4120,2021-05-20 00:00:00,2021-05-20 00:00:00,5139,"",""
"",MAPEAR_PRODUCTO_O_DEJAR_CODIGO_LEGACY,JUEGO,JUEGO,1,1,1,22000,2022-08-19 00:00:00,2022-08-19 00:00:00,7594,"",""
"",MAPEAR_PRODUCTO_O_DEJAR_CODIGO_LEGACY,JUEGPLA039,JUEGPLA039,1,1,1,13445,2019-02-20 00:00:00,2019-02-20 00:00:00,2024,"",""
"",MAPEAR_PRODUCTO_O_DEJAR_CODIGO_LEGACY,JUEGPLAS15553,JUEGPLAS15553,1,1,1,12990,2018-06-13 00:00:00,2018-06-13 00:00:00,1809,"",""
"",MAPEAR_PRODUCTO_O_DEJAR_CODIGO_LEGACY,JUEGSH002,JUEGSH002,1,1,80,120000,2020-08-06 00:00:00,2020-08-06 00:00:00,3956,"",""
"",MAPEAR_PRODUCTO_O_DEJAR_CODIGO_LEGACY,JUEGSH003,JUEGSH003,1,1,204,163200,2020-08-06 00:00:00,2020-08-06 00:00:00,3956,"",""
"",MAPEAR_PRODUCTO_O_DEJAR_CODIGO_LEGACY,JUEGSPPL-596,JUEGSPPL-596,1,1,1,6000,2020-01-13 00:00:00,2020-01-13 00:00:00,3323,"",""
"",MAPEAR_PRODUCTO_O_DEJAR_CODIGO_LEGACY,JUEGSPPL-678,juegsppl-678,1,1,5,7500,2020-01-15 00:00:00,2020-01-15 00:00:00,3285,"",""
"",MAPEAR_PRODUCTO_O_DEJAR_CODIGO_LEGACY,JUEGSPPL-922,JUEGSPPL-922,1,1,2,7562,2019-11-25 00:00:00,2019-11-25 00:00:00,3022,"",""
"",MAPEAR_PRODUCTO_O_DEJAR_CODIGO_LEGACY,JUEGUS181,JUEGUS181,1,1,5,7565,2019-01-14 00:00:00,2019-01-14 00:00:00,1964,"",""
"",MAPEAR_PRODUCTO_O_DEJAR_CODIGO_LEGACY,JUEGYIN034Â Â ,JUEGYIN034Â Â ,1,1,3,20850,2024-10-09 00:00:00,2024-10-09 00:00:00,12612,"",""
"",MAPEAR_PRODUCTO_O_DEJAR_CODIGO_LEGACY,JUEHJAIMS,JUEHJAIMS,1,1,10,13820,2021-04-13 00:00:00,2021-04-13 00:00:00,4888,"",""
"",MAPEAR_PRODUCTO_O_DEJAR_CODIGO_LEGACY,JURGPLO084,JURGPLO084,1,1,40,60800,2018-12-20 00:00:00,2018-12-20 00:00:00,1946,"",""
"",MAPEAR_PRODUCTO_O_DEJAR_CODIGO_LEGACY,JY-BC-13107,JY-BC-13107,1,1,4,184840,2024-07-29 00:00:00,2024-07-29 00:00:00,12109,"",""
"",MAPEAR_PRODUCTO_O_DEJAR_CODIGO_LEGACY,K10396,K10396,1,1,146,383250,2025-11-21 00:00:00,2025-11-21 00:00:00,15554,"",""
"",MAPEAR_PRODUCTO_O_DEJAR_CODIGO_LEGACY,K10534,K10534,1,1,30,105000,2024-02-14 00:00:00,2024-02-14 00:00:00,11206,"",""
"",MAPEAR_PRODUCTO_O_DEJAR_CODIGO_LEGACY,K10542,K10542,1,1,22.5,153900,2024-10-07 00:00:00,2024-10-07 00:00:00,12614,"",""
"",MAPEAR_PRODUCTO_O_DEJAR_CODIGO_LEGACY,K10545,K10545,1,1,54,387828,2026-03-17 00:00:00,2026-03-17 00:00:00,16217,"",""
"",MAPEAR_PRODUCTO_O_DEJAR_CODIGO_LEGACY,K10560,K10560,1,1,54,387828,2026-03-16 00:00:00,2026-03-16 00:00:00,16218,"",""
"",MAPEAR_PRODUCTO_O_DEJAR_CODIGO_LEGACY,K10561,K10561,1,1,47,367164,2026-03-31 00:00:00,2026-03-31 00:00:00,16259,"",""
"",MAPEAR_PRODUCTO_O_DEJAR_CODIGO_LEGACY,K11007,K11007,1,1,27,184680,2024-08-14 00:00:00,2024-08-14 00:00:00,12308,"",""
"",MAPEAR_PRODUCTO_O_DEJAR_CODIGO_LEGACY,K11008,K11008,1,1,20,136800,2024-08-14 00:00:00,2024-08-14 00:00:00,12308,"",""
"",MAPEAR_PRODUCTO_O_DEJAR_CODIGO_LEGACY,K11009,K11009,1,1,39,266760,2024-08-14 00:00:00,2024-08-14 00:00:00,12308,"",""
"",MAPEAR_PRODUCTO_O_DEJAR_CODIGO_LEGACY,K5692,K5692,1,1,98,78400,2019-12-27 00:00:00,2019-12-27 00:00:00,3061,"",""
"",MAPEAR_PRODUCTO_O_DEJAR_CODIGO_LEGACY,K9750,k9750,1,1,1195,4409550,2022-07-29 00:00:00,2022-07-29 00:00:00,7521,"",""
"",MAPEAR_PRODUCTO_O_DEJAR_CODIGO_LEGACY,K9851,k9851,1,1,1162,4473700,2022-10-18 00:00:00,2022-10-18 00:00:00,7674,"",""
"",MAPEAR_PRODUCTO_O_DEJAR_CODIGO_LEGACY,K9852,k9852,1,1,120,462000,2022-12-07 00:00:00,2022-12-07 00:00:00,8082,"",""
"",MAPEAR_PRODUCTO_O_DEJAR_CODIGO_LEGACY,K9853,k9853,1,1,1145,4408250,2022-10-18 00:00:00,2022-10-18 00:00:00,7674,"",""
"",MAPEAR_PRODUCTO_O_DEJAR_CODIGO_LEGACY,K9948,k9948,1,1,168,646800,2022-12-07 00:00:00,2022-12-07 00:00:00,8082,"",""
"",MAPEAR_PRODUCTO_O_DEJAR_CODIGO_LEGACY,K9952,k9952,1,1,160,616000,2022-12-07 00:00:00,2022-12-07 00:00:00,8082,"",""
"",MAPEAR_PRODUCTO_O_DEJAR_CODIGO_LEGACY,LALLAVE,lallave,1,1,20,401680,2022-12-01 00:00:00,2022-12-01 00:00:00,7980,"",""
"",MAPEAR_PRODUCTO_O_DEJAR_CODIGO_LEGACY,LALLAVEMAESTRA,lallavemaestra,1,1,4,80336,2022-12-22 00:00:00,2022-12-22 00:00:00,8252,"",""
"",MAPEAR_PRODUCTO_O_DEJAR_CODIGO_LEGACY,LAMINAESPUMADENSIDAD2145CM,LAMINAESPUMADENSIDAD2145CM,1,1,2,325908,2021-08-18 00:00:00,2021-08-18 00:00:00,5347,"",""
"",MAPEAR_PRODUCTO_O_DEJAR_CODIGO_LEGACY,LANA50GR,LANA50GR,1,1,353,192738,2020-10-13 00:00:00,2020-10-13 00:00:00,4153,"",""
"",MAPEAR_PRODUCTO_O_DEJAR_CODIGO_LEGACY,LIJ0120,LIJ0120,1,1,10,18710,2024-09-24 00:00:00,2024-09-24 00:00:00,12424,"",""
"",MAPEAR_PRODUCTO_O_DEJAR_CODIGO_LEGACY,LIJ0380,LIJ0380,1,1,10,2100,2024-06-26 00:00:00,2024-06-26 00:00:00,11966,"",""
"",MAPEAR_PRODUCTO_O_DEJAR_CODIGO_LEGACY,LIJ0400,LIJ0400,1,1,10,2090,2024-06-26 00:00:00,2024-06-26 00:00:00,11966,"",""
"",MAPEAR_PRODUCTO_O_DEJAR_CODIGO_LEGACY,LIJ0708,LIJ0708,1,1,10,4890,2024-09-24 00:00:00,2024-09-24 00:00:00,12424,"",""
"",MAPEAR_PRODUCTO_O_DEJAR_CODIGO_LEGACY,LIJ0713,LIJ0713,1,1,2,2360,2024-07-11 00:00:00,2024-07-11 00:00:00,12041,"",""
"",MAPEAR_PRODUCTO_O_DEJAR_CODIGO_LEGACY,LIJA,LIJA,1,1,1,10756,2024-05-29 00:00:00,2024-05-29 00:00:00,11921,"",""
"",MAPEAR_PRODUCTO_O_DEJAR_CODIGO_LEGACY,LIJA150,LIJA150,1,1,6,1866,2024-03-11 00:00:00,2024-03-11 00:00:00,11091,"",""
"",MAPEAR_PRODUCTO_O_DEJAR_CODIGO_LEGACY,LONAPOL,LONAPOL,1,1,50,79500,2022-09-20 00:00:00,2022-09-20 00:00:00,7428,"",""
"",MAPEAR_PRODUCTO_O_DEJAR_CODIGO_LEGACY,LONETAENGOMADA,LONETAENGOMADA,1,1,3,7260,2021-07-29 00:00:00,2021-07-29 00:00:00,5317,"",""
"",MAPEAR_PRODUCTO_O_DEJAR_CODIGO_LEGACY,MAK0118,MAK0118,1,1,1,5563,2024-01-13 00:00:00,2024-01-13 00:00:00,10992,"",""
"",MAPEAR_PRODUCTO_O_DEJAR_CODIGO_LEGACY,MAK0142,MAK0142,1,1,2,2178,2024-01-13 00:00:00,2024-01-13 00:00:00,10992,"",""
"",MAPEAR_PRODUCTO_O_DEJAR_CODIGO_LEGACY,"MALLASANDWICH1,MMUSGO","MALLASANDWICH1,MMUSGO",1,1,10,22300,2021-07-22 00:00:00,2021-07-22 00:00:00,5329,"",""
"",MAPEAR_PRODUCTO_O_DEJAR_CODIGO_LEGACY,MALLGOMA00AZMAM,MALLGOMA00AZMAM,1,1,5,10900,2021-05-03 00:00:00,2021-05-03 00:00:00,4968,"",""
"",MAPEAR_PRODUCTO_O_DEJAR_CODIGO_LEGACY,MALLGOMA00BEIGM,MALLGOMA00BEIGM,1,1,5,10900,2021-05-03 00:00:00,2021-05-03 00:00:00,4968,"",""
"",MAPEAR_PRODUCTO_O_DEJAR_CODIGO_LEGACY,MALLGOMA00NEGRM,MALLGOMA00NEGRM,1,1,5,10900,2021-05-03 00:00:00,2021-05-03 00:00:00,4968,"",""
"",MAPEAR_PRODUCTO_O_DEJAR_CODIGO_LEGACY,MALLGOMA00ROJOM,MALLGOMA00ROJOM,1,1,5,10900,2021-05-03 00:00:00,2021-05-03 00:00:00,4968,"",""
"",MAPEAR_PRODUCTO_O_DEJAR_CODIGO_LEGACY,MALLGOMA00VERDEM,MALLGOMA00VERDEM,1,1,100,133400,2025-06-25 00:00:00,2025-06-25 00:00:00,14474,"",""
"",MAPEAR_PRODUCTO_O_DEJAR_CODIGO_LEGACY,MALLRAS000AMARM,MALLRAS000AMARM,1,1,5,39000,2021-05-03 00:00:00,2021-05-03 00:00:00,4968,"",""
"",MAPEAR_PRODUCTO_O_DEJAR_CODIGO_LEGACY,MALLRAS000PLOMM,MALLRAS000PLOMM,1,1,5,39000,2021-05-03 00:00:00,2021-05-03 00:00:00,4968,"",""
"",MAPEAR_PRODUCTO_O_DEJAR_CODIGO_LEGACY,MDF0270,MDF0270,1,1,0.5,10966.5,0024-02-21 00:00:00,0024-02-21 00:00:00,11205,"",""
"",MAPEAR_PRODUCTO_O_DEJAR_CODIGO_LEGACY,MDF.5.5MM,MDF.5.5MM,1,1,2,33110,2022-10-04 00:00:00,2022-10-04 00:00:00,7426,"",""
"",MAPEAR_PRODUCTO_O_DEJAR_CODIGO_LEGACY,MDFO260,MDFO260,1,1,5,87815,2025-05-07 00:00:00,2025-05-07 00:00:00,14080,"",""
"",MAPEAR_PRODUCTO_O_DEJAR_CODIGO_LEGACY,MEL1083,MEL1083,1,1,0.5,32769,2024-10-25 00:00:00,2024-10-25 00:00:00,12638,"",""
"",MAPEAR_PRODUCTO_O_DEJAR_CODIGO_LEGACY,MESAS1,MESAS1,1,1,5,344535,2024-04-01 00:00:00,2024-04-01 00:00:00,11613,"",""
"",MAPEAR_PRODUCTO_O_DEJAR_CODIGO_LEGACY,MICATE0300TRANR,micate0300tranr,1,1,2,159200,2020-10-06 00:00:00,2020-10-06 00:00:00,4130,"",""
"",MAPEAR_PRODUCTO_O_DEJAR_CODIGO_LEGACY,MISGRANDES,misgrandes,1,1,15,200415,2022-12-01 00:00:00,2022-12-01 00:00:00,7982,"",""
"",MAPEAR_PRODUCTO_O_DEJAR_CODIGO_LEGACY,MISGRANDESIDEAS,misgrandesideas,1,1,15,200415,2022-12-01 00:00:00,2022-12-01 00:00:00,8251,"",""
"",MAPEAR_PRODUCTO_O_DEJAR_CODIGO_LEGACY,MK-655B,MK-655B,1,1,18,31770,2019-11-27 00:00:00,2019-11-27 00:00:00,3023,"",""
"",MAPEAR_PRODUCTO_O_DEJAR_CODIGO_LEGACY,MMCU-CUNA,mmcu-cuna,1,1,1,9559,2020-06-04 00:00:00,2020-06-04 00:00:00,3853,"",""
"",MAPEAR_PRODUCTO_O_DEJAR_CODIGO_LEGACY,MMSI-SILL-5T,MMSI-SILL-5T,1,1,5,77500,2017-02-01 00:00:00,2017-02-01 00:00:00,39,"",""
"",MAPEAR_PRODUCTO_O_DEJAR_CODIGO_LEGACY,MODAL,MODAL,1,1,8.8,58080.00000000001,2024-09-23 00:00:00,2024-09-23 00:00:00,12426,"",""
"",MAPEAR_PRODUCTO_O_DEJAR_CODIGO_LEGACY,MODULOS01,MODULOS01,1,1,6,478992,2024-04-01 00:00:00,2024-04-01 00:00:00,11614,"",""
"",MAPEAR_PRODUCTO_O_DEJAR_CODIGO_LEGACY,MOLAINLAE000022,MOLAINLAE000022,1,1,3,5520,2024-07-03 00:00:00,2024-07-03 00:00:00,11826,"",""
"",MAPEAR_PRODUCTO_O_DEJAR_CODIGO_LEGACY,MOLAINLAE000033,MOLAINLAE000033,1,1,3,5520,2024-07-03 00:00:00,2024-07-03 00:00:00,11826,"",""
"",MAPEAR_PRODUCTO_O_DEJAR_CODIGO_LEGACY,MOLAINLAE000041,MOLAINLAE000041,1,1,3,5520,2024-07-03 00:00:00,2024-07-03 00:00:00,11826,"",""
"",MAPEAR_PRODUCTO_O_DEJAR_CODIGO_LEGACY,MOLAINLAE000811,MOLAINLAE000811,1,1,3,5520,2024-07-03 00:00:00,2024-07-03 00:00:00,11826,"",""
"",MAPEAR_PRODUCTO_O_DEJAR_CODIGO_LEGACY,MOLAINLAE000813,MOLAINLAE000813,1,1,3,5520,2024-07-03 00:00:00,2024-07-03 00:00:00,11826,"",""
"",MAPEAR_PRODUCTO_O_DEJAR_CODIGO_LEGACY,MOLAINLAE001102,MOLAINLAE001102,1,1,3,5520,2024-07-03 00:00:00,2024-07-03 00:00:00,11826,"",""
"",MAPEAR_PRODUCTO_O_DEJAR_CODIGO_LEGACY,MOLAINLAE003202,MOLAINLAE003202,1,1,3,5520,2024-07-03 00:00:00,2024-07-03 00:00:00,11826,"",""
"",MAPEAR_PRODUCTO_O_DEJAR_CODIGO_LEGACY,MOLAINLAE005029,MOLAINLAE005029,1,1,3,5520,2024-07-03 00:00:00,2024-07-03 00:00:00,11826,"",""
"",MAPEAR_PRODUCTO_O_DEJAR_CODIGO_LEGACY,MOLAINLAE005032,MOLAINLAE005032,1,1,3,5520,2024-07-03 00:00:00,2024-07-03 00:00:00,11826,"",""
"",MAPEAR_PRODUCTO_O_DEJAR_CODIGO_LEGACY,MOLAINLAE005502,MOLAINLAE005502,1,1,3,5520,2024-07-03 00:00:00,2024-07-03 00:00:00,11826,"",""
"",MAPEAR_PRODUCTO_O_DEJAR_CODIGO_LEGACY,MOLAINLAE006402,MOLAINLAE006402,1,1,3,5520,2024-07-03 00:00:00,2024-07-03 00:00:00,11826,"",""
"",MAPEAR_PRODUCTO_O_DEJAR_CODIGO_LEGACY,MOLAINLAE008902,MOLAINLAE008902,1,1,3,5520,2024-07-03 00:00:00,2024-07-03 00:00:00,11826,"",""
"",MAPEAR_PRODUCTO_O_DEJAR_CODIGO_LEGACY,MOSQUETON10MM,MOSQUETON10MM,1,1,48,16800,2020-08-11 00:00:00,2020-08-11 00:00:00,3954,"",""
"",MAPEAR_PRODUCTO_O_DEJAR_CODIGO_LEGACY,MTS,mts,1,1,10,32770,2022-09-28 00:00:00,2022-09-28 00:00:00,7490,"",""
"",MAPEAR_PRODUCTO_O_DEJAR_CODIGO_LEGACY,MTSCHIPO,MTSCHIPO,1,1,5,13655,2021-05-07 00:00:00,2021-05-07 00:00:00,4982,"",""
"",MAPEAR_PRODUCTO_O_DEJAR_CODIGO_LEGACY,MUNDT0001,MUNDT0001,1,1,4,84000,2024-04-30 00:00:00,2024-04-30 00:00:00,11624,"",""
"",MAPEAR_PRODUCTO_O_DEJAR_CODIGO_LEGACY,MW4266,MW4266,1,1,1,11756,2022-07-27 00:00:00,2022-07-27 00:00:00,7224,"",""
"",MAPEAR_PRODUCTO_O_DEJAR_CODIGO_LEGACY,MW8130,MW8130,1,1,2,20152,2022-07-27 00:00:00,2022-07-27 00:00:00,7224,"",""
"",MAPEAR_PRODUCTO_O_DEJAR_CODIGO_LEGACY,MXBALREB4,MXBALREB4,1,1,2,23980,2024-06-24 00:00:00,2024-06-24 00:00:00,11917,"",""
"",MAPEAR_PRODUCTO_O_DEJAR_CODIGO_LEGACY,NIPLE,NIPLE,1,1,1,1597,2024-06-03 00:00:00,2024-06-03 00:00:00,11748,"",""
"",MAPEAR_PRODUCTO_O_DEJAR_CODIGO_LEGACY,OMEGA,OMEGA,1,1,10,1680,2024-02-08 00:00:00,2024-02-08 00:00:00,11220,"",""
"",MAPEAR_PRODUCTO_O_DEJAR_CODIGO_LEGACY,PAFOT001,pafot001,1,1,10,20170,2019-07-19 00:00:00,2019-07-19 00:00:00,2534,"",""
"",MAPEAR_PRODUCTO_O_DEJAR_CODIGO_LEGACY,PAHIG001,pahig001,1,1,1,10082,2019-07-19 00:00:00,2019-07-19 00:00:00,2534,"",""
"",MAPEAR_PRODUCTO_O_DEJAR_CODIGO_LEGACY,PALETIZADOR,PALETIZADOR,1,1,18,68040,2021-05-11 00:00:00,2021-05-11 00:00:00,4970,"",""
"",MAPEAR_PRODUCTO_O_DEJAR_CODIGO_LEGACY,PAP100,pap100,1,1,40,3552800,2019-02-27 00:00:00,2019-02-27 00:00:00,2039,"",""
"",MAPEAR_PRODUCTO_O_DEJAR_CODIGO_LEGACY,PATRIOTA,PATRIOTA,1,1,55,103400,2020-08-11 00:00:00,2020-08-11 00:00:00,3954,"",""
"",MAPEAR_PRODUCTO_O_DEJAR_CODIGO_LEGACY,PCG110,PCG110,1,1,30,21000,2022-09-20 00:00:00,2022-09-20 00:00:00,7624,"",""
"",MAPEAR_PRODUCTO_O_DEJAR_CODIGO_LEGACY,PERLON60VERDE,perlon60verde,1,1,3,17010,2020-09-16 00:00:00,2020-09-16 00:00:00,4056,"",""
"",MAPEAR_PRODUCTO_O_DEJAR_CODIGO_LEGACY,PERLONGRANDE,PERLONGRANDE,1,1,35,230895,2024-08-29 00:00:00,2024-08-29 00:00:00,12182,"",""
"",MAPEAR_PRODUCTO_O_DEJAR_CODIGO_LEGACY,PERNO8X5,PERNO8X5,1,1,100,21000,2022-01-24 00:00:00,2022-01-24 00:00:00,6010,"",""
"",MAPEAR_PRODUCTO_O_DEJAR_CODIGO_LEGACY,PERNOHEX,PERNOHEX,1,1,10,8910,2024-06-06 00:00:00,2024-06-06 00:00:00,11751,"",""
"",MAPEAR_PRODUCTO_O_DEJAR_CODIGO_LEGACY,PERNOOJO,PERNOOJO,1,1,6,12102,2024-06-06 00:00:00,2024-06-06 00:00:00,11751,"",""
"",MAPEAR_PRODUCTO_O_DEJAR_CODIGO_LEGACY,PERNOS,pernos,1,1,100,26900,2022-08-17 00:00:00,2022-08-17 00:00:00,7540,"",""
"",MAPEAR_PRODUCTO_O_DEJAR_CODIGO_LEGACY,PICAPORTE,PICAPORTE,1,1,2,3176,2024-02-08 00:00:00,2024-02-08 00:00:00,11220,"",""
"",MAPEAR_PRODUCTO_O_DEJAR_CODIGO_LEGACY,PIETEFLON,pieteflon,1,1,4,11764,2022-08-05 00:00:00,2022-08-05 00:00:00,7498,"",""
"",MAPEAR_PRODUCTO_O_DEJAR_CODIGO_LEGACY,PIN1220,PIN1220,1,1,5,37185,2024-03-20 00:00:00,2024-03-20 00:00:00,11254,"",""
"",MAPEAR_PRODUCTO_O_DEJAR_CODIGO_LEGACY,PIN1270,PIN1270,1,1,3,77520,2024-07-25 00:00:00,2024-07-25 00:00:00,11821,"",""
"",MAPEAR_PRODUCTO_O_DEJAR_CODIGO_LEGACY,PIN1390,PIN1390,1,1,6,18402,2024-02-13 00:00:00,2024-02-13 00:00:00,10990,"",""
"",MAPEAR_PRODUCTO_O_DEJAR_CODIGO_LEGACY,PINO2X3,PINO2X3,1,1,1,5034,2021-08-20 00:00:00,2021-08-20 00:00:00,5388,"",""
"",MAPEAR_PRODUCTO_O_DEJAR_CODIGO_LEGACY,PL0250,PL0250,1,1,0,0,2022-09-28 00:00:00,2022-09-28 00:00:00,7443,"",""
"",MAPEAR_PRODUCTO_O_DEJAR_CODIGO_LEGACY,PLACILLA,PLACILLA,1,1,30,40500,2021-08-02 00:00:00,2021-08-02 00:00:00,5331,"",""
"",MAPEAR_PRODUCTO_O_DEJAR_CODIGO_LEGACY,PLENA,plena,1,1,20,401680,2022-12-01 00:00:00,2022-12-01 00:00:00,7980,"",""
"",MAPEAR_PRODUCTO_O_DEJAR_CODIGO_LEGACY,PLMDDF0260,PLMDDF0260,1,1,1,16723,2024-03-01 00:00:00,2024-03-01 00:00:00,11055,"",""
"",MAPEAR_PRODUCTO_O_DEJAR_CODIGO_LEGACY,PLMDFO250,plmdfo250,1,1,1,9168,2022-08-19 00:00:00,2022-08-19 00:00:00,7517,"",""
"",MAPEAR_PRODUCTO_O_DEJAR_CODIGO_LEGACY,PLMOF0260,plmof0260,1,1,1,14395,2022-08-12 00:00:00,2022-08-12 00:00:00,7516,"",""
"",MAPEAR_PRODUCTO_O_DEJAR_CODIGO_LEGACY,PLTER0150,plter0150,1,1,1,19487,2022-08-05 00:00:00,2022-08-05 00:00:00,7522,"",""
"",MAPEAR_PRODUCTO_O_DEJAR_CODIGO_LEGACY,PLTERC0130,plterc0130,1,1,1,31849,2022-09-08 00:00:00,2022-09-08 00:00:00,7610,"",""
"",MAPEAR_PRODUCTO_O_DEJAR_CODIGO_LEGACY,PLTERC0393,plterc0393,1,1,2,90588,2022-09-08 00:00:00,2022-09-08 00:00:00,7610,"",""
"",MAPEAR_PRODUCTO_O_DEJAR_CODIGO_LEGACY,PLTERC130,plterc130,1,1,2,63698,2022-08-12 00:00:00,2022-08-12 00:00:00,7516,"",""
"",MAPEAR_PRODUCTO_O_DEJAR_CODIGO_LEGACY,PLTERC.ESTRUCTURAL15MM,PLTERC.ESTRUCTURAL15MM,1,1,3,95544,2022-09-27 00:00:00,2022-09-27 00:00:00,7438,"",""
"",MAPEAR_PRODUCTO_O_DEJAR_CODIGO_LEGACY,PLTERCMASTERX16MM,pltercmasterx16mm,1,1,1,45529,2022-09-08 00:00:00,2022-09-08 00:00:00,7610,"",""
"",MAPEAR_PRODUCTO_O_DEJAR_CODIGO_LEGACY,PLTERO0130,pltero0130,1,1,3,95547,2022-08-05 00:00:00,2022-08-05 00:00:00,7522,"",""
"",MAPEAR_PRODUCTO_O_DEJAR_CODIGO_LEGACY,PLUSH,PLUSH,1,1,5,20965,2024-02-29 00:00:00,2024-02-29 00:00:00,11131,"",""
"",MAPEAR_PRODUCTO_O_DEJAR_CODIGO_LEGACY,PN1420,pn1420,1,1,2,19142,2022-08-19 00:00:00,2022-08-19 00:00:00,7517,"",""
"",MAPEAR_PRODUCTO_O_DEJAR_CODIGO_LEGACY,POLOREST,POLOREST,1,1,16.84,99187.6,2022-09-20 00:00:00,2022-09-20 00:00:00,7429,"",""
"",MAPEAR_PRODUCTO_O_DEJAR_CODIGO_LEGACY,POPCOL2,POPCOL2,1,1,55,47300,2021-05-03 00:00:00,2021-05-03 00:00:00,4967,"",""
"",MAPEAR_PRODUCTO_O_DEJAR_CODIGO_LEGACY,POPCOL9,POPCOL9,1,1,108,91368,2024-12-30 00:00:00,2024-12-30 00:00:00,13063,"",""
"",MAPEAR_PRODUCTO_O_DEJAR_CODIGO_LEGACY,POPELINA,POPELINA,1,1,55,82720,2025-11-21 00:00:00,2025-11-21 00:00:00,15538,"",""
"",MAPEAR_PRODUCTO_O_DEJAR_CODIGO_LEGACY,PR/00577,PR/00577,1,1,3,37500,2020-09-04 00:00:00,2020-09-04 00:00:00,4038,"",""
"",MAPEAR_PRODUCTO_O_DEJAR_CODIGO_LEGACY,PR/00757,PR/00757,1,1,4,243632,2019-07-05 00:00:00,2019-07-05 00:00:00,2489,"",""
"",MAPEAR_PRODUCTO_O_DEJAR_CODIGO_LEGACY,PR00RT-100,PR00RT-100,1,1,1,126042,2024-12-04 00:00:00,2024-12-04 00:00:00,12971,"",""
"",MAPEAR_PRODUCTO_O_DEJAR_CODIGO_LEGACY,PRENSACROSSBY,PRENSACROSSBY,1,1,15,17145,2024-05-17 00:00:00,2024-05-17 00:00:00,11749,"",""
"",MAPEAR_PRODUCTO_O_DEJAR_CODIGO_LEGACY,PRO3229,pro3229,1,1,6,131484,2022-08-19 00:00:00,2022-08-19 00:00:00,7518,"",""
"",MAPEAR_PRODUCTO_O_DEJAR_CODIGO_LEGACY,PSCZZCOR4P,PSCZZCOR4P,1,1,1,84025,2024-12-04 00:00:00,2024-12-04 00:00:00,12971,"",""
"",MAPEAR_PRODUCTO_O_DEJAR_CODIGO_LEGACY,PT-EV0054,pt-ev0054,1,1,3,26472,2019-02-11 00:00:00,2019-02-11 00:00:00,1998,"",""
"",MAPEAR_PRODUCTO_O_DEJAR_CODIGO_LEGACY,R5948,R5948,1,1,1,84025,2024-10-10 00:00:00,2024-10-10 00:00:00,12723,"",""
"",MAPEAR_PRODUCTO_O_DEJAR_CODIGO_LEGACY,RET10000,RET10000,1,1,6,3336,2025-05-26 00:00:00,2025-05-26 00:00:00,14169,"",""
"",MAPEAR_PRODUCTO_O_DEJAR_CODIGO_LEGACY,SAGU0001,SAGU0001,1,1,1,31933,2019-02-26 00:00:00,2019-02-26 00:00:00,2043,"",""
"",MAPEAR_PRODUCTO_O_DEJAR_CODIGO_LEGACY,SALASIRIO10,SALASIRIO10,1,1,1,119748,2022-08-12 00:00:00,2022-08-12 00:00:00,7603,"",""
"",MAPEAR_PRODUCTO_O_DEJAR_CODIGO_LEGACY,SANANDO,sanando,1,1,16,321344,2022-12-01 00:00:00,2022-12-01 00:00:00,7980,"",""
"",MAPEAR_PRODUCTO_O_DEJAR_CODIGO_LEGACY,SEÃ‘ALETICA,SEÃ‘ALETICA,1,1,4,6688,2024-01-31 00:00:00,2024-01-31 00:00:00,10931,"",""
"",MAPEAR_PRODUCTO_O_DEJAR_CODIGO_LEGACY,SEL5452,SEL5452,1,1,5,21010,2019-10-10 00:00:00,2019-10-10 00:00:00,2951,"",""
"",MAPEAR_PRODUCTO_O_DEJAR_CODIGO_LEGACY,SESGOROLLO,SESGOROLLO,1,1,5,13025,2024-03-05 00:00:00,2024-03-05 00:00:00,11084,"",""
"",MAPEAR_PRODUCTO_O_DEJAR_CODIGO_LEGACY,SET4TIETERES,SET4TIETERES,1,1,1,9530,2022-08-19 00:00:00,2022-08-19 00:00:00,7594,"",""
"",MAPEAR_PRODUCTO_O_DEJAR_CODIGO_LEGACY,SGOEL2,SGOEL2,1,1,1,8000,2021-03-15 00:00:00,2021-03-15 00:00:00,4772,"",""
"",MAPEAR_PRODUCTO_O_DEJAR_CODIGO_LEGACY,SIERRA,sierra,1,1,1,39328,2022-12-09 00:00:00,2022-12-09 00:00:00,8096,"",""
"",MAPEAR_PRODUCTO_O_DEJAR_CODIGO_LEGACY,SILL001,SILL001,1,1,2,28234,2024-01-18 00:00:00,2024-01-18 00:00:00,11029,"",""
"",MAPEAR_PRODUCTO_O_DEJAR_CODIGO_LEGACY,SILLASFORMALITA,SILLASFORMALITA,1,1,15,289905,2024-08-29 00:00:00,2024-08-29 00:00:00,12240,"",""
"",MAPEAR_PRODUCTO_O_DEJAR_CODIGO_LEGACY,SOBERBIO,soberbio,1,1,144,4896,2022-09-13 00:00:00,2022-09-13 00:00:00,7542,"",""
"",MAPEAR_PRODUCTO_O_DEJAR_CODIGO_LEGACY,SODI2968355,SODI2968355,1,1,1,83513,2019-06-27 00:00:00,2019-06-27 00:00:00,2469,"",""
"",MAPEAR_PRODUCTO_O_DEJAR_CODIGO_LEGACY,SODIMAC226211,SODIMAC226211,1,1,1,3521,2018-02-08 00:00:00,2018-02-08 00:00:00,1317,"",""
"",MAPEAR_PRODUCTO_O_DEJAR_CODIGO_LEGACY,SODIMAC83291,sodimac83291,1,1,1,139411,2018-02-08 00:00:00,2018-02-08 00:00:00,1317,"",""
"",MAPEAR_PRODUCTO_O_DEJAR_CODIGO_LEGACY,SOLVENTE-PR00718,SOLVENTE-PR00718,1,1,2,19140,2020-09-08 00:00:00,2020-09-08 00:00:00,4035,"",""
"",MAPEAR_PRODUCTO_O_DEJAR_CODIGO_LEGACY,SOP0490,SOP0490,1,1,25,2050,2024-10-17 00:00:00,2024-10-17 00:00:00,12631,"",""
"",MAPEAR_PRODUCTO_O_DEJAR_CODIGO_LEGACY,STRECH,STRECH,1,1,12,51480,2021-11-22 00:00:00,2021-11-22 00:00:00,5887,"",""
"",MAPEAR_PRODUCTO_O_DEJAR_CODIGO_LEGACY,STRECHFILMNEGRO,STRECHFILMNEGRO,1,1,1,6290,2021-11-22 00:00:00,2021-11-22 00:00:00,5887,"",""
"",MAPEAR_PRODUCTO_O_DEJAR_CODIGO_LEGACY,STRETCHFILTRANSPARENTE,STRETCHFILTRANSPARENTE,1,1,366,1061400,2024-08-26 00:00:00,2024-08-26 00:00:00,12243,"",""
"",MAPEAR_PRODUCTO_O_DEJAR_CODIGO_LEGACY,T-60.18,T-60.18,1,1,5,27500,2025-05-13 00:00:00,2025-05-13 00:00:00,14103,"",""
"",MAPEAR_PRODUCTO_O_DEJAR_CODIGO_LEGACY,T60.367.80GRS,T60.367.80GRS,1,1,5,15125,2025-05-13 00:00:00,2025-05-13 00:00:00,14103,"",""
"",MAPEAR_PRODUCTO_O_DEJAR_CODIGO_LEGACY,T-60.44,T-60.44,1,1,5,27500,2025-05-13 00:00:00,2025-05-13 00:00:00,14103,"",""
"",MAPEAR_PRODUCTO_O_DEJAR_CODIGO_LEGACY,T-60.73,T-60.73,1,1,25,137500,2025-05-13 00:00:00,2025-05-13 00:00:00,14103,"",""
"",MAPEAR_PRODUCTO_O_DEJAR_CODIGO_LEGACY,T60BANCO80G,T60BANCO80G,1,1,6,18150,2025-05-13 00:00:00,2025-05-13 00:00:00,14103,"",""
"",MAPEAR_PRODUCTO_O_DEJAR_CODIGO_LEGACY,T60NEGRO80G,T60NEGRO80G,1,1,4,12100,2025-05-13 00:00:00,2025-05-13 00:00:00,14103,"",""
"",MAPEAR_PRODUCTO_O_DEJAR_CODIGO_LEGACY,TAP0041,TAP0041,1,1,4,1004,2024-10-25 00:00:00,2024-10-25 00:00:00,12638,"",""
"",MAPEAR_PRODUCTO_O_DEJAR_CODIGO_LEGACY,TCH,TCH,1,1,12,47400,2022-09-29 00:00:00,2022-09-29 00:00:00,7404,"",""
"",MAPEAR_PRODUCTO_O_DEJAR_CODIGO_LEGACY,TELA,tela,1,1,32,161344,2022-08-24 00:00:00,2022-08-24 00:00:00,7530,"",""
"",MAPEAR_PRODUCTO_O_DEJAR_CODIGO_LEGACY,TER0485,TER0485,1,1,2,31916,2024-11-26 00:00:00,2024-11-26 00:00:00,12834,"",""
"",MAPEAR_PRODUCTO_O_DEJAR_CODIGO_LEGACY,"TERCIADOMUEB1,5","TERCIADOMUEB1,5",1,1,8,281680,2021-08-17 00:00:00,2021-08-17 00:00:00,5332,"",""
"",MAPEAR_PRODUCTO_O_DEJAR_CODIGO_LEGACY,TERMOPOL,TERMOPOL,1,1,8,102592,2024-01-05 00:00:00,2024-01-05 00:00:00,11224,"",""
"",MAPEAR_PRODUCTO_O_DEJAR_CODIGO_LEGACY,TEVINIL,TEVINIL,1,1,22,42306,2020-11-17 00:00:00,2020-11-17 00:00:00,4297,"",""
"",MAPEAR_PRODUCTO_O_DEJAR_CODIGO_LEGACY,TIJERADESASTRE8PULGADA,tijeradesastre8pulgada,1,1,1,8395,2022-12-14 00:00:00,2022-12-14 00:00:00,8098,"",""
"",MAPEAR_PRODUCTO_O_DEJAR_CODIGO_LEGACY,TIMBRES,TIMBRES,1,1,1,140000,2020-08-19 00:00:00,2020-08-19 00:00:00,3982,"",""
"",MAPEAR_PRODUCTO_O_DEJAR_CODIGO_LEGACY,"TIPTOP2,5CMS","TIPTOP2,5CMS",1,1,100,4800,2021-07-22 00:00:00,2021-07-22 00:00:00,5329,"",""
"",MAPEAR_PRODUCTO_O_DEJAR_CODIGO_LEGACY,TIRADORES,TIRADORES,1,1,1,7983,2022-09-26 00:00:00,2022-09-26 00:00:00,7626,"",""
"",MAPEAR_PRODUCTO_O_DEJAR_CODIGO_LEGACY,TOPE,TOPE,1,1,4,4368,2024-06-06 00:00:00,2024-06-06 00:00:00,11751,"",""
"",MAPEAR_PRODUCTO_O_DEJAR_CODIGO_LEGACY,TOR0781,TOR0781,1,1,2,5800,2024-09-24 00:00:00,2024-09-24 00:00:00,12424,"",""
"",MAPEAR_PRODUCTO_O_DEJAR_CODIGO_LEGACY,TORNILLO6X15X8,tornillo6x15x8,1,1,100,1700,2022-09-26 00:00:00,2022-09-26 00:00:00,7452,"",""
"",MAPEAR_PRODUCTO_O_DEJAR_CODIGO_LEGACY,TORNILLOTIRAFONDO,TORNILLOTIRAFONDO,1,1,45,13050,2021-08-27 00:00:00,2021-08-27 00:00:00,5387,"",""
"",MAPEAR_PRODUCTO_O_DEJAR_CODIGO_LEGACY,TORNILLOVOLCANITA,TORNILLOVOLCANITA,1,1,100,1300,2024-05-17 00:00:00,2024-05-17 00:00:00,11749,"",""
"",MAPEAR_PRODUCTO_O_DEJAR_CODIGO_LEGACY,TORNILLOYESCARCRSZ8X4,TORNILLOYESCARCRSZ8X4,1,1,4,27684,2021-01-11 00:00:00,2021-01-11 00:00:00,4559,"",""
"",MAPEAR_PRODUCTO_O_DEJAR_CODIGO_LEGACY,TRAMPSDM001,TRAMPSDM001,1,1,6,129000,2019-08-06 00:00:00,2019-08-06 00:00:00,2618,"",""
"",MAPEAR_PRODUCTO_O_DEJAR_CODIGO_LEGACY,TUBO13/4,TUBO13/4,1,1,2,23362,2024-03-13 00:00:00,2024-03-13 00:00:00,11102,"",""
"",MAPEAR_PRODUCTO_O_DEJAR_CODIGO_LEGACY,TUNEL21,tunel21,1,1,48,409920,2020-03-16 00:00:00,2020-03-16 00:00:00,3615,"",""
"",MAPEAR_PRODUCTO_O_DEJAR_CODIGO_LEGACY,UNION,UNION,1,1,20,33440,2024-06-03 00:00:00,2024-06-03 00:00:00,11748,"",""
"",MAPEAR_PRODUCTO_O_DEJAR_CODIGO_LEGACY,UNIPERLON60BEIGE,UNIPERLON60BEIGE,1,1,5,29200,2022-01-13 00:00:00,2022-01-13 00:00:00,5889,"",""
"",MAPEAR_PRODUCTO_O_DEJAR_CODIGO_LEGACY,UNIPERLON60ROJO,UNIPERLON60ROJO,1,1,1,5840,2022-01-13 00:00:00,2022-01-13 00:00:00,5889,"",""
"",MAPEAR_PRODUCTO_O_DEJAR_CODIGO_LEGACY,UNIPERLONAZUL,UNIPERLONAZUL,1,1,10,58400,2022-01-13 00:00:00,2022-01-13 00:00:00,5889,"",""
"",MAPEAR_PRODUCTO_O_DEJAR_CODIGO_LEGACY,UNPIN1400,UNPIN1400,1,1,1,5115,2022-11-02 00:00:00,2022-11-02 00:00:00,7872,"",""
"",MAPEAR_PRODUCTO_O_DEJAR_CODIGO_LEGACY,UNPN1390,unpn1390,1,1,6,20724,2022-12-06 00:00:00,2022-12-06 00:00:00,8151,"",""
"",MAPEAR_PRODUCTO_O_DEJAR_CODIGO_LEGACY,VELC250000BEIR,VELC250000BEIR,1,1,5,24580,2024-02-22 00:00:00,2024-02-22 00:00:00,11130,"",""
"",MAPEAR_PRODUCTO_O_DEJAR_CODIGO_LEGACY,VELC250000ROJR,VELC250000ROJR,1,1,5,24580,2024-02-22 00:00:00,2024-02-22 00:00:00,11130,"",""
"",MAPEAR_PRODUCTO_O_DEJAR_CODIGO_LEGACY,VELC500000BEIR,VELC500000BEIR,1,1,5,45500,2024-02-22 00:00:00,2024-02-22 00:00:00,11130,"",""
"",MAPEAR_PRODUCTO_O_DEJAR_CODIGO_LEGACY,VELC500000GRISR,VELC500000GRISR,1,1,5,43500,2021-05-03 00:00:00,2021-05-03 00:00:00,4968,"",""
"",MAPEAR_PRODUCTO_O_DEJAR_CODIGO_LEGACY,VELC500000ROJR,VELC500000ROJR,1,1,5,45500,2024-02-22 00:00:00,2024-02-22 00:00:00,11130,"",""
"",MAPEAR_PRODUCTO_O_DEJAR_CODIGO_LEGACY,VELC5GRISR,VELC5GRISR,1,1,5,43500,2021-07-22 00:00:00,2021-07-22 00:00:00,5364,"",""
"",MAPEAR_PRODUCTO_O_DEJAR_CODIGO_LEGACY,VELCRO2.5CMBLANCO,VELCRO2.5CMBLANCO,1,1,20,98320,2024-05-24 00:00:00,2024-05-24 00:00:00,11742,"",""
"",MAPEAR_PRODUCTO_O_DEJAR_CODIGO_LEGACY,VELCRO5.0CMROJO,VELCRO5.0CMROJO,1,1,5,45500,2024-05-24 00:00:00,2024-05-24 00:00:00,11742,"",""
"",MAPEAR_PRODUCTO_O_DEJAR_CODIGO_LEGACY,VELOUR,VELOUR,1,1,24,56472,2024-07-22 00:00:00,2024-07-22 00:00:00,11823,"",""
"",MAPEAR_PRODUCTO_O_DEJAR_CODIGO_LEGACY,VIPUGREEN,VIPUGREEN,1,1,3,12354,2025-02-10 00:00:00,2025-02-10 00:00:00,13451,"",""
"",MAPEAR_PRODUCTO_O_DEJAR_CODIGO_LEGACY,VIPULBLACK,vipulblack,1,1,14,57652,2024-11-05 00:00:00,2024-11-05 00:00:00,12667,"",""
"",MAPEAR_PRODUCTO_O_DEJAR_CODIGO_LEGACY,VIPULEMON,VIPULEMON,1,1,3,12354,2025-02-10 00:00:00,2025-02-10 00:00:00,13451,"",""
"",MAPEAR_PRODUCTO_O_DEJAR_CODIGO_LEGACY,VIPURED,VIPURED,1,1,3,12354,2025-02-10 00:00:00,2025-02-10 00:00:00,13451,"",""
"",MAPEAR_PRODUCTO_O_DEJAR_CODIGO_LEGACY,VIPUROBL,VIPUROBL,1,1,3,12354,2025-02-10 00:00:00,2025-02-10 00:00:00,13451,"",""
"",MAPEAR_PRODUCTO_O_DEJAR_CODIGO_LEGACY,VIPUSKBLUE2,VIPUSKBLUE2,1,1,3,12354,2025-02-10 00:00:00,2025-02-10 00:00:00,13451,"",""
"",MAPEAR_PRODUCTO_O_DEJAR_CODIGO_LEGACY,YN,YN,1,1,45,99540,2022-09-29 00:00:00,2022-09-29 00:00:00,7404,"",""
"",MAPEAR_PRODUCTO_O_DEJAR_CODIGO_LEGACY,YOYMI,yoymi,1,1,35,320600,2022-12-01 00:00:00,2022-12-01 00:00:00,7982,"",""
"",MAPEAR_PRODUCTO_O_DEJAR_CODIGO_LEGACY,YOYMIAUTOESTIMA,yoymiautoestima,1,1,35,320600,2022-12-01 00:00:00,2022-12-01 00:00:00,8251,"",""
"",MAPEAR_PRODUCTO_O_DEJAR_CODIGO_LEGACY,YOYMIS,yoymis,1,1,35,320600,2022-12-01 00:00:00,2022-12-01 00:00:00,7982,"",""
"",MAPEAR_PRODUCTO_O_DEJAR_CODIGO_LEGACY,YOYMISPENSAMIENTO,yoymispensamiento,1,1,35,320600,2022-12-01 00:00:00,2022-12-01 00:00:00,7982,"",""
"",MAPEAR_PRODUCTO_O_DEJAR_CODIGO_LEGACY,YOYMISPENSAMIENTOS,yoymispensamientos,1,1,35,320600,2022-12-01 00:00:00,2022-12-01 00:00:00,8251,"",""
"",MAPEAR_PRODUCTO_O_DEJAR_CODIGO_LEGACY,ZVCOL0290,ZVCOL0290,1,1,4,1648,2024-10-25 00:00:00,2024-10-25 00:00:00,12638,"",""
