decision_cliente,accion_requerida,bitacora_id,fecha,created_at,usuario,usuario_reporta,texto,odt_aprobada_si_corresponde,comentario_cliente
"",CONFIRMAR_SI_ES_BITACORA_DIARIA_O_ODT,1447,0001-07-05 00:00:00,2026-05-15 22:09:39.834,MARCELO,zalma1,1 colchoneta de 70*50*8 - 5 bolsasd FG - 1 cuadrado de FG.,"",""
"",CONFIRMAR_SI_ES_BITACORA_DIARIA_O_ODT,1,2017-01-11 00:00:00,2026-05-15 22:09:39.711,Oriana,Oriana,bhkhkhjvudf,"",""
"",CONFIRMAR_SI_ES_BITACORA_DIARIA_O_ODT,2,2017-04-04 00:00:00,2026-05-15 22:09:39.711,prueba1,Prueba2,gyjggy,"",""
"",CONFIRMAR_SI_ES_BITACORA_DIARIA_O_ODT,3,2017-04-04 00:00:00,2026-05-15 22:09:39.711,prueba1,Prueba2,hgygyg,"",""
"",CONFIRMAR_SI_ES_BITACORA_DIARIA_O_ODT,4,2017-04-06 00:00:00,2026-05-15 22:09:39.711,zalma1,zalma1,1,"",""
"",CONFIRMAR_SI_ES_BITACORA_DIARIA_O_ODT,5,2017-04-06 00:00:00,2026-05-15 22:09:39.711,zalma1,zalma1,1,"",""
"",CONFIRMAR_SI_ES_BITACORA_DIARIA_O_ODT,6,2017-04-06 00:00:00,2026-05-15 22:09:39.711,zalma1,zalma1,1,"",""
"",CONFIRMAR_SI_ES_BITACORA_DIARIA_O_ODT,7,2017-04-06 00:00:00,2026-05-15 22:09:39.711,edwin1,edwin1,1,"",""
"",CONFIRMAR_SI_ES_BITACORA_DIARIA_O_ODT,8,2017-04-10 00:00:00,2026-05-15 22:09:39.711,zalma1,zalma1,"ruth COCIÒ 1/2 PISCINA REDONDA -CORTO  1 CIRCUITO -1 ASIENTO DE CUNCUNA -2 RUEDAS DE AUTO -1 GATO (MUESTRA NUEVA).rnrnJUDITH: COCIÒ 1 LATERAL - 2 RUEDAS DEL AUTOMOVIL - 4 PETALOS DE LA PISCINA FLOR .rnrnZALMA: COCIÒ: 1/2 CABINA - 1 LATERAL DEL AUTOMOVIL, -CERRO A MANO 1 CABINA -4 TAPABARROS - 2 FAROLES -1 PARABRISA - 1 RUEDA.","",""
"",CONFIRMAR_SI_ES_BITACORA_DIARIA_O_ODT,9,2017-04-10 00:00:00,2026-05-15 22:09:39.711,edwin1,edwin1,-Aseo y lavado de juegosrn-Fundado completo automovilrn-Fundado kit ramparn-Fundado alfombra ludicarn-Carga de modulosrn-Ayuda corte espumarn-Fundado piscina redondarn-Aluzado modulosrn,"",""
"",CONFIRMAR_SI_ES_BITACORA_DIARIA_O_ODT,13,2017-04-10 00:00:00,2026-05-15 22:09:39.711,Judith,zalma1,1 lateral - 2 ruedas del automovil -4 petalos de la piscina flor.,"",""
"",CONFIRMAR_SI_ES_BITACORA_DIARIA_O_ODT,14,2017-04-10 00:00:00,2026-05-15 22:09:39.711,Ruth,zalma1,172 piscina redonda cocio  - corto 1 circuito - 1 asiento de cuncuna - 2 ruedas de auto 1 gato muestra nueva.,"",""
"",CONFIRMAR_SI_ES_BITACORA_DIARIA_O_ODT,10,2017-04-11 00:00:00,2026-05-15 22:09:39.711,edwin1,edwin1,-Viaje a santiago,"",""
"",CONFIRMAR_SI_ES_BITACORA_DIARIA_O_ODT,15,2017-04-11 00:00:00,2026-05-15 22:09:39.711,Ruth,zalma1,cocio 2 petalos -1 piscina flor- corto 2 puf completos -1 cojin de 40 25/4 -1puf de tnt -1 bolsa de tazlan y la cocio 2 vestibuladores mudador.,"",""
"",CONFIRMAR_SI_ES_BITACORA_DIARIA_O_ODT,16,2017-04-11 00:00:00,2026-05-15 22:09:39.711,zalma1,zalma1,1 vestibulador flexor -1 asiento cuncuna -2 puf de ecocuero -y las fundas de tnt -1 manta voladora y su bolsa cerre a mano 3 ruedas del auto -2 hexagonos.,"",""
"",CONFIRMAR_SI_ES_BITACORA_DIARIA_O_ODT,11,2017-04-12 00:00:00,2026-05-15 22:09:39.711,edwin1,edwin1,"-Aseo y lavado de juegosrn-Embalado sillas x 16rn-Embalado mesas x 5rn-Embalado piscina,pelotas,fideosrn-Embalado bloques,sacos de dormirrn-Carga de modulosrn-Repartorn-Carga de modulosrn-Fundado figuras geometricas","",""
"",CONFIRMAR_SI_ES_BITACORA_DIARIA_O_ODT,17,2017-04-12 00:00:00,2026-05-15 22:09:39.711,Ruth,zalma1,cortò 1 vestibulador mudador -5 vestibuladores flexor -4 cubos de 20+20 -16 puntas de colchoneta -laterales de rampa -laterales de los cuadrados del cala -4 vestibuladores rollo -4 cubos de contruccion -bolsas de tnt de cuncuna.,"",""
"",CONFIRMAR_SI_ES_BITACORA_DIARIA_O_ODT,18,2017-04-12 00:00:00,2026-05-15 22:09:39.711,Judith,zalma1,8 colchonetas1*50*4 -1 vestibulador flexor -1 vestibulador mudador -2 cubos de contruccion,"",""
"",CONFIRMAR_SI_ES_BITACORA_DIARIA_O_ODT,19,2017-04-12 00:00:00,2026-05-15 22:09:39.711,zalma1,zalma1,1 circuito -1 cojin de 40*25*4 -1 set de fig geometricas -1 vestibulador rollo -cerre a mano 3 pzas de fig geometricas,"",""
"",CONFIRMAR_SI_ES_BITACORA_DIARIA_O_ODT,12,2017-04-13 00:00:00,2026-05-15 22:09:39.711,edwin1,edwin1,"-Aseo y lavado de juegosrn-Fundado piscina florrn                piscina redondarn                vestibulador flexorrn-Carga de modulos,repartorn-Fundado bloques de construccionrn                asiento cuncunarn                circuitorn                vestibulador mudadorrn-Embalado piscina florrn-Emabalado vehiculo (partes)","",""
"",CONFIRMAR_SI_ES_BITACORA_DIARIA_O_ODT,20,2017-04-13 00:00:00,2026-05-15 22:09:39.711,Ruth,zalma1,cortò 1 cilindro con anillos -7 bolsas de tnt  6 cubos de 20*20 - puntas de colchonetas - bases de piscina esquinera -salio a tomar medidas.,"",""
"",CONFIRMAR_SI_ES_BITACORA_DIARIA_O_ODT,21,2017-04-13 00:00:00,2026-05-15 22:09:39.711,Judith,zalma1,10 cubos de construccion -3 bolsas de tnt 1 colchoneta de 120* 60*4 -cocio a mano 4 cubos de construccion.,"",""
"",CONFIRMAR_SI_ES_BITACORA_DIARIA_O_ODT,22,2017-04-13 00:00:00,2026-05-15 22:09:39.711,zalma1,zalma1,1cilindro -3 anillos 1 bolsa de tnt cuncuna -cerrè a mano 8 cubos de contruccion -7 pzas de fig geometricas -2 anillos -1 cilidro.,"",""
"",CONFIRMAR_SI_ES_BITACORA_DIARIA_O_ODT,23,2017-04-17 00:00:00,2026-05-15 22:09:39.711,edwin1,edwin1,-Aseo y lavado de juegosrn-Armado vestibulador flexorrn-Fundado vestibulador flexorrn-Embalado y aluzado cubos de construcciónrn                                  figuras geometricasrn                                  vestibulador flexorrn                                   circuitorn                                   cuncunarn                                   cubo mágicorn                                   vestibulador mudadorrn                                   colchonetas x 8rn                                   alfombra ludicarn                                   vehículorn                                   organizadorrn-Fundado dados con numeros,"",""
"",CONFIRMAR_SI_ES_BITACORA_DIARIA_O_ODT,24,2017-04-17 00:00:00,2026-05-15 22:09:39.711,Judith,zalma1,1 vestibulador mudador -3 colchonetas 120*60*4 -1 bolsa tnt cubos 20*20 -5 palos de escalera.,"",""
"",CONFIRMAR_SI_ES_BITACORA_DIARIA_O_ODT,25,2017-04-18 00:00:00,2026-05-15 22:09:39.711,zalma1,zalma1,coci 6 cubos de 20*20 cerre a mano 1 vestibulador mudador -1 anillo . corte 1 piscina esquinera.,"",""
"",CONFIRMAR_SI_ES_BITACORA_DIARIA_O_ODT,26,2017-04-18 00:00:00,2026-05-15 22:09:39.711,edwin1,edwin1,"-Aseo y lavado de juegosrn-Fundado colchoneta 1,54x57x8rn                colchonetas x 4rn                piscina esquinerarn-Carga de modulosrn-Embalado y aluzado piscina redondarn                                  tatamirn                                  colchoneta 1,54x57x8rn                                  colchonetas x 4rn                                  piscina esquinerarn                                  cilindro con anillosrn-Armado vestibulador rollorn","",""
"",CONFIRMAR_SI_ES_BITACORA_DIARIA_O_ODT,27,2017-04-18 00:00:00,2026-05-15 22:09:39.711,Ruth,zalma1,cortò 1 colchonetòn -1 multifuncional -11 piscina plegable con acceso - arreglò los moldes.,"",""
"",CONFIRMAR_SI_ES_BITACORA_DIARIA_O_ODT,28,2017-04-18 00:00:00,2026-05-15 22:09:39.711,Judith,zalma1,cerro a mano 6 cubos de 20*20 - 5 palos de escalera -1 palo vestibulador rollo -1 vestibulador mudador cociò 1/2 colchoneton.,"",""
"",CONFIRMAR_SI_ES_BITACORA_DIARIA_O_ODT,29,2017-04-18 00:00:00,2026-05-15 22:09:39.711,zalma1,zalma1,1 piscina esquinera - 1 multifuncional.,"",""
"",CONFIRMAR_SI_ES_BITACORA_DIARIA_O_ODT,34,2017-04-18 00:00:00,2026-05-15 22:09:39.711,Ruth,zalma1,1 colchoneton -1 multifuncional -1 piscina plegable con acceso- arreglos de moldes.,"",""
"",CONFIRMAR_SI_ES_BITACORA_DIARIA_O_ODT,35,2017-04-18 00:00:00,2026-05-15 22:09:39.711,Judith,zalma1,cerro a mano 6 cubos de 20* 20 -5 palos de escala- 1 palo de vestibulador rollo - 1 vestibulador mudador -1/2 colchoneton.,"",""
"",CONFIRMAR_SI_ES_BITACORA_DIARIA_O_ODT,36,2017-04-18 00:00:00,2026-05-15 22:09:39.711,zalma1,zalma1,1 piscina esquinera -1 multifuncional.,"",""
"",CONFIRMAR_SI_ES_BITACORA_DIARIA_O_ODT,37,2017-04-18 00:00:00,2026-05-15 22:09:39.711,zalma1,zalma1,1 piscina esquinera -1 multifuncional.,"",""
"",CONFIRMAR_SI_ES_BITACORA_DIARIA_O_ODT,38,2017-04-18 00:00:00,2026-05-15 22:09:39.711,zalma1,zalma1,1 piscina esquinera -1 multifuncional.,"",""
"",CONFIRMAR_SI_ES_BITACORA_DIARIA_O_ODT,30,2017-04-20 00:00:00,2026-05-15 22:09:39.711,edwin1,edwin1,".-Aseo y lavado de juegosrn-Fundado                centro motricidad calarn                               kit multifuncionalrn                               colchonetas x 3rn                               modulo gatorn                               vestibulador flexor     (armado)rn                               vestibulador rollo x 2  (armado)rn-Descarga de materialrn-Embalado,aluzado centro motricidad calarn                                kit multifuncionalrn                                colchonetas x 3rn                                set dados con numerosrn                                set de funciones motrices","",""
"",CONFIRMAR_SI_ES_BITACORA_DIARIA_O_ODT,31,2017-04-20 00:00:00,2026-05-15 22:09:39.711,Ruth,zalma1,cortò : 2 vestibuladores mudador -42 cuadrados de alfombra ludica - 8 pzas. bowlin gigante -6 pzs. pelotas bowlin -1 luche -6 bases de alfombra ludica -3 set de funciones motrices -1 cubo de fantasia- 1 colchoneta de 97*97 *15. -24 pzas de tunel de arrastre.,"",""
"",CONFIRMAR_SI_ES_BITACORA_DIARIA_O_ODT,32,2017-04-20 00:00:00,2026-05-15 22:09:39.711,Ruth,zalma1,cortò : 2 vestibuladores mudador -42 cuadrados de alfombra ludica - 8 pzas. bowlin gigante -6 pzs. pelotas bowlin -1 luche -6 bases de alfombra ludica -3 set de funciones motrices -1 cubo de fantasia- 1 colchoneta de 97*97 *15. -24 pzas de tunel de arrastre.,"",""
"",CONFIRMAR_SI_ES_BITACORA_DIARIA_O_ODT,39,2017-04-20 00:00:00,2026-05-15 22:09:39.711,Ruth,zalma1,2 vestibuladores nudador - 42 cuadrados alfombras ludicas -8 pzas de bowwleen - 1 luche -6 bases de alfombras ludicas -3 set de funciones motrices -1 cubo de fantasia -1 colchoneta de 97*97*15 .,"",""
"",CONFIRMAR_SI_ES_BITACORA_DIARIA_O_ODT,40,2017-04-20 00:00:00,2026-05-15 22:09:39.711,Judith,zalma1,1 cal nueva) -1  cala completo - 1 gato (muestra) -1 lateral de piscina.,"",""
"",CONFIRMAR_SI_ES_BITACORA_DIARIA_O_ODT,33,2017-04-21 00:00:00,2026-05-15 22:09:39.711,edwin1,edwin1,-Aseo y lavado de juegosrn-Fundado vestibulador mudadorrn                colchonetonrn-Carga de modulosrn-Ayuda corte de espumasrn-Embalado y aluzado vestibulador rollorn                                  vestibulador mudadorrn                                  vestibulador flexorrn                                  columpiorn-Embolsado chinita grandern-Orden y aseo en bodega,"",""
"",CONFIRMAR_SI_ES_BITACORA_DIARIA_O_ODT,41,2017-04-21 00:00:00,2026-05-15 22:09:39.711,Ruth,zalma1,1 puf -1 juego de sabanas -36 tuneles completos.,"",""
"",CONFIRMAR_SI_ES_BITACORA_DIARIA_O_ODT,42,2017-04-21 00:00:00,2026-05-15 22:09:39.711,Judith,zalma1,1 vestibulador rollo - 1 puf completo con funda - 1 juego de sabanes -1 luche - 1 bolsa tnt luche - cerro a mano 1 vestibulador mudador - 2 palos vestibulador rollo corto numeros de luche.,"",""
"",CONFIRMAR_SI_ES_BITACORA_DIARIA_O_ODT,43,2017-04-21 00:00:00,2026-05-15 22:09:39.711,zalma1,zalma1,1 piscina plegable con acceso,"",""
"",CONFIRMAR_SI_ES_BITACORA_DIARIA_O_ODT,51,2017-04-21 00:00:00,2026-05-15 22:09:39.711,1026,laura2,ordeno espumas- 1 colchoneton- corto túneles- corto 2 ludicas- ordeno- corto manos y pies,"",""
"",CONFIRMAR_SI_ES_BITACORA_DIARIA_O_ODT,48,2017-04-24 00:00:00,2026-05-15 22:09:39.711,Ruth,zalma1,64 tuneles -,"",""
"",CONFIRMAR_SI_ES_BITACORA_DIARIA_O_ODT,49,2017-04-24 00:00:00,2026-05-15 22:09:39.711,Judith,zalma1,19 tuneles,"",""
"",CONFIRMAR_SI_ES_BITACORA_DIARIA_O_ODT,50,2017-04-24 00:00:00,2026-05-15 22:09:39.711,zalma1,zalma1,2 lfombras ludicas -1 colchoneta de 1*1*15 -6 bowleen y 2 pelotas -cerre a mano el juego de bowleen  bolsa de tnt bowleen,"",""
"",CONFIRMAR_SI_ES_BITACORA_DIARIA_O_ODT,44,2017-04-25 00:00:00,2026-05-15 22:09:39.711,1026,laura2,Corto 20 pzas tunel arrastre- dio vueltas fdas tunel- enfundo pzas tunel,"",""
"",CONFIRMAR_SI_ES_BITACORA_DIARIA_O_ODT,45,2017-04-25 00:00:00,2026-05-15 22:09:39.711,Ruth,zalma1,2 cubos didacticos -8 alfombras plegables -1 colchoneta clinica 2 puf pera.,"",""
"",CONFIRMAR_SI_ES_BITACORA_DIARIA_O_ODT,46,2017-04-25 00:00:00,2026-05-15 22:09:39.711,Judith,zalma1,51 pies - 11 tuneles - nudo de amaca.,"",""
"",CONFIRMAR_SI_ES_BITACORA_DIARIA_O_ODT,47,2017-04-25 00:00:00,2026-05-15 22:09:39.711,zalma1,zalma1,19 tuneles -1 colchoneta clinica -5 juegos de manos (60 manos y17 pies).,"",""
"",CONFIRMAR_SI_ES_BITACORA_DIARIA_O_ODT,52,2017-04-25 00:00:00,2026-05-15 22:09:39.711,edwin1,edwin1,-Aseo y lavado de juegosrn-Arreglo cables oficinarn-Fundado túnel de arrastre x 10 piezasrn-Ayuda traslado rollos cuerinarn-Carga de modulosrn-Embalado 2 cajas chicasrn                  piscina con accesorn                  pelotas plásticasrn                  surtido juguetes,"",""
"",CONFIRMAR_SI_ES_BITACORA_DIARIA_O_ODT,53,2017-04-26 00:00:00,2026-05-15 22:09:39.711,edwin1,edwin1,"-Aseo y lavado de juegosrn-Vaciado tarros de basurarn-Fundado túnel de arrastre x 10 piezasrn-Carga de modulosrn-Aluzado colchoneta blancarn-Embalado manta voladorarn                  sabanasrn                  almohadarn                  alfombra ludicarn                  luche,bowlingrn-Ayuda traslado rollos cuerinarn-Ayuda corte de espumarn-Fundado alfombra ludica x 4rnrn","",""
"",CONFIRMAR_SI_ES_BITACORA_DIARIA_O_ODT,54,2017-04-26 00:00:00,2026-05-15 22:09:39.711,Judith,zalma1,3 alfombras lùdicas -1cilindro de60*30.,"",""
"",CONFIRMAR_SI_ES_BITACORA_DIARIA_O_ODT,55,2017-04-26 00:00:00,2026-05-15 22:09:39.711,Ruth,zalma1,1 kit de salto -1 cilindro de 60*30 -1 kit rampa -1 cilindro de entrenamiento -1 rulo -3 pzas del ying yang.,"",""
"",CONFIRMAR_SI_ES_BITACORA_DIARIA_O_ODT,56,2017-04-26 00:00:00,2026-05-15 22:09:39.711,zalma1,zalma1,29  tuneles  -cerre a mano 1 colchoneta clinica.,"",""
"",CONFIRMAR_SI_ES_BITACORA_DIARIA_O_ODT,57,2017-04-27 00:00:00,2026-05-15 22:09:39.711,edwin1,edwin1,-Aseo y lavado de juegosrn-Fundado alfombra ludicarn                cilindrorn                modulo ying yangrn-Embalado vestibulador flexorrn                  alfombra ludica x 5rn-Ayuda rollo cuerinarn-Aseorn          LENNYrn-Pegado de ratazxosrn-Vestibulador mudadadorrn-Cilindro de entrenamientorn-Colchonetas plegables x 2rn-Rulos x 2rn-kit rampa,"",""
"",CONFIRMAR_SI_ES_BITACORA_DIARIA_O_ODT,58,2017-04-27 00:00:00,2026-05-15 22:09:39.711,Lennin,edwin1,PEGADO DE RETAZOSrnVESTIBULADOR MUDADORrnCILINDRO DE ENTRENAMIENTO 150X60rnCOLCHONETAS P`LEGABLES X 2rnRULOS X 2rnKIT RAMPA,"",""
"",CONFIRMAR_SI_ES_BITACORA_DIARIA_O_ODT,59,2017-04-27 00:00:00,2026-05-15 22:09:39.711,Ruth,zalma1,4 pzas del ying yang -1 cubo de fantacia -1 alfombra ludica -3 colchonetas de 1* 1 *10 -2 rampas de 40*60*20 -  2 rampas de 40*60*30 -2 cilindros de 60*30 -2 cilindros de 120*30  2 cilindros de 40*20 .,"",""
"",CONFIRMAR_SI_ES_BITACORA_DIARIA_O_ODT,60,2017-04-27 00:00:00,2026-05-15 22:09:39.711,Judith,zalma1,1 alfombra ludica -1 colchoneta plegable -cerro 24 tuneles.- 2 puf,"",""
"",CONFIRMAR_SI_ES_BITACORA_DIARIA_O_ODT,61,2017-04-27 00:00:00,2026-05-15 22:09:39.711,zalma1,zalma1,modulo ying yang -1 pza del kit de salto,"",""
"",CONFIRMAR_SI_ES_BITACORA_DIARIA_O_ODT,62,2017-04-28 00:00:00,2026-05-15 22:09:39.711,edwin1,edwin1,ASEO Y LAVADO DE JUEGOSrnFUNDADO RULOrn                   VESTIBULADOR MUDADORrn                   COLCHONETA PLAGABLErn                   RAMPAS X 6rn                   COLCHONETAS X 2rn                   CILINDROS X 4rnALUZADO GIN GANrn                  CAJAS X 2rn                  CILINDROS X 4rn                  RAMPAS X 6rnEMBALADO RULOrnORDEN DE BODEGArnCARGA DE MODULOSrn,"",""
"",CONFIRMAR_SI_ES_BITACORA_DIARIA_O_ODT,63,2017-04-28 00:00:00,2026-05-15 22:09:39.711,Lennin,edwin1,3 piscinas cuadradasrn6 cuñasrn6 cilindrosrn2 cortes 100 x100 x10rn4 cortes 80 x 80 x6rn6 cuadrados 50x50x25(circuito tropìco)rn6 olas 50x50x25 (circuito tropico)rn,"",""
"",CONFIRMAR_SI_ES_BITACORA_DIARIA_O_ODT,64,2017-04-28 00:00:00,2026-05-15 22:09:39.711,Judith,zalma1,2 fundas de tnt puf- 6 rampas -2 laterales de piscina - cerro a mano 4 rampas -1 vestibulador mudador.,"",""
"",CONFIRMAR_SI_ES_BITACORA_DIARIA_O_ODT,65,2017-04-28 00:00:00,2026-05-15 22:09:39.711,Ruth,zalma1,cortò 3 piscinas 120*120*10 -2 rampas de 40*40*20 -4 colchonetas de hule 80*80*6  cocio 3 pzas de piscina.,"",""
"",CONFIRMAR_SI_ES_BITACORA_DIARIA_O_ODT,66,2017-04-28 00:00:00,2026-05-15 22:09:39.711,zalma1,zalma1,3 colchonetas de 1*1**10 -6 cilindros -4 colchonetas de hule 80*80*6 -1 lateral de piscina.,"",""
"",CONFIRMAR_SI_ES_BITACORA_DIARIA_O_ODT,67,2017-05-02 00:00:00,2026-05-15 22:09:39.711,Lennin,edwin1,-corto 6 escalas de circuito tropicorn-1 cubo de fantasíarn-corto 1 piscina rectangularrn-pego retazorn-hizo 1 vestibulador rollo (falto pegarle lamina de 2)rn-hizo 1 cilindro de 120x30 (falto lamina de 2)(cala)rn-hizo 1 cilindro den 60x30(falto lamina de 2)rn-corto piezas del cala,"",""
"",CONFIRMAR_SI_ES_BITACORA_DIARIA_O_ODT,68,2017-05-02 00:00:00,2026-05-15 22:09:39.711,edwin1,edwin1,ASEO Y LAVADO DE JUEGOSrnFUNDADO COLCHONETAS ULE X 4rn                   CILINDROS X 2rn                   PISCINA CUADRADA X 3rnAYUDA CORTE DE ESPUMArnALUZADO COLCHONETAS ULE X 4rn                  CILINDROS X 2rnAYUDA CORTE DE ESPUMArnALUZADO PISCINA CUADRADA X 2rn                  TUNEL DE ARRASTRE X 3,"",""
"",CONFIRMAR_SI_ES_BITACORA_DIARIA_O_ODT,69,2017-05-02 00:00:00,2026-05-15 22:09:39.711,Judith,zalma1,3 PZAS DE LAPISCINA -1 KIT RAMPA -1/2 CUBO DE FANTASIA.,"",""
"",CONFIRMAR_SI_ES_BITACORA_DIARIA_O_ODT,70,2017-05-02 00:00:00,2026-05-15 22:09:39.711,Ruth,zalma1,CORTÒ  2 BOLSAS DE TNT -1 LATERAL DE PISCINA -COCIÒ 1 BOLSA DE TNT - 2 PZAS DE LA PISCINA -1 KIT DE SALTO.,"",""
"",CONFIRMAR_SI_ES_BITACORA_DIARIA_O_ODT,71,2017-05-02 00:00:00,2026-05-15 22:09:39.711,zalma1,zalma1,4 PZAS DE LA PISCINA -1 CILNDRO ENTRENAMIENTO - 1 ALFOMBRA  LUDICA -1 BOLSA DE TNT,"",""
"",CONFIRMAR_SI_ES_BITACORA_DIARIA_O_ODT,72,2017-05-03 00:00:00,2026-05-15 22:09:39.711,Lennin,edwin1,-hizo corte de 100x100x10(colchoneta)rn-hizo 2 set rueda girasolrn-1 corte alfombra ludicarn-3 corte para colchoneta 120x60x4rn-piscina redondarn-pego retazo rn-hizo cuncuna y 3 soportes modulo nuevo muestra(falta escala y rampa),"",""
"",CONFIRMAR_SI_ES_BITACORA_DIARIA_O_ODT,73,2017-05-03 00:00:00,2026-05-15 22:09:39.711,edwin1,edwin1,ASEO Y LAVADO DE JUEGOSrnALUZADO COLCHONETA CUADRADA X 3rn                   TATAMIrn                   COLCHONETA CON MONOSrnFUNDADO KIT RAMPArn                   CUBO MAGICOrn                   KIT SALTOrn                   CILINDRO DE ENTRENAMIENTOrnCARGA DE MODULOSrnAYUDA CORTE ESPUMArnEMBALADO KIT SALTO,"",""
"",CONFIRMAR_SI_ES_BITACORA_DIARIA_O_ODT,74,2017-05-03 00:00:00,2026-05-15 22:09:39.711,Judith,zalma1,1/2 CUBO DE FANTASIA - 1 BOLSA DE TNT DEL CUBO FANTASIA -10 TAPAS DE CUBOS NUEVOS -CERRÒ A MANO 3 HEXAGONOS -1CUBO DE FANTASIA.,"",""
"",CONFIRMAR_SI_ES_BITACORA_DIARIA_O_ODT,75,2017-05-03 00:00:00,2026-05-15 22:09:39.711,Ruth,zalma1,CORTÒ 1 PISCINA FLOR -1PISCINA RECTANGULAR -7 BOLSAS DE TNT PLATOS DE EQUILIBRIO -2 BOLSAS DE TNT CUBOS 20*20 -1 BOLSA CUBO FANTASIA -1 PISCINA REDONDA. COCIO 1 PISCINA DE LA PISCINA FLOR,"",""
"",CONFIRMAR_SI_ES_BITACORA_DIARIA_O_ODT,76,2017-05-03 00:00:00,2026-05-15 22:09:39.711,zalma1,zalma1,1 LATERAL DE PISCINA CUADRADA - 2 LATERALES PISCINA RECTANGULAR -18 TUNELES.,"",""
"",CONFIRMAR_SI_ES_BITACORA_DIARIA_O_ODT,77,2017-05-04 00:00:00,2026-05-15 22:09:39.711,Lennin,edwin1,-terminar modulo nuevorn-deje cortada espuma para 2 flexoresrn-corte 20 piezas de tunel de arrastrern-enfunde piscina rectangularrn-pegue retazo (para piscina flor)rn-deje cortada piezas para piscina,"",""
"",CONFIRMAR_SI_ES_BITACORA_DIARIA_O_ODT,78,2017-05-04 00:00:00,2026-05-15 22:09:39.711,edwin1,edwin1,ASEO Y LAVADO DE JUEGOSrnFUNDADO ALFOMBRA LUDICArnALUZADO COLCHONETA PLEGABLErnRELLENO CUBOS X 2rnEMBALADO CILINDRO ENTRENAMIENTO     rn                     KIT RAMPArn                     ARENEROrn                     CILINDRO 60 X 30rn                     PISCINA CUADRADArn                     CUBO MAGICOrn                     ALFOMBRA LUDICArn                     PISCINA RECTANGULARrnINVENTARIO ROLLOS CUERINArn,"",""
"",CONFIRMAR_SI_ES_BITACORA_DIARIA_O_ODT,79,2017-05-04 00:00:00,2026-05-15 22:09:39.711,Judith,zalma1,2 CUBOS BLANDITOS NUEVOS -1 PISCINA REDONDA - 2 MANGAS.,"",""
"",CONFIRMAR_SI_ES_BITACORA_DIARIA_O_ODT,80,2017-05-04 00:00:00,2026-05-15 22:09:39.711,Ruth,zalma1,CORTÒ EL DRAGON JUEGO NUEVO -5 OLAS DEL CIRCUITO TROPICO -COCIÒ 3 PETALOS DE LA FLOR.,"",""
"",CONFIRMAR_SI_ES_BITACORA_DIARIA_O_ODT,81,2017-05-04 00:00:00,2026-05-15 22:09:39.711,zalma1,zalma1,COCÌ 1EL DRAGÒN ALLEGRO -3 PIEZAS DE LA PISCINA RECTANGULAR -1 BOLSA TNT CUBOS NUEVOS - CERRÈ A MANO EL DRAGON.,"",""
"",CONFIRMAR_SI_ES_BITACORA_DIARIA_O_ODT,82,2017-05-05 00:00:00,2026-05-15 22:09:39.711,Lennin,edwin1,TERMINACION JUEGO NUEVOrnSERIGRAFIArnCUBIERTA DE CILINDROSrn(LAMINAS DE 2)rn2 FLEXOREPISCINA FLOR COMPLETArn,"",""
"",CONFIRMAR_SI_ES_BITACORA_DIARIA_O_ODT,83,2017-05-05 00:00:00,2026-05-15 22:09:39.711,edwin1,edwin1,ASEO Y LAVADO DE JUEGOSrnASEO Y LIMPIEZA INTERIOR CAMIONETA DE REPARTOrnFUNDADO PISCINA FLORrn                   MODULO DRAGONrn                   TUNEL DE ARRASTRErnALUZADO PISCINA FLORrn                  MODULO DRAGONrnCARGA DE MODULOSrnAYUDA ESTAMPADO SERIGRAFIArnFUNDADO TUNEL DE ARRASTRE X 3,"",""
"",CONFIRMAR_SI_ES_BITACORA_DIARIA_O_ODT,84,2017-05-05 00:00:00,2026-05-15 22:09:39.711,Judith,zalma1,3 JUEGOS DE CIRCUITO- 12 BOLSAS DE TNT CHICAS -4 BOLSAS DE TNT GRANDES - 1 PETALO DE LA FLOR,"",""
"",CONFIRMAR_SI_ES_BITACORA_DIARIA_O_ODT,85,2017-05-05 00:00:00,2026-05-15 22:09:39.711,Ruth,zalma1,CORTÒ 5 CUADRADOS -5 ESCALAS -DE CIRCUITO -34 BOLSAS DE TNT -4 PROTECTORES DE JUEGO MADERA -3 RUEDAS GIRASOL,"",""
"",CONFIRMAR_SI_ES_BITACORA_DIARIA_O_ODT,86,2017-05-05 00:00:00,2026-05-15 22:09:39.711,zalma1,zalma1,1 BOLSA TNT CUBO 20*20 -2 JUEGOS DE CIRCUITO -4 PROYECTORES JUEGOS MADERA -2 PETALOS -2 BOLSAS DE TNT MEDIANAS,"",""
"",CONFIRMAR_SI_ES_BITACORA_DIARIA_O_ODT,87,2017-05-08 00:00:00,2026-05-15 22:09:39.711,Judith,zalma1,3 sacos de tazlan - 1 paño de alfombra ludica,"",""
"",CONFIRMAR_SI_ES_BITACORA_DIARIA_O_ODT,88,2017-05-08 00:00:00,2026-05-15 22:09:39.711,Ruth,zalma1,5 fundas de protectores juego de madera -1 colchoneta de 180*60*3 -4 alfombras ludicas -2 sillones cala -2 pedestales rueda girasol,"",""
"",CONFIRMAR_SI_ES_BITACORA_DIARIA_O_ODT,89,2017-05-08 00:00:00,2026-05-15 22:09:39.711,zalma1,zalma1,5 fundas protectores -1 colchoneta de 180*60*3 - 1 alfombra ludica 48 manos -68 pies,"",""
"",CONFIRMAR_SI_ES_BITACORA_DIARIA_O_ODT,90,2017-05-08 00:00:00,2026-05-15 22:09:39.711,edwin1,edwin1,ASEO Y LAVADO DE JUEGOSrnFUNDADO TUNEL DE ARRASTRE X3rnSrnArnNrnTrnIrnArnGrnOrn,"",""
"",CONFIRMAR_SI_ES_BITACORA_DIARIA_O_ODT,94,2017-05-08 00:00:00,2026-05-15 22:09:39.711,Lennin,edwin1,SILLONES CALArnCARGA CAMIONETA DON CARLOSrnCORTE DE LUDICAS X 4rnCORTE LAMINA PARA TUNELES,"",""
"",CONFIRMAR_SI_ES_BITACORA_DIARIA_O_ODT,91,2017-05-09 00:00:00,2026-05-15 22:09:39.711,Judith,zalma1,2 alfombras ludicas -1/2 sillon cala.,"",""
"",CONFIRMAR_SI_ES_BITACORA_DIARIA_O_ODT,92,2017-05-09 00:00:00,2026-05-15 22:09:39.711,Ruth,zalma1,4 pedestales girsol -2 cenefas de teatro -1 cilindro de 60*30 - 1 circhito tropico -1 vetibulador rollo -2 bolsas de tnt sillones - 2 colchonetas de 120*60*4 -3 cojines con texturas,"",""
"",CONFIRMAR_SI_ES_BITACORA_DIARIA_O_ODT,93,2017-05-09 00:00:00,2026-05-15 22:09:39.711,zalma1,zalma1,1 alfombra ludica -1 sillon cala - 1 colchoneta plegable 2*1.50 -1 bolsa del sillon cala -cerre a mano 1 sillon cala,"",""
"",CONFIRMAR_SI_ES_BITACORA_DIARIA_O_ODT,95,2017-05-09 00:00:00,2026-05-15 22:09:39.711,Lennin,edwin1,ARMADO TEATRO TITERESrnBARNIZADO TEATRO TITERESrnCARGA CAMIONETA SEBASTIANrnVER ASUNTO PORTON CON EDWINrnCORTES LATERALES PISCINA PLEGABLE CON ACCESOrnBARNIZADO PLATOS EQUILIBRIOS,"",""
"",CONFIRMAR_SI_ES_BITACORA_DIARIA_O_ODT,96,2017-05-10 00:00:00,2026-05-15 22:09:39.711,edwin1,edwin1,ASEO Y LAVADO DE JUEGOSrnEMBALADO PLATOS DE EQUILIBRIOrn                     PIZARRArn                     ALFOMBRA LUDICA X 4rn                     SILLONES CALA X 2rn                     TEATROS X 2rn                     PELOTAS DE PLASTICO Y ACCESORIOSrnTRASLADO DE CAJASrnCARGA DE MODULOSrnFUNDADO SOPORTE RUEDA GIRASOL,"",""
"",CONFIRMAR_SI_ES_BITACORA_DIARIA_O_ODT,97,2017-05-10 00:00:00,2026-05-15 22:09:39.711,Lennin,edwin1,RUEDA GIRASOLrnVESTIR TEATRO TITERE X 2rnPISCINA CUADRADArnCARGA DE CAMIONETA CLIENTE Y SEBASTIANrnPEGADO DE RETAZOSrnAVANCE CILINDRO ENTRENAMIENTO Y SOPORTESrn,"",""
"",CONFIRMAR_SI_ES_BITACORA_DIARIA_O_ODT,98,2017-05-10 00:00:00,2026-05-15 22:09:39.711,Judith,zalma1,1/2 sillon cala - 2 soportes de girasol -1 rueda girasol .- cerro sillon cala a mano.,"",""
"",CONFIRMAR_SI_ES_BITACORA_DIARIA_O_ODT,99,2017-05-11 00:00:00,2026-05-15 22:09:39.711,Ruth,zalma1,6 bolsas tnt circuito tropico - 1 vestibulador flexor -   1 puf pera - 1 set de pzas del arenero - 7 protectores de pilar - 3 rampas - 1 cilindro de entrenamiento completo.,"",""
"",CONFIRMAR_SI_ES_BITACORA_DIARIA_O_ODT,100,2017-05-11 00:00:00,2026-05-15 22:09:39.711,zalma1,zalma1,1 bolsa tnt sillon cala - 2 ruedas girasol - 4 soportes,"",""
"",CONFIRMAR_SI_ES_BITACORA_DIARIA_O_ODT,101,2017-05-11 00:00:00,2026-05-15 22:09:39.711,edwin1,edwin1,LIMPIEZA DE JUEGOSrnFUNDADO SOPORTES R GIRASOL X 5rn                    RAMPAS R GIRASOL X 3rn                    RUEDArnAYUDA CORTE DE ESPUMArnORDEN DE BODEGArnMOVIMIENTO Y TAPADO DE MODULOS POR LLUVIArnFUNDADO PISCINA REDONDArnFUNDADOrnCIRCUITO TROPICO,"",""
"",CONFIRMAR_SI_ES_BITACORA_DIARIA_O_ODT,102,2017-05-11 00:00:00,2026-05-15 22:09:39.711,Lennin,edwin1,CORTE Y ARMADO CILINDRO DE ENTRENAMIENTOrnCORTE SET DE GATEOrnCORTE CUNCUNA (ASIENTO)rn13 CORTES 120X60X10rnPEGADO DE RETAZOSrnMOVIMIENTO Y TAPADO DE MODULOSrnCORTE 2 SET DE 6 CUBOS 20X20X20rn,"",""
"",CONFIRMAR_SI_ES_BITACORA_DIARIA_O_ODT,103,2017-05-11 00:00:00,2026-05-15 22:09:39.711,Ruth,zalma1,cocio 6 bolsas tnt de cicuito -2 bolsas tnt plato de equilibrio -corto 5 colchonetas del vitamina,"",""
"",CONFIRMAR_SI_ES_BITACORA_DIARIA_O_ODT,104,2017-05-11 00:00:00,2026-05-15 22:09:39.711,Judith,zalma1,2 vestibuladores mudador -1 vestibulador rollo - cerro 12 tuneles,"",""
"",CONFIRMAR_SI_ES_BITACORA_DIARIA_O_ODT,105,2017-05-11 00:00:00,2026-05-15 22:09:39.711,zalma1,zalma1,3rampas de girasol -1 circuito tropico -1 cilindro de 60*30  -3 rectangulos set arenero - 2 colchonetas mudador cerre a mano 1 soporte de rueda girasol,"",""
"",CONFIRMAR_SI_ES_BITACORA_DIARIA_O_ODT,106,2017-05-12 00:00:00,2026-05-15 22:09:39.711,edwin1,edwin1,"ASEO,LAVADO DE JUEGOSrnEMBALADO PISCINA REDONDA,PELOTAS PLASTICASrnDESCARGA DE MODULOS,CAJAS,MATERIALrnEMBALADO TUNEL DE ARRASTRE X 2rnEMBOLSADO CIRCUITO TROPICO X 2rnEMBALADO RUEDA GIRASOLrnEMBALADO SOPORTES Y RAMPArnEMBALADO CIRCUITO TROPICO X 2rnORDEN","",""
"",CONFIRMAR_SI_ES_BITACORA_DIARIA_O_ODT,107,2017-05-12 00:00:00,2026-05-15 22:09:39.711,Lennin,edwin1,"10 MUDADORES 80X73,5X6,5rn7 PROTECTORES TUBULARES 120X57X6rn2 CORTES DE 137X22X11  - 1 CORTE DE 178X22X11rnCORTE DE PISCINA CUADRADArnEMBALAJE CAJAS C/CAMIONESrnCARGA DE MODULOS CAMIONETA DON CARLOSrnTRASLADO DE CAJAS A OFICINA","",""
"",CONFIRMAR_SI_ES_BITACORA_DIARIA_O_ODT,108,2017-05-12 00:00:00,2026-05-15 22:09:39.711,Judith,zalma1,6 PROTECTORES DEL VITAMINA -1 VESTIBULADOR FLEXOR -CERRÒ A MANO2 S OPORTES DEL GIRASOL.,"",""
"",CONFIRMAR_SI_ES_BITACORA_DIARIA_O_ODT,109,2017-05-12 00:00:00,2026-05-15 22:09:39.711,Ruth,zalma1,CORTÒ 7 COLCHONETAS DEL VITAMINA 4 LATERALES DE LA PISCINA CON ACCESO - COCIÒ 4 BOLSAS DE TNT PLATOS DE EQUILIBRIO -CERRÒ A MANO 1 SOPORTE DE GIRASOL,"",""
"",CONFIRMAR_SI_ES_BITACORA_DIARIA_O_ODT,110,2017-05-12 00:00:00,2026-05-15 22:09:39.711,zalma1,zalma1,10 COLCHONETAS DEL VITAMINA -1 PROTECTOR DEL VITAMINA - 1 COLCHONETA DE 120*60*4 - CERRÈ A MANO 2 SOPORTES DE GIRASOL,"",""
"",CONFIRMAR_SI_ES_BITACORA_DIARIA_O_ODT,111,2017-05-15 00:00:00,2026-05-15 22:09:39.711,Judith,zalma1,2 laterales largos - 2 laterales cortos sin vellcros -1 escala de la piscina con acceso - cerro a mano rueda girasol el costado del cierre,"",""
"",CONFIRMAR_SI_ES_BITACORA_DIARIA_O_ODT,112,2017-05-15 00:00:00,2026-05-15 22:09:39.711,Ruth,zalma1,corto colchoneta de 126*126 piscina con acceso - 2 piscinas de 1*1 - 6 set de bowleen,"",""
"",CONFIRMAR_SI_ES_BITACORA_DIARIA_O_ODT,113,2017-05-15 00:00:00,2026-05-15 22:09:39.711,zalma1,zalma1,1 colchoneta de 120*60*4 -1 cala completo - 1 vestibulador flexor - 1 puf cala con funda de tnt - 1 cilindro de entrenamiento,"",""
"",CONFIRMAR_SI_ES_BITACORA_DIARIA_O_ODT,114,2017-05-15 00:00:00,2026-05-15 22:09:39.711,edwin1,edwin1,ASEO Y LAVADO DE JUEGOSrnFUNDADO TUNEL ARRASTRE X 4 PIEZASrnSrnArnNrnTrnIrnArnGrnOrn,"",""
"",CONFIRMAR_SI_ES_BITACORA_DIARIA_O_ODT,116,2017-05-15 00:00:00,2026-05-15 22:09:39.711,Lennin,edwin1,FUNDADO CALArn                    CIRCUITO TROPICO X 4rn                    PROTECTORES Y ALUZADO X 7rn                    GATEOrn                    TUNEL DE ARRASTRErn                    MUDADORrnPEGADO DE RETAZOSrnCORTE DE CILINDRO 120 X 30rn,"",""
"",CONFIRMAR_SI_ES_BITACORA_DIARIA_O_ODT,115,2017-05-16 00:00:00,2026-05-15 22:09:39.711,edwin1,edwin1,ASEO Y LAVADO DE JUEGOSrnCORTE DE CUERDAS X 30 UNIDADESrnCARGA DE MODULOSrnFUNDADO TUNELN DE ARRASTRE  X 6 PIEZASrnEMBALADO RUEDA GIRASOL X 2rn                     RAMPAS X 2 rn                     SOPORTES X 4rn                     ESPEJOS X 2rn                     CIRCUITO TROPICO X 3rn                     TUNEL DE ARRASTRErnCARGA DE MODULOSrnEMBALADO PLATOS DE EQUILIBRIOrnrn,"",""
"",CONFIRMAR_SI_ES_BITACORA_DIARIA_O_ODT,117,2017-05-16 00:00:00,2026-05-15 22:09:39.711,Lennin,edwin1,FUNDADO CILINDRO DE ENTRENAMIENTOrn                    1 CORTE DE 178X22X11rn                     2 CORTES DE 137X22X11rn                     GATEOrn                     VESTIBULADOR ROLLOrn                     CILINDRO 60X30rn                     CILINDRO CALArn                     ESCALA PISCINA PLEGABLErnPEGADO DE GOMA PLATOS E EQUILIBRIOrnACOMODO PUNTAS TUNEL DE ARRASTRE,"",""
"",CONFIRMAR_SI_ES_BITACORA_DIARIA_O_ODT,118,2017-05-16 00:00:00,2026-05-15 22:09:39.711,Judith,zalma1,cerrò  17 tuneles a maquina puso lows velcros a la escaleramde la piscina -2 set de bowleen y relleno  -cerro a mano 1 set de bowleen,"",""
"",CONFIRMAR_SI_ES_BITACORA_DIARIA_O_ODT,119,2017-05-16 00:00:00,2026-05-15 22:09:39.711,Ruth,zalma1,cortò 36 circulos de carton -1 piscina 1*1 *40 -1 bolsa tnt gateo - 7 bolsas tnt bowleen - 1 asiento cuncuna - 2 set cubos de textura,"",""
"",CONFIRMAR_SI_ES_BITACORA_DIARIA_O_ODT,120,2017-05-16 00:00:00,2026-05-15 22:09:39.711,zalma1,zalma1,4 set de bowleen - 6 bolsas tnt bowleen - cerre a mano 2 set de bowleen,"",""
"",CONFIRMAR_SI_ES_BITACORA_DIARIA_O_ODT,121,2017-05-17 00:00:00,2026-05-15 22:09:39.711,edwin1,edwin1,ASEO LAVADO DE JUEGOSrnEMBALADO TUNEL ARRASTRE X 3rn                     CAJAS DE JUGUETES X 5rnORDEN DE BODEGArnTRASLADO DE CAJAS X 5rnALUZADO CAJAS X 10rnDESCARGA ESPUMArnSERIGRAFIArnJARDIN VITAMINArnORDEN ESPUMA MODULOS JUEGOS EN BODEGArn,"",""
"",CONFIRMAR_SI_ES_BITACORA_DIARIA_O_ODT,122,2017-05-17 00:00:00,2026-05-15 22:09:39.711,Judith,zalma1,cerro 1 set de bowleen a mano - termino  2 laterales de  escala de piscina con acceso  puso -5 velcro fuelles de piscinas vitaminas - salio a dejar los protectores,"",""
"",CONFIRMAR_SI_ES_BITACORA_DIARIA_O_ODT,123,2017-05-17 00:00:00,2026-05-15 22:09:39.711,Ruth,zalma1,corto 3 colchonetas de 120*60*4 -2 alfombras completas del vitamina y 10 bases ayudo a lenin con la espuma,"",""
"",CONFIRMAR_SI_ES_BITACORA_DIARIA_O_ODT,124,2017-05-17 00:00:00,2026-05-15 22:09:39.711,zalma1,zalma1,cerre 2 set de bowleen a mano -1 colchoneta de 126*126 -puse velcros a 5 piscinas vitamina,"",""
"",CONFIRMAR_SI_ES_BITACORA_DIARIA_O_ODT,125,2017-05-18 00:00:00,2026-05-15 22:09:39.711,Judith,zalma1,4 pzas de colchoneta -(2 colchonetas completas) -pego velcros - 3 cubos de textura.,"",""
"",CONFIRMAR_SI_ES_BITACORA_DIARIA_O_ODT,126,2017-05-18 00:00:00,2026-05-15 22:09:39.711,Ruth,zalma1,8 colchonetas del vitamina -ayudo a pegar espuma -enfundo una colchoneta -cocio 15 mangas,"",""
"",CONFIRMAR_SI_ES_BITACORA_DIARIA_O_ODT,127,2017-05-18 00:00:00,2026-05-15 22:09:39.711,zalma1,zalma1,6 pzas de colchonetas (3 colchonetas enteras) -1 cubo de textura,"",""
"",CONFIRMAR_SI_ES_BITACORA_DIARIA_O_ODT,128,2017-05-19 00:00:00,2026-05-15 22:09:39.711,Judith,zalma1,relleno puf en la mañana -cocio 3 cubos de textura - ayudo a enfundar y pegar colchonetas -2 bolsas de tnt cubos de textura -cerro 1 pieza de arenero a mano,"",""
"",CONFIRMAR_SI_ES_BITACORA_DIARIA_O_ODT,129,2017-05-19 00:00:00,2026-05-15 22:09:39.711,Ruth,zalma1,cortò 8 colchonetas de 120*60*4 -4 mudadores con alas - ayudo a enfundar y pegar colchonetas -corto 3 bolsas de tnt  cociò 1 pza de arenero a mano,"",""
"",CONFIRMAR_SI_ES_BITACORA_DIARIA_O_ODT,130,2017-05-19 00:00:00,2026-05-15 22:09:39.711,zalma1,zalma1,5 cubos de textura -4 mudadores con alas - 1 asiento cuncuna  cerrè 1 pza del arenero a mano -enfunde y pegue colchonetas,"",""
"",CONFIRMAR_SI_ES_BITACORA_DIARIA_O_ODT,131,2017-05-22 00:00:00,2026-05-15 22:09:39.711,edwin1,edwin1,aseo y lavado de juegosrncarga de modulosrnfundado cuncunarn              tapiz plastimarrn              mudador x 2rnembolzado puffrnaluzado cuncunarn              tapiz plastimarrn              cubos x 12rn              mudadores x 4rncarga de puff piscina redondarnfundado piscina con accesorndespacho piscina mudadores rnfundado colchoneta,"",""
"",CONFIRMAR_SI_ES_BITACORA_DIARIA_O_ODT,132,2017-05-22 00:00:00,2026-05-15 22:09:39.711,Judith,zalma1,2 mudadores de 80*80*6 -2 laterales escala de piscina -9 juegos de sabanas -enfundo y cerro a mano 6 cubos de textura,"",""
"",CONFIRMAR_SI_ES_BITACORA_DIARIA_O_ODT,133,2017-05-22 00:00:00,2026-05-15 22:09:39.711,Ruth,zalma1,2 colchonetas de 120*60*10 -20 juegos de sabanas  -1 cilindro de 120*30 -2 colchonetas de 120*60*4 -1 set de funciones motrices,"",""
"",CONFIRMAR_SI_ES_BITACORA_DIARIA_O_ODT,134,2017-05-22 00:00:00,2026-05-15 22:09:39.711,zalma1,zalma1,11 juegos de sabanas -3 colchonetas de 120*60*10 -7 mangas -enfunde y cerre a mano 6 cubos de textura,"",""
"",CONFIRMAR_SI_ES_BITACORA_DIARIA_O_ODT,135,2017-05-23 00:00:00,2026-05-15 22:09:39.711,edwin1,edwin1,ASEO Y LAVADO DE JUEGOSrnALUZADO SILLAS X 3rnCARGA DE PEDIDOSrnDESPACHO PEDIDOS VALPARAISOrnEMBALADO PISCINA CON ACCESOrnRELLENO PUFF PERA GRANDErnSERIGRAFIArnFUNDADO VESTIBULADOR MUDADORrnEMBALADFO PUFF GRANDErn,"",""
"",CONFIRMAR_SI_ES_BITACORA_DIARIA_O_ODT,136,2017-05-23 00:00:00,2026-05-15 22:09:39.711,Lennin,edwin1,CARGA CAMIONETA rnSERIGRAFIArnARREGLO MAQUINA SERIGRAFIArnUNA PISCINA RECTANGULARrnSET DE CUBOS TEXTURASrnORDEN DE ESPUMA Y MESONrnPEGADO RETAZOSrnCORTE CILINDRO 120X30,"",""
"",CONFIRMAR_SI_ES_BITACORA_DIARIA_O_ODT,137,2017-05-23 00:00:00,2026-05-15 22:09:39.711,Judith,zalma1,5 colchonetas de 120*60*10 - 1 piscina cuadrada -1/2 set de fiunciones motrices,"",""
"",CONFIRMAR_SI_ES_BITACORA_DIARIA_O_ODT,138,2017-05-23 00:00:00,2026-05-15 22:09:39.711,Ruth,zalma1,cortò 1 piscina rectangular -3 paracaidas -1 set de cubos de textura  monitos del set de textura,"",""
"",CONFIRMAR_SI_ES_BITACORA_DIARIA_O_ODT,139,2017-05-23 00:00:00,2026-05-15 22:09:39.711,zalma1,zalma1,5 colchonetas de 120*60*10 -1 PISCINA RECTANGULAR -1 COLCHONETA DE 120*60*4,"",""
"",CONFIRMAR_SI_ES_BITACORA_DIARIA_O_ODT,140,2017-05-24 00:00:00,2026-05-15 22:09:39.711,edwin1,edwin1,ASEO Y LAVADO DE JUEGOSrnARMADO VESTIBULADOR ROLLOrnEMBALADO COLCHONETAS X 2rn                     VESTIBULADOR ROLLOrn                     CILINDROrn                     CIRCUITO TROPICOrnCARGA DE MODULOSrnEMBALADO VESTIBULADOR MUDADORrnSERIGRAFIArnFUNDADO PISCINA CUADRADArnEMBALADO PISCINA CUADRADArn                     PELOTAS PLASTICASrnFUNDADO COLCHONETAS X 3rnCARGA DE MODULOSrnORDEN Y ASEO BODEGArn,"",""
"",CONFIRMAR_SI_ES_BITACORA_DIARIA_O_ODT,141,2017-05-24 00:00:00,2026-05-15 22:09:39.711,Lennin,edwin1,EMBOLSADO PUFF PERArnÂ´Â´rn``rn``rn``rn``rn``rn``rn``rnCARGA  DE CAMIONETArnASEO BODEGA,"",""
"",CONFIRMAR_SI_ES_BITACORA_DIARIA_O_ODT,142,2017-05-24 00:00:00,2026-05-15 22:09:39.711,Judith,zalma1,1/2 set de funciones motrices -1 bolsa de tnt -1 cilindro de 120*30 -13 mangas -8 pzas de cala -35 cojines,"",""
"",CONFIRMAR_SI_ES_BITACORA_DIARIA_O_ODT,143,2017-05-24 00:00:00,2026-05-15 22:09:39.711,Ruth,zalma1,1 luche - 2 bolsas de tnt -1 cilindro 120*30 -45 set de cojines -3 alfombras ludicas -17 pies,"",""
"",CONFIRMAR_SI_ES_BITACORA_DIARIA_O_ODT,144,2017-05-24 00:00:00,2026-05-15 22:09:39.711,zalma1,zalma1,2 colchonetas de !20 * 60*4 -1 piscina cuadrada -7 mangas - 1 paracaidas -cerre a mano 1 vestibulador mudador,"",""
"",CONFIRMAR_SI_ES_BITACORA_DIARIA_O_ODT,145,2017-05-25 00:00:00,2026-05-15 22:09:39.711,edwin1,edwin1,ASEO Y LAVADO DE JUEGOSrnSERIGRAFIA TUNEL ARRASTRE X 34rnACOMODO MAQUINA FUNDADORA COLCHONETASrnFUNDADO TUNEL ARRASTRE X 14,"",""
"",CONFIRMAR_SI_ES_BITACORA_DIARIA_O_ODT,146,2017-05-25 00:00:00,2026-05-15 22:09:39.711,Judith,zalma1,144 cojines de tela - overlo 179 -134 fundas de tnt,"",""
"",CONFIRMAR_SI_ES_BITACORA_DIARIA_O_ODT,147,2017-05-25 00:00:00,2026-05-15 22:09:39.711,Ruth,zalma1,1 colchoneta de 97 *97*15 -231 fundas de tnt de cojines -85 arcos de tunel de arrastre,"",""
"",CONFIRMAR_SI_ES_BITACORA_DIARIA_O_ODT,148,2017-05-25 00:00:00,2026-05-15 22:09:39.711,zalma1,zalma1,1 colchoneta de 97*97*15 -36 pzas de tunel de arrastre,"",""
"",CONFIRMAR_SI_ES_BITACORA_DIARIA_O_ODT,149,2017-05-26 00:00:00,2026-05-15 22:09:39.711,edwin1,edwin1,"ASEO Y LAVADO DE JUEGOSrnSERIGRAFIA TUNEL ARRASTRE X 34 PIEZASrnFUNDADO TUNEL ARRASTRE X 14rnCORTE ESPUMA,ARMADO,FUNDADO Y ALUZADO CILINDROrnARREGLO MUEBLE COCINArnTRASLADO DE CAJASrnASEO Y ORDEN BODEGA","",""
"",CONFIRMAR_SI_ES_BITACORA_DIARIA_O_ODT,150,2017-05-26 00:00:00,2026-05-15 22:09:39.711,Judith,zalma1,50 fundas de cojines de tnt -1 set de cubos de textura (10) -1 cilindro de 80*40 - -6 mudadores del vitamina -relleno 6 cojines arreglo de sabana,"",""
"",CONFIRMAR_SI_ES_BITACORA_DIARIA_O_ODT,151,2017-05-26 00:00:00,2026-05-15 22:09:39.711,Ruth,zalma1,1 cilindro de 80*40 -15 mudadores vitamina -2 colchonetas grandes del vitamina -arreglo ropa muñecos,"",""
"",CONFIRMAR_SI_ES_BITACORA_DIARIA_O_ODT,152,2017-05-26 00:00:00,2026-05-15 22:09:39.711,zalma1,zalma1,39 pzas de tunel de arrastre -cerre 1 a mano,"",""
"",CONFIRMAR_SI_ES_BITACORA_DIARIA_O_ODT,153,2017-05-29 00:00:00,2026-05-15 22:09:39.711,edwin1,edwin1,ASEO Y LAVADO DE JUEGOSrnSERIGRAFIA PISCINA REDONDArnCORTE ESPUMA BASE PISCINA RECTANGULARrnFUNDADO CUBOS X 10rnFUNDADO BASE PUISCINA RECTANGULARrnEMBALADO PISCINA RECTANGULARrnFUNDADO COLCHONETA CUADRADArnFUNDADO TUNEL ARRASTRE X 13 PSASrnFUNDADON COJINES PEQUEÑOS X 14,"",""
"",CONFIRMAR_SI_ES_BITACORA_DIARIA_O_ODT,154,2017-05-29 00:00:00,2026-05-15 22:09:39.711,Lennin,edwin1,CORTE ESPÙMArnDOS LAMINAS DE 25 (20 TUNELES)rnFUNDADO TUNEL ARRASTRE X 17rnDAR VUELTA FUNDAS X 80,"",""
"",CONFIRMAR_SI_ES_BITACORA_DIARIA_O_ODT,155,2017-05-29 00:00:00,2026-05-15 22:09:39.711,Judith,zalma1,9 MUDADORES VITAMINA -1 BOLSA DE TNT -CERRÒ 60 COJINES DE TNT -CERRÒ A MANO 6 TUNELES.,"",""
"",CONFIRMAR_SI_ES_BITACORA_DIARIA_O_ODT,156,2017-05-29 00:00:00,2026-05-15 22:09:39.711,Ruth,zalma1,1 COLCHONETA DE 136*100 -90 COJINES DE TELA -89 TUNELES - CERRO A MANO 4 TUNELES,"",""
"",CONFIRMAR_SI_ES_BITACORA_DIARIA_O_ODT,157,2017-05-29 00:00:00,2026-05-15 22:09:39.711,zalma1,zalma1,1 COLCHONETA 136*100 -31 PZAS DE TUNELES -CERRE A MANO 7 TUNELES,"",""
"",CONFIRMAR_SI_ES_BITACORA_DIARIA_O_ODT,158,2017-05-30 00:00:00,2026-05-15 22:09:39.711,edwin1,edwin1,LAVADO JUEGOSrnFUNDADO COJINES X 30rnARMADO CILINDROrnFUNDADO Y EMBALADO CILINDRO 120X30rnFUNDADO COLCHONETA PLEGABLErnALUZADO ESPUMASrnREPARTOrnCORTE ESPUMA MODULOrnORDEN,"",""
"",CONFIRMAR_SI_ES_BITACORA_DIARIA_O_ODT,159,2017-05-30 00:00:00,2026-05-15 22:09:39.711,Judith,zalma1,180 bolsitas tnt rellenas con bolitas y cascabeles -129 cojines de tnt -47 cojines de tela y overlados,"",""
"",CONFIRMAR_SI_ES_BITACORA_DIARIA_O_ODT,160,2017-05-30 00:00:00,2026-05-15 22:09:39.711,Ruth,zalma1,129 cojines de tnt -2 colchonetas de 110*55 vitaminas -90 cojines de tela de 23*23 --4 alfombras ludicas .,"",""
"",CONFIRMAR_SI_ES_BITACORA_DIARIA_O_ODT,161,2017-05-30 00:00:00,2026-05-15 22:09:39.711,zalma1,zalma1,31 tuneles - cerre a mano 9 tuneles,"",""
"",CONFIRMAR_SI_ES_BITACORA_DIARIA_O_ODT,162,2017-05-31 00:00:00,2026-05-15 22:09:39.711,edwin1,edwin1,CORTE ESPUMAS COLCHONETAS X 20rnCARGA DE MODULOSrnCORTTE ESPUMA PISCINA VITAMINArnSERIGRAFIA TUNELESDrnCORTE ESPUMA MUDADORESrnrn,"",""
"",CONFIRMAR_SI_ES_BITACORA_DIARIA_O_ODT,163,2017-05-31 00:00:00,2026-05-15 22:09:39.711,Lennin,edwin1,CORTE ESPUYMA COLCHONETASrnCORTE ESPUMA PISCINA VIOTAMINArnCORRTE ESPUMA MUDADORESrnPEGADO  DE RETAZOS,"",""
"",CONFIRMAR_SI_ES_BITACORA_DIARIA_O_ODT,165,2017-05-31 00:00:00,2026-05-15 22:09:39.711,Judith,zalma1,1 colchoneta de 110*55 -6 mudadores del vitamina-180 cojines de tela.,"",""
"",CONFIRMAR_SI_ES_BITACORA_DIARIA_O_ODT,166,2017-05-31 00:00:00,2026-05-15 22:09:39.711,Ruth,zalma1,4 alfombras cuncuna -20 fundas de colchon -2 mudadores de vitamina -cocio 1 colchoneta redonda de vitamina y 4 fundas de colchon,"",""
"",CONFIRMAR_SI_ES_BITACORA_DIARIA_O_ODT,167,2017-05-31 00:00:00,2026-05-15 22:09:39.711,zalma1,zalma1,19 tuneles -2 mudadores del vitamina -1 colchoneta redonda de vitamina,"",""
"",CONFIRMAR_SI_ES_BITACORA_DIARIA_O_ODT,164,2017-06-01 00:00:00,2026-05-15 22:09:39.711,edwin1,edwin1,DESCARGA DE MATERIALESrnCARGA DE MODULOSrnPEGADO Y EMBALADON PISCINA VITAMINArnCORTES SOPORTES CALArn                SOPORTES 70X30X15 (X2)rn                CILINDRO 40X30rn                CUADRADO 40X40X40rnCORTE PISCINA VITAMINA X 2rnARMADO PISCINArnEMBALADO PISCINA VITAMINArnDESCARGA DE CAJASrnPEGADO DE RETAZOS,"",""
"",CONFIRMAR_SI_ES_BITACORA_DIARIA_O_ODT,168,2017-06-01 00:00:00,2026-05-15 22:09:39.711,Judith,zalma1,1 colchoneta 110*55 vitamina -cortò cabeza y detalles de la alfombra cuncuna  y cerrò 129 cojines -3 fundas de colchon,"",""
"",CONFIRMAR_SI_ES_BITACORA_DIARIA_O_ODT,169,2017-06-01 00:00:00,2026-05-15 22:09:39.711,Ruth,zalma1,1 set de arco de soporte -2 bowleen gigantes 1 interactivo -2 pelotas de 30 -2 pelotas de 60,"",""
"",CONFIRMAR_SI_ES_BITACORA_DIARIA_O_ODT,170,2017-06-01 00:00:00,2026-05-15 22:09:39.711,zalma1,zalma1,13 fundas de coplchon -corte numeros de alfombra cuncuna - cerre 150 cojines .,"",""
"",CONFIRMAR_SI_ES_BITACORA_DIARIA_O_ODT,171,2017-06-02 00:00:00,2026-05-15 22:09:39.711,edwin1,edwin1,PEGADO ARMADO PISCINA VITAMINArnALUZADO EMBALADO PISCINA VITAMINA X 2rnCARGA DE CAJASrnSERIGRAFIArnCORTE SOPORTES CALArnCORTE TUNEL ARRASTRErnCARGA DE MODULOSrnASEO,"",""
"",CONFIRMAR_SI_ES_BITACORA_DIARIA_O_ODT,172,2017-06-02 00:00:00,2026-05-15 22:09:39.711,Judith,zalma1,"ARMO 4 CABEZAS DE CUNCUNA - 1 ALFOMBRA CUNCUNA Y RECORTO PATITAS Y CIRCULOS LAS 4 CABEZAS , LAS ANTENAS","",""
"",CONFIRMAR_SI_ES_BITACORA_DIARIA_O_ODT,173,2017-06-02 00:00:00,2026-05-15 22:09:39.711,Ruth,zalma1,"CORTÒ 16 ESCALAS ,16 RAMPAS DE LA PISCINA CON ACCESO -COCIÒ 1 ALFOMBRA  LUDICA Y ARMO 1 PAÑO DE ALFOMBRA LUDICA","",""
"",CONFIRMAR_SI_ES_BITACORA_DIARIA_O_ODT,174,2017-06-02 00:00:00,2026-05-15 22:09:39.711,zalma1,zalma1,CERRE Y ENFUNDE 175 COJINES -12 BOWLEEN,"",""
"",CONFIRMAR_SI_ES_BITACORA_DIARIA_O_ODT,175,2017-06-05 00:00:00,2026-05-15 22:09:39.711,edwin1,edwin1,CORTE TUNEL ARRASTRErnCARGA DE MODULOSrnSERIGRAFIArnCARGA DESCARGA DE CAJAS BODEGA EXTERNArnCORTE GIMNASIO INTERACTIVOrnCORTE PISCINA CON ACCESOrnORDEN Y ASEO,"",""
"",CONFIRMAR_SI_ES_BITACORA_DIARIA_O_ODT,176,2017-06-05 00:00:00,2026-05-15 22:09:39.711,edwin1,edwin1,CORTE TUNEL ARRASTRErnCARGA DE MODULOSrnSERIGRAFIArnCARGA DESCARGA DE CAJAS BODEGA EXTERNArnCORTE GIMNASIO INTERACTIVOrnCORTE PISCINA CON ACCESOrnORDEN Y ASEO,"",""
"",CONFIRMAR_SI_ES_BITACORA_DIARIA_O_ODT,177,2017-06-05 00:00:00,2026-05-15 22:09:39.711,Judith,zalma1,"3 ALFOMBRAS CUNCUNA SIN BASES -COCIÒ CIRCULOS CON NUMEROS , LAS PATITAS-CORTÒ LAS PATITAS -2 COJINES DE 23*23 COCIO Y CERRÒ","",""
"",CONFIRMAR_SI_ES_BITACORA_DIARIA_O_ODT,178,2017-06-05 00:00:00,2026-05-15 22:09:39.711,zalma1,zalma1,CORTÈ PROTECCION DE CAMA ELASTICA -2 NAPAS ALFOMBRAS -2 COJINES DE 23*23 - COCÌ  PROTECCION CAMA ELASTICA -1 SET DE SOPORTE  FALTAN 3 PIEZAS -2 PELOTAS DE 60 -2 PELOTAS DE 30 -2 PELOTAS DE BOWLEEN -2 PZAS DEL INTERACTIVO,"",""
"",CONFIRMAR_SI_ES_BITACORA_DIARIA_O_ODT,200,2017-06-05 00:00:00,2026-05-15 22:09:39.711,DAVID,edwin1,ASEO Y LAVADO DE JUEGOSrnFUNDADO TUNEL ARRASTRErnCARGA MODULOSrnARMADO CASA INFANTILrnARMADO ESCRITORIOrnDESCARGA CAJAS,"",""
"",CONFIRMAR_SI_ES_BITACORA_DIARIA_O_ODT,179,2017-06-06 00:00:00,2026-05-15 22:09:39.711,Judith,zalma1,termino alfombras cuncuna 4,"",""
"",CONFIRMAR_SI_ES_BITACORA_DIARIA_O_ODT,180,2017-06-06 00:00:00,2026-05-15 22:09:39.711,Ruth,zalma1,2 triangulos -2 piscina de la piscina con acceso -2 pelotas bowleen-24 cojines de tnt -4 alfombras plegables -1 obalo -1 cuadrado 3 paños de alfombras ludicas,"",""
"",CONFIRMAR_SI_ES_BITACORA_DIARIA_O_ODT,181,2017-06-06 00:00:00,2026-05-15 22:09:39.711,zalma1,zalma1,5 pzas de arco de soporte -2 pelotas bowleen -6 pzas del interactivo -4pzas piscina con acceso,"",""
"",CONFIRMAR_SI_ES_BITACORA_DIARIA_O_ODT,201,2017-06-06 00:00:00,2026-05-15 22:09:39.711,DAVID,edwin1,ASEO LAVADO DE JUEGOSrnARMADO CAMA ELASTICArnCARGA MODULOSrnFUNDADO ARCO SOPORTErn                    COLCHONETA PLEGABLErn                    GIMNASIO INTERACTIVOrn                    PISCINA CON ACCESO(RAMPA OVALO CUBO),"",""
"",CONFIRMAR_SI_ES_BITACORA_DIARIA_O_ODT,182,2017-06-07 00:00:00,2026-05-15 22:09:39.711,Judith,zalma1,24 cojines de tnt -24 cojines de tela -arreglo cubre cama elastica,"",""
"",CONFIRMAR_SI_ES_BITACORA_DIARIA_O_ODT,183,2017-06-07 00:00:00,2026-05-15 22:09:39.711,Ruth,zalma1,termino 3 alfombras ludicas -4 colchonetas plegables 320*130*5 -,"",""
"",CONFIRMAR_SI_ES_BITACORA_DIARIA_O_ODT,184,2017-06-07 00:00:00,2026-05-15 22:09:39.711,Ruth,zalma1,termino 3 alfombras ludicas -4 colchonetas plegables 320*130*5 -,"",""
"",CONFIRMAR_SI_ES_BITACORA_DIARIA_O_ODT,185,2017-06-07 00:00:00,2026-05-15 22:09:39.711,zalma1,zalma1,1 rampa -cerrè a mano 23 pzas del arco de soporte -2 pelotas de 60 -2 pelotas de 30 - 4 pelotas de bowleen -12 bowleen -15 cojines de tnt -15 cojines de tela,"",""
"",CONFIRMAR_SI_ES_BITACORA_DIARIA_O_ODT,202,2017-06-07 00:00:00,2026-05-15 22:09:39.711,DAVID,edwin1,ASEO LAVADO DE JUEGOSrnALUZADO ESCALADORrnEMBALADO BOLSAS DE COJINES X 2rnTAPADO DE PAREDES POR LLUVIArnORDEN BODEGA POR LLUVIArnEMBALADO GIMNASIO INTERACTIVO,"",""
"",CONFIRMAR_SI_ES_BITACORA_DIARIA_O_ODT,186,2017-06-08 00:00:00,2026-05-15 22:09:39.711,Judith,zalma1,1 alfombra ludica -30 bolsas de tnt -10 pzas de tunel -cerro a mano 5 tuneles,"",""
"",CONFIRMAR_SI_ES_BITACORA_DIARIA_O_ODT,187,2017-06-08 00:00:00,2026-05-15 22:09:39.711,Judith,zalma1,1 alfombra ludica -30 bolsas de tnt -10 pzas de tunel -cerro a mano 5 tuneles,"",""
"",CONFIRMAR_SI_ES_BITACORA_DIARIA_O_ODT,188,2017-06-08 00:00:00,2026-05-15 22:09:39.711,Ruth,zalma1,cortò 102 bolsas de tnt --1 cem-1 -1 kit caballete  -1 piscina rectangular-6 vestibuladores rollo- cocio 33 bolsas de tnt,"",""
"",CONFIRMAR_SI_ES_BITACORA_DIARIA_O_ODT,189,2017-06-08 00:00:00,2026-05-15 22:09:39.711,zalma1,zalma1,1 luche -15 pzas de tunel -cerrè a mano 6 pzas de tunel,"",""
"",CONFIRMAR_SI_ES_BITACORA_DIARIA_O_ODT,203,2017-06-08 00:00:00,2026-05-15 22:09:39.711,DAVID,edwin1,ASEO LAVADO DE JUEGOSrnEMBALADO CUBIERTA ATRAPAPELOTASrnFUNDADO TUNEL ARRASTRErnDESARME AUTO JUGUETErnCARGA MODULOSrnORDEN DE BODEGA,"",""
"",CONFIRMAR_SI_ES_BITACORA_DIARIA_O_ODT,212,2017-06-08 00:00:00,2026-05-15 22:09:39.711,edwin1,edwin1,CORTE VESTIBULADOR MUDADORrnSERIGRAFIArnCORTE ALFOMBRA LUDICArnARMADO FUNDADO VESTIBULADOR MUDADORrnFUNDADO ALFOMBRA LUDICArnEMBALADO ALUZADO TUNEL ARRASTRErn                                        VESTIBULADOR MUDADORrn                                        ALFOMBRA LUDICArnCORTE TUNEL ARRASTRE,"",""
"",CONFIRMAR_SI_ES_BITACORA_DIARIA_O_ODT,195,2017-06-09 00:00:00,2026-05-15 22:09:39.711,Judith,zalma1,1 PARACAIDAS -1 LUDICA -2 BOLSAS DE TNT - DE PARACAIDAS - CERRO A MANO 6 TUNELES,"",""
"",CONFIRMAR_SI_ES_BITACORA_DIARIA_O_ODT,197,2017-06-09 00:00:00,2026-05-15 22:09:39.711,zalma1,zalma1,COCI 10 PZAS DE TUNELES -CERRE A MANO 30 TUNELES - CORTE 3  JUEGOS COMPLETOS DE PIES Y MANOS ALFOMBRAS LUDICAS,"",""
"",CONFIRMAR_SI_ES_BITACORA_DIARIA_O_ODT,204,2017-06-09 00:00:00,2026-05-15 22:09:39.711,DAVID,edwin1,ASEO LAVADO DE JUEGOSrnFUNDADO TUNEL ARRASTRE X6rnEMBALADO TUNEL ARRASTRE X6rnEMBALADO CAJAS,"",""
"",CONFIRMAR_SI_ES_BITACORA_DIARIA_O_ODT,205,2017-06-09 00:00:00,2026-05-15 22:09:39.711,edwin1,edwin1,SERIGRAFIA X 178 BOLSASrnCORTE TUNEL ARRASTRE X 29 UNIDADES,"",""
"",CONFIRMAR_SI_ES_BITACORA_DIARIA_O_ODT,190,2017-06-12 00:00:00,2026-05-15 22:09:39.711,edwin1,edwin1,CORTE TUNEL ARRASTRE X 38rnREPARO REPISA OFICINArnPEGDO RETAZOS TUNEL ARRASTRE,"",""
"",CONFIRMAR_SI_ES_BITACORA_DIARIA_O_ODT,191,2017-06-12 00:00:00,2026-05-15 22:09:39.711,DAVID,edwin1,ASEO Y LAVADO DE JUEGOSrnDESCARGA MODULOS EXPOSICIONrnFUNDADO TUNEL ARRASTRErnEMBALADO TUNEL ARRASTRErnCARGA DE CAJAS,"",""
"",CONFIRMAR_SI_ES_BITACORA_DIARIA_O_ODT,192,2017-06-12 00:00:00,2026-05-15 22:09:39.711,Judith,zalma1,CERRÒ A MANO 27 PZAS DE TUNEL - COCIÒ 1 FLEXOR,"",""
"",CONFIRMAR_SI_ES_BITACORA_DIARIA_O_ODT,193,2017-06-12 00:00:00,2026-05-15 22:09:39.711,Ruth,zalma1,CORTÒ 8 BOLSAS DE PLATO DE EQUILIBRIO-4 VESTIBULADOR MUDADOR -3 VESTIBULADOR FLEXOR -1 SET DE FIGURAS GEOMETRICAS- 14 RAMPAS -28 CILINDROS - 28 CUADRADOS DE FIG GEOMETRICAS,"",""
"",CONFIRMAR_SI_ES_BITACORA_DIARIA_O_ODT,194,2017-06-12 00:00:00,2026-05-15 22:09:39.711,zalma1,zalma1,1 ALFOMBRA LUDICA -1 LUCHE -1 VESTIBULADOR ROLLO - 1 VESTIBULADOR FLEXOR -1 VESTIBULADOR MUDADOR -Y 5 PZAS DE FIG. GEOMETRICAS,"",""
"",CONFIRMAR_SI_ES_BITACORA_DIARIA_O_ODT,196,2017-06-12 00:00:00,2026-05-15 22:09:39.711,Ruth,zalma1,6 ALFOMBRAS LUDICAS -4 SET DE TUNELES -132 BOLSAS DE TNT -3 LUCHES -NUMEROS DE LUCHES,"",""
"",CONFIRMAR_SI_ES_BITACORA_DIARIA_O_ODT,198,2017-06-13 00:00:00,2026-05-15 22:09:39.711,edwin1,edwin1,"CORTE TUNEL ARRASTRE X 54 PIEZASrnCARGA DE MODULOS,CAJASrnEMBOLSADO ESPUMAS PEDAZOS X 3","",""
"",CONFIRMAR_SI_ES_BITACORA_DIARIA_O_ODT,199,2017-06-13 00:00:00,2026-05-15 22:09:39.711,DAVID,edwin1,ASEO Y LAVADO DE JUEGOSrnEMBALADO TUNEL ARRASTRE X 1 TUNELrnFUNDADO TUNEL ARRASTRE X 37 PIEZAS,"",""
"",CONFIRMAR_SI_ES_BITACORA_DIARIA_O_ODT,207,2017-06-13 00:00:00,2026-05-15 22:09:39.711,Judith,zalma1,1 BOLSA TNT -1 CALA COMPLETO -2 VESTIBULADORES MUDADOR -3 PZAS DEL CEM,"",""
"",CONFIRMAR_SI_ES_BITACORA_DIARIA_O_ODT,208,2017-06-13 00:00:00,2026-05-15 22:09:39.711,Ruth,zalma1,14 RECTANGULOS -40 CUBOS FIG GEOMETRICAS,"",""
"",CONFIRMAR_SI_ES_BITACORA_DIARIA_O_ODT,209,2017-06-13 00:00:00,2026-05-15 22:09:39.711,zalma1,zalma1,5 PZAS DE FIG GEOMETRICAS -CORTE 48 MANOS  Y 68 PIES -ALFOMBRA LUDICAS -CERRE A MANO 29 TUNELES,"",""
"",CONFIRMAR_SI_ES_BITACORA_DIARIA_O_ODT,210,2017-06-14 00:00:00,2026-05-15 22:09:39.711,edwin1,edwin1,CORTE TUNEL ARRASTRE X 36 PIEZASrnPEGADO RETAZOSrnORDEN ESPUMAS,"",""
"",CONFIRMAR_SI_ES_BITACORA_DIARIA_O_ODT,211,2017-06-14 00:00:00,2026-05-15 22:09:39.711,DAVID,edwin1,ASEO Y LAVADO DE JUEGOSrnFUNDADO TUNEL ARRASTRE X 27 PIEZAS,"",""
"",CONFIRMAR_SI_ES_BITACORA_DIARIA_O_ODT,213,2017-06-14 00:00:00,2026-05-15 22:09:39.711,Judith,zalma1,3 SET DE FIG. GEOMETRICAS -1 CILINDRO DE 120*30 -CERRÒ A MANO 16 TUNELES.,"",""
"",CONFIRMAR_SI_ES_BITACORA_DIARIA_O_ODT,214,2017-06-14 00:00:00,2026-05-15 22:09:39.711,Ruth,zalma1,3 PARACAIDAS -4 CILINDROS DE 120*30 -2 RULOS -1 KIT ESPACIAL -8 COLCHONETAS 120*60*4 -1 CIRCUITO TROPICO -1 CIRCUITO,"",""
"",CONFIRMAR_SI_ES_BITACORA_DIARIA_O_ODT,215,2017-06-14 00:00:00,2026-05-15 22:09:39.711,zalma1,zalma1,4 SET DE FIG. GEOMETRICAS -CERRE A MANO 20 TUNELES,"",""
"",CONFIRMAR_SI_ES_BITACORA_DIARIA_O_ODT,216,2017-06-15 00:00:00,2026-05-15 22:09:39.711,edwin1,edwin1,PEGADO RETAZOS TUNEL ARRASTRE X 9 PIEZASrnEMBALADO TUNEL ARRASTRE X 7 TUNELrnCARGA DE MODULOS TUNEL ARRASTRErnFUNDADO TUNEL ARRASTRE X 11 PIEZASrnrnrnrn,"",""
"",CONFIRMAR_SI_ES_BITACORA_DIARIA_O_ODT,217,2017-06-15 00:00:00,2026-05-15 22:09:39.711,DAVID,edwin1,ASEO LAVADO DE JUEGOSrnFUNDADO TUNEL ARRASTRE X 25rnEMBALADO TUNEL ARRASTRE X 6rnCARGA DE TUNEL ARRASTRE,"",""
"",CONFIRMAR_SI_ES_BITACORA_DIARIA_O_ODT,218,2017-06-15 00:00:00,2026-05-15 22:09:39.711,andrea1,zalma1,5 COLCHONETAS DE120*60*4 -1 ALFOMBRA LUDICA,"",""
"",CONFIRMAR_SI_ES_BITACORA_DIARIA_O_ODT,219,2017-06-15 00:00:00,2026-05-15 22:09:39.711,Judith,zalma1,3 PZAS DEL ESPACIAL -6 TUNELES - CERRÒ A MANO 10 TUNELES  DIO VUELTA 9 FUNDAS DE TUNELES,"",""
"",CONFIRMAR_SI_ES_BITACORA_DIARIA_O_ODT,220,2017-06-15 00:00:00,2026-05-15 22:09:39.711,pia2,zalma1,3 COLCHONETAS DE 120*60*4 -TERMINO ALFOMBRA LUDICA,"",""
"",CONFIRMAR_SI_ES_BITACORA_DIARIA_O_ODT,221,2017-06-15 00:00:00,2026-05-15 22:09:39.711,Ruth,zalma1,20 COBERTORES -1 CILINDRO DE 120*30 -1 CILINDRO DE 150*30 -1 PISCINA RECTAMNGULAR -2 MUDADORES  DE VITAMINA,"",""
"",CONFIRMAR_SI_ES_BITACORA_DIARIA_O_ODT,222,2017-06-15 00:00:00,2026-05-15 22:09:39.711,zalma1,zalma1,2 LUCHES -6 TUNELES -CERRE A MANO10 TUNELES -DI VUELTA 8 FUNDAS,"",""
"",CONFIRMAR_SI_ES_BITACORA_DIARIA_O_ODT,223,2017-06-16 00:00:00,2026-05-15 22:09:39.711,edwin1,edwin1,FUNDADO TUNEL ARRASTRE X 51,"",""
"",CONFIRMAR_SI_ES_BITACORA_DIARIA_O_ODT,225,2017-06-16 00:00:00,2026-05-15 22:09:39.711,andrea1,zalma1,2 RULOS -1 CILINDRO120*30- CERRÒ 1 TUNEL A MANO,"",""
"",CONFIRMAR_SI_ES_BITACORA_DIARIA_O_ODT,226,2017-06-16 00:00:00,2026-05-15 22:09:39.711,Judith,zalma1,2 PZAS DEL ESPACIAL -CERRÒ 35 TUNELES,"",""
"",CONFIRMAR_SI_ES_BITACORA_DIARIA_O_ODT,227,2017-06-16 00:00:00,2026-05-15 22:09:39.711,pia2,zalma1,2 MUDADORES -VITAMINA -CERRÒ 1 TUNEL A MANO -2 PZAS DE CIRCUITO.,"",""
"",CONFIRMAR_SI_ES_BITACORA_DIARIA_O_ODT,228,2017-06-16 00:00:00,2026-05-15 22:09:39.711,Ruth,zalma1,1 CUBO DE FANTASIA -1 GATEO -COCIÒ GATEO - CERRÒ 5 TUNELES A MANO,"",""
"",CONFIRMAR_SI_ES_BITACORA_DIARIA_O_ODT,229,2017-06-16 00:00:00,2026-05-15 22:09:39.711,zalma1,zalma1,2 BOLSAS DE TNT DE LUCHE -CERRE A MANO 35 TUNELES,"",""
"",CONFIRMAR_SI_ES_BITACORA_DIARIA_O_ODT,206,2017-06-19 00:00:00,2026-05-15 22:09:39.711,edwin1,zalma1,"CORTE MUDADORES VITAMINA X 2rnCORTE SET GATEOrnCORTE CENTRO PISCINA CON ACCESOrnPEGADO DE RETAZOSrnORDEN Y EMBOLSADO DE ESPUMArnCORTE FIGURAS GEOMETRICAS(CUADRADOS,RECTANGULOS)","",""
"",CONFIRMAR_SI_ES_BITACORA_DIARIA_O_ODT,224,2017-06-19 00:00:00,2026-05-15 22:09:39.711,DAVID,zalma1,ASEO BODEGArnFUNDADO GATEOrnFUNDADO MUDADOR X 2rnORDEN DE CAJASrnEMBALADO GATEOrnDESENFUNDADO COLCHONETA GRANDE,"",""
"",CONFIRMAR_SI_ES_BITACORA_DIARIA_O_ODT,230,2017-06-19 00:00:00,2026-05-15 22:09:39.711,andrea1,zalma1,1 ALFOMBRA LUDICA -4 COBERTORES SIN ACOLCHADO- 1 VESTIBULADOR ROLLO,"",""
"",CONFIRMAR_SI_ES_BITACORA_DIARIA_O_ODT,231,2017-06-19 00:00:00,2026-05-15 22:09:39.711,Judith,zalma1,1 PARACIDAS - 1 BOLSA DE TNT --1/2 COLCHONETA -267*275 *10,"",""
"",CONFIRMAR_SI_ES_BITACORA_DIARIA_O_ODT,232,2017-06-19 00:00:00,2026-05-15 22:09:39.711,pia2,zalma1,3 PZAS DE CIRCUITO -1 PZA DE PISCINA CON ACCESO,"",""
"",CONFIRMAR_SI_ES_BITACORA_DIARIA_O_ODT,233,2017-06-19 00:00:00,2026-05-15 22:09:39.711,Ruth,zalma1,1 PISCINA PLEGABLE CON ACCESO - 1 PISCINA CON ACCESO - 1 COLCHONETA DE 275*267*10 -1 ASIENTO CUNCUNA,"",""
"",CONFIRMAR_SI_ES_BITACORA_DIARIA_O_ODT,234,2017-06-19 00:00:00,2026-05-15 22:09:39.711,zalma1,zalma1,2PARACAIDAS -2 BOLSAS DE TNT PARACAIDAS -1 BOSA TNT DEL GATEO,"",""
"",CONFIRMAR_SI_ES_BITACORA_DIARIA_O_ODT,237,2017-06-20 00:00:00,2026-05-15 22:09:39.711,Judith,zalma1,termino colchoneta 267*275 *10 -1 escala de la piscina con acceso -- cerro 10 pzas de fig geometricas,"",""
"",CONFIRMAR_SI_ES_BITACORA_DIARIA_O_ODT,238,2017-06-20 00:00:00,2026-05-15 22:09:39.711,pia2,zalma1,3 pzas de la piscina con acceso- cerrò a mano9 pzas de fig. geometricas,"",""
"",CONFIRMAR_SI_ES_BITACORA_DIARIA_O_ODT,235,2017-06-21 00:00:00,2026-05-15 22:09:39.711,edwin1,edwin1,CORTE FIGURAS GEOMETRICAS X 70 PIEZASrnPEGADO DE RETAZOSrnEMBOLSADO ESPUMArnORDEN DE ESPUMASrnFUNDADO CUBOS GEOMETRICOS,"",""
"",CONFIRMAR_SI_ES_BITACORA_DIARIA_O_ODT,236,2017-06-21 00:00:00,2026-05-15 22:09:39.711,DAVID,edwin1,FUNDADO PISCINA CON ACCESOrnFUNDADO FIGURAS GEOMETRICASrnDESENFUNDADO Y FUNDADO COLCHONETA GRANDErnEMBALADFO PISCINA CON ACCESOrnDESPACHO QUILPUE,"",""
"",CONFIRMAR_SI_ES_BITACORA_DIARIA_O_ODT,239,2017-06-21 00:00:00,2026-05-15 22:09:39.711,zalma1,zalma1,1 piscina de la piscina con acceso -1 bolsa de tnt - cerre a mano 17 pzas de fig . geometricas,"",""
"",CONFIRMAR_SI_ES_BITACORA_DIARIA_O_ODT,240,2017-06-21 00:00:00,2026-05-15 22:09:39.711,Judith,zalma1,cerro 8 pzas de fig geometricas - preparo 2 paneles partida y llegada 4 bolsas de fig geometricas,"",""
"",CONFIRMAR_SI_ES_BITACORA_DIARIA_O_ODT,241,2017-06-21 00:00:00,2026-05-15 22:09:39.711,pia2,zalma1,cerrò 3 fig geometricas -3 bolsas de tnt,"",""
"",CONFIRMAR_SI_ES_BITACORA_DIARIA_O_ODT,242,2017-06-21 00:00:00,2026-05-15 22:09:39.711,Ruth,zalma1,8 bolsas de tntn -2 letreros llegada y partida -4 letreros flechas izq -derecha -saco moldes de hongos y stop,"",""
"",CONFIRMAR_SI_ES_BITACORA_DIARIA_O_ODT,243,2017-06-21 00:00:00,2026-05-15 22:09:39.711,zalma1,zalma1,cerre 17 pzas de fig geometricas -arme 1 hongo juego de nieve,"",""
"",CONFIRMAR_SI_ES_BITACORA_DIARIA_O_ODT,244,2017-06-22 00:00:00,2026-05-15 22:09:39.711,Judith,zalma1,4 discos con flechas -2 discos stop -corto letras -cocio malla parada,"",""
"",CONFIRMAR_SI_ES_BITACORA_DIARIA_O_ODT,245,2017-06-22 00:00:00,2026-05-15 22:09:39.711,pia2,zalma1,1 cilindro de 120*30 -4 cilindros de 60 *30 -1 escala,"",""
"",CONFIRMAR_SI_ES_BITACORA_DIARIA_O_ODT,246,2017-06-22 00:00:00,2026-05-15 22:09:39.711,Ruth,zalma1,1 base de 82*82 -8 cilindros de 60*30 -2 ruedas stop -2 semaforos -10 fundas de conos con numeros -1 hongo 1 bowleen gigante,"",""
"",CONFIRMAR_SI_ES_BITACORA_DIARIA_O_ODT,247,2017-06-22 00:00:00,2026-05-15 22:09:39.711,zalma1,zalma1,piscina cuadrada arreglos pegar velcros  -cocer otra base -2 hongos recorte circulos,"",""
"",CONFIRMAR_SI_ES_BITACORA_DIARIA_O_ODT,248,2017-06-23 00:00:00,2026-05-15 22:09:39.711,Judith,zalma1,1 cubo de fantasia -2 laterales chicos de piscina rectangular -,"",""
"",CONFIRMAR_SI_ES_BITACORA_DIARIA_O_ODT,249,2017-06-23 00:00:00,2026-05-15 22:09:39.711,pia2,zalma1,8 frazadas de polar - 1 set de bowleen gigante - 1 set de 10 conos con numeros,"",""
"",CONFIRMAR_SI_ES_BITACORA_DIARIA_O_ODT,250,2017-06-23 00:00:00,2026-05-15 22:09:39.711,Ruth,zalma1,16 napas de cobertores - 40 frazadas de polar - 1 set de arcos,"",""
"",CONFIRMAR_SI_ES_BITACORA_DIARIA_O_ODT,251,2017-06-23 00:00:00,2026-05-15 22:09:39.711,zalma1,zalma1,5 colchonetas de120*60*4 - 2 laterales grandes de piscina rectangular -cerre a mano 10 pzas de fig geometricas,"",""
"",CONFIRMAR_SI_ES_BITACORA_DIARIA_O_ODT,252,2017-06-23 00:00:00,2026-05-15 22:09:39.711,edwin1,edwin1,CORTE COLCHONETAS 120X60X4 5 PIEZASrn              VESTIBULADOR MUDADORrn              CALArn              FIGURAS GEOMETRICASrn              CIRCUITO TROPICOrn              CIRCUITOrnEMBOLSADO ESPUMASrnORDEN DE ESPUMAS,"",""
"",CONFIRMAR_SI_ES_BITACORA_DIARIA_O_ODT,253,2017-06-23 00:00:00,2026-05-15 22:09:39.711,DAVID,edwin1,ASEO LAVADO JUEGOSrnFUNDADO VESTIBULADOR ROLLO X 2rn                   CILINDRO 150X30rn                   COLCHONETAS X 5rn                   VESTIBULADOR MUDADORrn                   CALArnEMBALADO CILINDRO 150X30rn                     COLCHONETAS rn                     CALArn                     VESTIBULADOR ROLLO X 2rn                    VESTIBULADOR MUDADORrn                    FIGURAS GEOMETRICAS,"",""
"",CONFIRMAR_SI_ES_BITACORA_DIARIA_O_ODT,254,2017-06-27 00:00:00,2026-05-15 22:09:39.711,edwin1,edwin1,CORTE MODULO MOTRIZrn              TALONERASrn              CENTRO ESTIMULACION MOTRIZrn             KIT DE PSICOMOTRIA ESPACIALrnCARGA DE CAJASrnPEGADO DE RETAZOS,"",""
"",CONFIRMAR_SI_ES_BITACORA_DIARIA_O_ODT,255,2017-06-27 00:00:00,2026-05-15 22:09:39.711,DAVID,edwin1,"ASEO LAVADO JUEGOSTIBULADORrnEMBALADO VESTIBULADOR MUDADORrn                     PLATO EQUILIBRIOrn                     CIRCUITOrn                     CILINDRO 60X30rn                     VESTIBULASDOR ROLLOrnFUNDADO CIRCUITO FIGURAS GEOMETRICAS,CILINDRO,CENTRO ESTIMULACION MOTRIZ,CIRCUITO TROPICOrnASEO BODEGArnREPARTO VALPARAISOrn","",""
"",CONFIRMAR_SI_ES_BITACORA_DIARIA_O_ODT,256,2017-06-27 00:00:00,2026-05-15 22:09:39.711,Judith,zalma1,3 pzas de piscina rectangular -1 escala -1 ola de cem -2 anillos del pino.,"",""
"",CONFIRMAR_SI_ES_BITACORA_DIARIA_O_ODT,257,2017-06-27 00:00:00,2026-05-15 22:09:39.711,pia2,zalma1,13 frazadas,"",""
"",CONFIRMAR_SI_ES_BITACORA_DIARIA_O_ODT,259,2017-06-27 00:00:00,2026-05-15 22:09:39.711,Ruth,zalma1,1 pino -1 carpa - 1 puf cala - 2 arcos con bloques - 2 piscinas esquineras cem -2 bolsas de tnt -2 set de bastones - 2 taloneras,"",""
"",CONFIRMAR_SI_ES_BITACORA_DIARIA_O_ODT,261,2017-06-27 00:00:00,2026-05-15 22:09:39.711,zalma1,zalma1,3 pzas de piscina rectangular -1 circuito tropico -1 piscina esquinera cem,"",""
"",CONFIRMAR_SI_ES_BITACORA_DIARIA_O_ODT,262,2017-06-28 00:00:00,2026-05-15 22:09:39.711,Judith,zalma1,5 anillos y 1 punta de arbol -2 semaforos - 1 asiento cuncuna - cerro a mano casa de espacial -1 talonera,"",""
"",CONFIRMAR_SI_ES_BITACORA_DIARIA_O_ODT,263,2017-06-28 00:00:00,2026-05-15 22:09:39.711,pia2,zalma1,15 frazadas,"",""
"",CONFIRMAR_SI_ES_BITACORA_DIARIA_O_ODT,264,2017-06-28 00:00:00,2026-05-15 22:09:39.711,Ruth,zalma1,2 cilindros de 60*30 - bolsas cubo fantasia --cem - fg - molde de los monitos  corto 2 monitos de nieve,"",""
"",CONFIRMAR_SI_ES_BITACORA_DIARIA_O_ODT,265,2017-06-28 00:00:00,2026-05-15 22:09:39.711,zalma1,zalma1,1 talonera - bolsa de tnt cubo de fantasia - cem - fg - circuito - 2 cilindros de 60*30 - 1 carpa  2 monos de nieve -  cerre a mano 1 vestibulador mudador -2 puf cala -2 fundas de tnt,"",""
"",CONFIRMAR_SI_ES_BITACORA_DIARIA_O_ODT,273,2017-06-28 00:00:00,2026-05-15 22:09:39.711,DAVID,edwin1,ASEO LAVADO JUEGOSrnEMBALADO PSICOMOTRIA ESPACIALrnLIJADO Y BARNIZADO DE PLACA (BULLDER)rnPINTADO DE RAMAS(BULLDER)rnCORTE DE TUBOS PARA MODULOS,"",""
"",CONFIRMAR_SI_ES_BITACORA_DIARIA_O_ODT,274,2017-06-28 00:00:00,2026-05-15 22:09:39.711,edwin1,edwin1,TERMINACION PSICOMOTRIA ESPACIALrnORDEN DE ESPUMASrnCORTE ARMADO VESTIBULADOR MUDADORrnPROCESO MODULO HONGOS,"",""
"",CONFIRMAR_SI_ES_BITACORA_DIARIA_O_ODT,266,2017-06-29 00:00:00,2026-05-15 22:09:39.711,Fabiola1,laura2,1223,"",""
"",CONFIRMAR_SI_ES_BITACORA_DIARIA_O_ODT,267,2017-06-29 00:00:00,2026-05-15 22:09:39.711,Fabiola1,zalma1,18 BASTONES - 4 CHUPETES DE VESTIBULADOR -,"",""
"",CONFIRMAR_SI_ES_BITACORA_DIARIA_O_ODT,268,2017-06-29 00:00:00,2026-05-15 22:09:39.711,Judith,zalma1,5 BLOQUES DE ARCOS -1 VESTIBULADOR MUDADOR - CERRO A MANO 1 SET DE BOWLEEN,"",""
"",CONFIRMAR_SI_ES_BITACORA_DIARIA_O_ODT,269,2017-06-29 00:00:00,2026-05-15 22:09:39.711,pia2,zalma1,9 FRAZADAS -3 MUDADORES DEL VITAMINA,"",""
"",CONFIRMAR_SI_ES_BITACORA_DIARIA_O_ODT,270,2017-06-29 00:00:00,2026-05-15 22:09:39.711,Ruth,zalma1,CORTÒ Y SACO MOLDE DE MONITOS -3 VESTIBULADORES MUDADOR -4 MUDADORES DE VITAMINA - 1 COLCHONETA REDONDA DEL VITAMINA  240*240 - 1 SET DE BLOQUES PARA ARCOS,"",""
"",CONFIRMAR_SI_ES_BITACORA_DIARIA_O_ODT,271,2017-06-29 00:00:00,2026-05-15 22:09:39.711,zalma1,zalma1,RECORTE MONITOS DE BLOQUES -ARME 6 MONITOS COCI 3 BLOQUES - 1 VESTIBULADOR MUDADOR - EMPECE COLCHONETA REDONDA,"",""
"",CONFIRMAR_SI_ES_BITACORA_DIARIA_O_ODT,272,2017-06-29 00:00:00,2026-05-15 22:09:39.711,DAVID,edwin1,ASEO LAVADO JUEGOSrnEMBALADO TROPICOrn                      MESA Y RADIOrn                      CENTRO ESTIMULACION MOTRIZrnFUNDADO CENTRO ESPACIALrn                   MUDADORrnRELLENO PUF GRANDE X 2rnEMBALADO MUDADORrn                     ROMPECABEZAS,"",""
"",CONFIRMAR_SI_ES_BITACORA_DIARIA_O_ODT,275,2017-06-29 00:00:00,2026-05-15 22:09:39.711,edwin1,edwin1,CORTE ARMADO HONGOSrnCORTE CILINDRO 120X30rnORDEN DE ESPUMASrnFUNDADO Y EMBALADO CILINDRO 120X30rnEMBOLZADO ESPUMAS,"",""
"",CONFIRMAR_SI_ES_BITACORA_DIARIA_O_ODT,260,2017-06-30 00:00:00,2026-05-15 22:09:39.711,edwin1,edwin1,corte y armado modulos chillanrnpinornhongosrnmetarnstoprnflechasrnsemaforornbloques de espuma moviles,"",""
"",CONFIRMAR_SI_ES_BITACORA_DIARIA_O_ODT,277,2017-06-30 00:00:00,2026-05-15 22:09:39.711,Fabiola1,zalma1,2 cortinas de titeres -1 vestibulador flexor - cerro 2 pzas a mano,"",""
"",CONFIRMAR_SI_ES_BITACORA_DIARIA_O_ODT,278,2017-06-30 00:00:00,2026-05-15 22:09:39.711,pia2,zalma1,1 mudador de vitamina -17 pzas de fig geometricas,"",""
"",CONFIRMAR_SI_ES_BITACORA_DIARIA_O_ODT,279,2017-06-30 00:00:00,2026-05-15 22:09:39.711,Ruth,zalma1,1 cem -2 teatros de titeres -1 et de cojines olfativos -cerro 4 pzas del juego -3 puf rectangulares -ayudo con los tubos de la carpa,"",""
"",CONFIRMAR_SI_ES_BITACORA_DIARIA_O_ODT,280,2017-06-30 00:00:00,2026-05-15 22:09:39.711,Judith,zalma1,4 bloques de los arcos -armo los  monitos -cerro a mano 10 pzas del juego de nieve,"",""
"",CONFIRMAR_SI_ES_BITACORA_DIARIA_O_ODT,281,2017-06-30 00:00:00,2026-05-15 22:09:39.711,zalma1,zalma1,1 colchoneta de 240*240 del vitamina -3 puf rectangulares -cerre a mano 6 pzas del juego de nieve,"",""
"",CONFIRMAR_SI_ES_BITACORA_DIARIA_O_ODT,258,2017-07-03 00:00:00,2026-05-15 22:09:39.711,edwin1,edwin1,reparo hongosrncorte puff x 2 rnfundado metarncorte cilindros 60x30 (x 8 unidades)rnpegado retazornpegado tubos de modulos,"",""
"",CONFIRMAR_SI_ES_BITACORA_DIARIA_O_ODT,276,2017-07-03 00:00:00,2026-05-15 22:09:39.711,DAVID,edwin1,aseo lavado juegosrnfundado puff x 2rnarmado escaladorrnarmado carpa,"",""
"",CONFIRMAR_SI_ES_BITACORA_DIARIA_O_ODT,282,2017-07-03 00:00:00,2026-05-15 22:09:39.711,Fabiola1,zalma1,cerro 3 pzas del juego de nieve --cocio 2 cintas del teatro -1/2 vestibulador mudador,"",""
"",CONFIRMAR_SI_ES_BITACORA_DIARIA_O_ODT,283,2017-07-03 00:00:00,2026-05-15 22:09:39.711,Judith,zalma1,cerro 3 pzas del juego  - arreglo 5 pzas -1/2 cubo fantasia,"",""
"",CONFIRMAR_SI_ES_BITACORA_DIARIA_O_ODT,284,2017-07-03 00:00:00,2026-05-15 22:09:39.711,pia2,zalma1,armo 1 pza del juego de nieve  -cerro a mano 3 pzas -cocio 1 cilindro de las fig. geometricas,"",""
"",CONFIRMAR_SI_ES_BITACORA_DIARIA_O_ODT,285,2017-07-03 00:00:00,2026-05-15 22:09:39.711,Ruth,zalma1,armo base de pino -pego los tubos de las pzas - corto pzas que hubo que reemplazar -corto 10 cubos de 20*20 de fig geometricas,"",""
"",CONFIRMAR_SI_ES_BITACORA_DIARIA_O_ODT,286,2017-07-03 00:00:00,2026-05-15 22:09:39.711,zalma1,zalma1,3 pzas del cem -cerre a mano 5 pzas del juego de nieve - arme cono del pino,"",""
"",CONFIRMAR_SI_ES_BITACORA_DIARIA_O_ODT,287,2017-07-04 00:00:00,2026-05-15 22:09:39.711,Fabiola1,zalma1,5 pelotas de tnt 10*10 -4 chupetes -1/2 vestibulador mudador - 1 cilindro de 60*30 -cerro a mano 2 pzas de fig geometricas,"",""
"",CONFIRMAR_SI_ES_BITACORA_DIARIA_O_ODT,288,2017-07-04 00:00:00,2026-05-15 22:09:39.711,Judith,zalma1,1/2 cubo de fantasia -4 chupetes -4 cobertores -1 rampa de circuito -2 cilindros de 60*30,"",""
"",CONFIRMAR_SI_ES_BITACORA_DIARIA_O_ODT,289,2017-07-04 00:00:00,2026-05-15 22:09:39.711,pia2,zalma1,13 pzas de fig geometricas -5 pelotas de tnt -10*10  - 1 cilindro de 60*30,"",""
"",CONFIRMAR_SI_ES_BITACORA_DIARIA_O_ODT,290,2017-07-04 00:00:00,2026-05-15 22:09:39.711,Ruth,zalma1,4 cobertores - 4 frazadas - 4 juegos de sabanas - 2 circuitos - 2 set de bastones - 10 pelotas de 10*10  tela,"",""
"",CONFIRMAR_SI_ES_BITACORA_DIARIA_O_ODT,291,2017-07-04 00:00:00,2026-05-15 22:09:39.711,zalma1,zalma1,3 pzas  cem - 4 frazadas - 3 sabanas - 1 alfombra ludica  -cerre a mano 1 pza del juego nieve -1 rampa de 50*50*25,"",""
"",CONFIRMAR_SI_ES_BITACORA_DIARIA_O_ODT,292,2017-07-04 00:00:00,2026-05-15 22:09:39.711,edwin1,edwin1,armado cilindros x8rncorte rampa 50x50x25rncorte alfombra ludicarncorte piscina redonda vitaminarncorte mudadoresrncorte figuras geometricas,"",""
"",CONFIRMAR_SI_ES_BITACORA_DIARIA_O_ODT,293,2017-07-04 00:00:00,2026-05-15 22:09:39.711,DAVID,edwin1,aseornembalado bullderrn                 carpa x 5rn                columpiorn                pinornfundado embalado cilindros x 8rncarga cajasrnembalado semaforos y colgantesrnbarnizado titeres,"",""
"",CONFIRMAR_SI_ES_BITACORA_DIARIA_O_ODT,294,2017-07-05 00:00:00,2026-05-15 22:09:39.711,DAVID,edwin1,ASEOrnEMBALADO CARPA Y HONGOSrn                     CILINDRO X 8rn                     MUDADOR X 4rnFUNDADO MUDADOR X 4rnCARGA DE MODULOS,"",""
"",CONFIRMAR_SI_ES_BITACORA_DIARIA_O_ODT,295,2017-07-05 00:00:00,2026-05-15 22:09:39.711,edwin1,edwin1,CORTE CIRCULOS X 2rnCORTE MUDADORES X2rnFUNDADO Y PEGADO COLCHONETA VITAMINArnCARGA DE CAJASrnORDEN ESPUMASrnEMBOLSADO ESPUMArnALUZADO EMBALADO COLCHONETA VITAMINA,"",""
"",CONFIRMAR_SI_ES_BITACORA_DIARIA_O_ODT,296,2017-07-05 00:00:00,2026-05-15 22:09:39.711,Fabiola1,zalma1,5 pelotas de velur rellenas y cerradas a mano -1 set de 12 bastones -1 pza de fig. geometrica cerro a mano,"",""
"",CONFIRMAR_SI_ES_BITACORA_DIARIA_O_ODT,297,2017-07-05 00:00:00,2026-05-15 22:09:39.711,Judith,zalma1,2 pzas de circuito -36 bastones -dio vuelta 12.,"",""
"",CONFIRMAR_SI_ES_BITACORA_DIARIA_O_ODT,298,2017-07-05 00:00:00,2026-05-15 22:09:39.711,pia2,zalma1,2 bolsas de tnt cubos de fantasia -5 pelotas de velur rellenas,"",""
"",CONFIRMAR_SI_ES_BITACORA_DIARIA_O_ODT,299,2017-07-05 00:00:00,2026-05-15 22:09:39.711,Ruth,zalma1,3 juegos de bastones  - 1 set de 6 cubos de textura -2 bolsas de tnt  cubos de fantasia -1 colchoneta de 170*70*4 - 1 rectangulo -60*25*20 -5 alfombras ludicas - 6 juegos de bowleen,"",""
"",CONFIRMAR_SI_ES_BITACORA_DIARIA_O_ODT,300,2017-07-05 00:00:00,2026-05-15 22:09:39.711,zalma1,zalma1,1 circuito - - 4 juegos de sabanas - 6 cubos de textura  -cerre a mano 4 pzas de fig geometricas ayude a pegar colchoneta de 240,"",""
"",CONFIRMAR_SI_ES_BITACORA_DIARIA_O_ODT,301,2017-07-06 00:00:00,2026-05-15 22:09:39.711,DAVID,edwin1,ASEOrnARMADO TITERE X 2rnFUNDADO CIRCUITOrnFUNDADO COLCHONETA 170X70rnFUNDADO VESTIBULADOR MUDADORrnFUNDADO ALFOMBRA LUDICArnFUNDADO CUBOS CON TEXTURAS,"",""
"",CONFIRMAR_SI_ES_BITACORA_DIARIA_O_ODT,302,2017-07-06 00:00:00,2026-05-15 22:09:39.711,edwin1,edwin1,CORTE ALFOMBRA LUDICArn             CIRCUITO X 2rnINSTALACION HOJA CORTADORA MAQUINA ESPUMArnCORTE SET CUBOS CON TEXTURASrn              RECTANGULO 60X25X20rn              COLCHONETA 170X70X4rn              CORTE Y ARMADO V MUDADORrn              FIGURAS GEOMETRICASrn              PISCINA SENSORIAL RECTANGULARrn              CUBO FANTASIA X 2rnPEGADO DE RETAZOS,"",""
"",CONFIRMAR_SI_ES_BITACORA_DIARIA_O_ODT,303,2017-07-06 00:00:00,2026-05-15 22:09:39.711,Fabiola1,zalma1,CERRO 5 PELOTAS DE VELUR -CERRO 2 CUBOS DE TEXTURA - CERRO 24 BASTONES RELLENO 10 BASTONES DIO VUELTA 24 BASTONES,"",""
"",CONFIRMAR_SI_ES_BITACORA_DIARIA_O_ODT,304,2017-07-06 00:00:00,2026-05-15 22:09:39.711,Judith,zalma1,DIO VUELTA 24  BASTONES -RELLENO 50 BASTONES -CERRO 60 BASTONE S -CERRO A MANO 1 CUBO DE FANTASIA -2FIG GEOMETRICAS,"",""
"",CONFIRMAR_SI_ES_BITACORA_DIARIA_O_ODT,305,2017-07-06 00:00:00,2026-05-15 22:09:39.711,Ruth,zalma1,5 BOLSAS DE TNT BASTONES -2 SET DE BOWLEEN -2 BOLSAS DE CIRCUITO -1 BOLSA CUBOS DE TEXTURA -BOLSA DE PELOTAS 10*10 - 4 PARACAIDAS -1 COLCHONETA DE 2*1*5 - 1 COLCHONETA DE 120*60* 4 -1 CUBO DE FANTASIA -4 CIRCUITOS,"",""
"",CONFIRMAR_SI_ES_BITACORA_DIARIA_O_ODT,306,2017-07-06 00:00:00,2026-05-15 22:09:39.711,zalma1,zalma1,1 COLCHONETA DE170*70*4 -1 ALFOMBRA LUDICA - 2 BOLSAS DE CIRCUITO - 1 BOLSA DE FIG GEOMETRICAS - 5 BOLSAS DE BASTONES - 1 BOLSA DE PELOTAS EMPECE EL PARACAIDAS,"",""
"",CONFIRMAR_SI_ES_BITACORA_DIARIA_O_ODT,307,2017-07-07 00:00:00,2026-05-15 22:09:39.711,Fabiola1,zalma1,1 alfombra ludica -cerro a mano 4 cubos de textura,"",""
"",CONFIRMAR_SI_ES_BITACORA_DIARIA_O_ODT,308,2017-07-07 00:00:00,2026-05-15 22:09:39.711,Judith,zalma1,cerro a mano -11 pzas fig geometricas - 6 bolsas del set olfativo - 2 juegos completos de bowleen - 1/2 luche,"",""
"",CONFIRMAR_SI_ES_BITACORA_DIARIA_O_ODT,309,2017-07-07 00:00:00,2026-05-15 22:09:39.711,pia2,zalma1,pego 8 pies -cerro a mano 9 fig geometricas,"",""
"",CONFIRMAR_SI_ES_BITACORA_DIARIA_O_ODT,310,2017-07-07 00:00:00,2026-05-15 22:09:39.711,Ruth,zalma1,2 bolsas de fig geometricas -2 bolsas de bastones -5 bolsas de bowleen -1 bolsa de cuncuna -1 piscina flor - 2cilindro 100*25 -2 luches -2 set de n de luche -saco modelo de muestra,"",""
"",CONFIRMAR_SI_ES_BITACORA_DIARIA_O_ODT,311,2017-07-07 00:00:00,2026-05-15 22:09:39.711,zalma1,zalma1,2 paracaidas -2 bolsas de paracaidas -puse los pies y manos de alfombra ludica,"",""
"",CONFIRMAR_SI_ES_BITACORA_DIARIA_O_ODT,312,2017-07-08 00:00:00,2026-05-15 22:09:39.711,Fabiola1,zalma1,2 JUEGOS DE BOWLEEN-RELLENO 6 BOWLEEN Y 4 PELOTAS,"",""
"",CONFIRMAR_SI_ES_BITACORA_DIARIA_O_ODT,313,2017-07-08 00:00:00,2026-05-15 22:09:39.711,Judith,zalma1,1/2 LUCHE MUESTRA -1 ALFOMBRA LUDICA 1 BOLSA DE TNT F G,"",""
"",CONFIRMAR_SI_ES_BITACORA_DIARIA_O_ODT,314,2017-07-08 00:00:00,2026-05-15 22:09:39.711,pia2,zalma1,CERRO A MANO 1 FG -1 CUBO DE FANTASIA  DIO VUELTA 17 BASTONES -RELLENO 17,"",""
"",CONFIRMAR_SI_ES_BITACORA_DIARIA_O_ODT,315,2017-07-08 00:00:00,2026-05-15 22:09:39.711,Ruth,zalma1,FUNDA DE EQUILUIBRIO -MUESTRA LA CORTO Y COCIO - CORTO CAMINO SENSORAL MUESTRA -1 CUBO DE ACCIONES,"",""
"",CONFIRMAR_SI_ES_BITACORA_DIARIA_O_ODT,316,2017-07-08 00:00:00,2026-05-15 22:09:39.711,zalma1,zalma1,1 ALFOMBRA LUDICA -1 CILUINDRO- 1 CABALLETE- OLA CEM 1,"",""
"",CONFIRMAR_SI_ES_BITACORA_DIARIA_O_ODT,317,2017-07-08 00:00:00,2026-05-15 22:09:39.711,edwin1,edwin1,corte piscina rectangular colchoneta cabezalesrncubo de fantasia x2rndesenfundado cilindro 40x150rnasiento cuncunarncorte armado vestibulador rollorncorte armado vestibulador flexor,"",""
"",CONFIRMAR_SI_ES_BITACORA_DIARIA_O_ODT,318,2017-07-10 00:00:00,2026-05-15 22:09:39.711,Fabiola1,zalma1,1 cilindro 150*40 -cerro a maquinq 26 bastones -relleno 12 - 2 bolsas de tnt  de bastones -relleno y cerro 8 bowleen,"",""
"",CONFIRMAR_SI_ES_BITACORA_DIARIA_O_ODT,319,2017-07-10 00:00:00,2026-05-15 22:09:39.711,Judith,zalma1,1 cubo de fantasia -2 bolsas de tnt - cem - 1 bolsa de cubo fantasia- 1/2 piscina flor  - cerro a mano 1 rulo,"",""
"",CONFIRMAR_SI_ES_BITACORA_DIARIA_O_ODT,320,2017-07-10 00:00:00,2026-05-15 22:09:39.711,pia2,zalma1,dio vuelta 4 bastones - 1 bolsa tnt  cuncuna -5 bolsas de bowleen -,"",""
"",CONFIRMAR_SI_ES_BITACORA_DIARIA_O_ODT,321,2017-07-10 00:00:00,2026-05-15 22:09:39.711,Ruth,zalma1,corto bolsa de tnt  cem -1 arco de soorte -1 puf teleton -tazlan - y tnt -1 puf integra -1 cojin de 40*20 -1 arco de soporte del caballete - 1 cilindro de 150*40,"",""
"",CONFIRMAR_SI_ES_BITACORA_DIARIA_O_ODT,322,2017-07-10 00:00:00,2026-05-15 22:09:39.711,zalma1,zalma1,1 rampa 5050  *25  -cem - 1 arco caballete -1alfombra ludica -6 petalos de piscina flor -1 rampa 50*50*25 de circuito,"",""
"",CONFIRMAR_SI_ES_BITACORA_DIARIA_O_ODT,323,2017-07-10 00:00:00,2026-05-15 22:09:39.711,DAVID,edwin1,aseo lavadornfundado centro estimulacion motrizrn              vestibulador rollorn              kit caballetern              vestibulador flexor x 2rn              rulo x 2rnembalado vestibulador mudadorrnbarnizado plato equilibriorncarga de cajas,"",""
"",CONFIRMAR_SI_ES_BITACORA_DIARIA_O_ODT,329,2017-07-10 00:00:00,2026-05-15 22:09:39.711,edwin1,edwin1,"CORTE ARMADOrnrulornvestibulador flexorrnpiscina sensorial rectangularrnfiguras geometricas x 3rnmedio cilindro,rectangulornpiscina florrnserigrafia piscina flor,cuadradorn","",""
"",CONFIRMAR_SI_ES_BITACORA_DIARIA_O_ODT,324,2017-07-11 00:00:00,2026-05-15 22:09:39.711,Fabiola1,zalma1,1 de arcos de soporte -relleno y cocio 8 bowleen cocio hunchas de escala,"",""
"",CONFIRMAR_SI_ES_BITACORA_DIARIA_O_ODT,325,2017-07-11 00:00:00,2026-05-15 22:09:39.711,Judith,zalma1,2 piscina flor - cerro y relleno12 bowleen -4 pelotas  relleno 12 bowleen y 4 pelotas muestra,"",""
"",CONFIRMAR_SI_ES_BITACORA_DIARIA_O_ODT,326,2017-07-11 00:00:00,2026-05-15 22:09:39.711,pia2,zalma1,1 colchoneta de 2*1*5 -1 colchoneta de 120*60*4 - 1/4 de paracaidas,"",""
"",CONFIRMAR_SI_ES_BITACORA_DIARIA_O_ODT,327,2017-07-11 00:00:00,2026-05-15 22:09:39.711,Ruth,zalma1,1 bolsa de circuito -1 rulo plegable -1 piscina flor -2 gatos-cocio 1 gato,"",""
"",CONFIRMAR_SI_ES_BITACORA_DIARIA_O_ODT,328,2017-07-11 00:00:00,2026-05-15 22:09:39.711,zalma1,zalma1,1 circuito - - 1 bolsa de circuito -6 petalos de piscina flor -1 puf teleton -1 puf integra -1 funda tnt puf - recorte 2 juegos de manos y pies alfombra ludica,"",""
"",CONFIRMAR_SI_ES_BITACORA_DIARIA_O_ODT,330,2017-07-11 00:00:00,2026-05-15 22:09:39.711,edwin1,edwin1,"CORTE ARMADOrncolchoneta 120x60x4rnalfombra ludicarnpetalos piscina florrncolchoneta 100x200x5rncentro estimulacion gateo x 2rncilindro con anillosrnserigrafia alfombras ludicas x16rnserigrafia gato,medio cilindro","",""
"",CONFIRMAR_SI_ES_BITACORA_DIARIA_O_ODT,331,2017-07-11 00:00:00,2026-05-15 22:09:39.711,DAVID,edwin1,aseo lavado juegosrnembalado vestibulador rollorn                 kit caballetern                piscina cuadradarncarga de muebles,"",""
"",CONFIRMAR_SI_ES_BITACORA_DIARIA_O_ODT,332,2017-07-12 00:00:00,2026-05-15 22:09:39.711,edwin1,edwin1,CORTESrnmodulo gato x 16 piezasrnpiscina sensorial cuadradarncircuitorncilindros x 8rncilindro 120x30rnarco integrarncajon equilibrio integrarnorden y embolsado espumas x 4 bolsasrn,"",""
"",CONFIRMAR_SI_ES_BITACORA_DIARIA_O_ODT,333,2017-07-12 00:00:00,2026-05-15 22:09:39.711,Fabiola1,zalma1,1 cilindro 60*30 -5 f.g -cerro a mano 1 rulo -1 cilindro f.g,"",""
"",CONFIRMAR_SI_ES_BITACORA_DIARIA_O_ODT,334,2017-07-12 00:00:00,2026-05-15 22:09:39.711,Judith,zalma1,cerro a mano 12 bowleen  y 4 pelotas -1 camino sensorial -muestra y enfundo -arreglo bolsa de cuncuna -pego pies y manos de ludica,"",""
"",CONFIRMAR_SI_ES_BITACORA_DIARIA_O_ODT,335,2017-07-12 00:00:00,2026-05-15 22:09:39.711,pia2,zalma1,3/4 de paracaida -1 bolsa de tnt paracaidas,"",""
"",CONFIRMAR_SI_ES_BITACORA_DIARIA_O_ODT,336,2017-07-12 00:00:00,2026-05-15 22:09:39.711,Ruth,zalma1,18 alfombras ludicas - armo 1 gato -pego pies y manos de 1 alfombra ludica,"",""
"",CONFIRMAR_SI_ES_BITACORA_DIARIA_O_ODT,337,2017-07-12 00:00:00,2026-05-15 22:09:39.711,zalma1,zalma1,1 cojin de  40*20 puf  funda tnt put .-2 alfombras ludicas -cambiar pza de puf,"",""
"",CONFIRMAR_SI_ES_BITACORA_DIARIA_O_ODT,347,2017-07-12 00:00:00,2026-05-15 22:09:39.711,DAVID,edwin1,aseorncorte y lijado de pizarra 6x6 40 unidadesrnfundado figuras geometricas x 3rncarga camionrnfundado cuncunarnorden de telasrnfundado circuitornfundado piscina cuadradarnrn,"",""
"",CONFIRMAR_SI_ES_BITACORA_DIARIA_O_ODT,338,2017-07-13 00:00:00,2026-05-15 22:09:39.711,edwin1,edwin1,CORTESrnarmado pegado pisornmodulo gatornmodulo Lrncolchonetas 200x100-150x100-120x80 en 7rnpiscinas sensoriales cuadradas x 2rnserigrafia pegado piso-bolsas-colchoneta,"",""
"",CONFIRMAR_SI_ES_BITACORA_DIARIA_O_ODT,339,2017-07-13 00:00:00,2026-05-15 22:09:39.711,Fabiola1,zalma1,2 bolsas de bowleen -3 bosas de f.g - cerro a mano 5 fig .geometricas,"",""
"",CONFIRMAR_SI_ES_BITACORA_DIARIA_O_ODT,340,2017-07-13 00:00:00,2026-05-15 22:09:39.711,Judith,zalma1,1 circuito de equilibrio muestra -cerro a mano  camino sensorial -10 pzas del gato y los dos tableros muestra -1 cubo de fantasia -1 rampa fg -dio vuelta 20 fundas del gato,"",""
"",CONFIRMAR_SI_ES_BITACORA_DIARIA_O_ODT,341,2017-07-13 00:00:00,2026-05-15 22:09:39.711,pia2,zalma1,pego 5 manos -cerro a mano 12 fig geometricas,"",""
"",CONFIRMAR_SI_ES_BITACORA_DIARIA_O_ODT,342,2017-07-13 00:00:00,2026-05-15 22:09:39.711,Ruth,zalma1,2 bolsas de bowleen -3 bolsas de fig geometricas -2 bolsas de gatos -1 cojin de ecocuero muestra -2 set de colitas - saco molde de arco muestra -1 alfombra de cuerina de textura -1 de taslan -1 alfombra con bolsillos,"",""
"",CONFIRMAR_SI_ES_BITACORA_DIARIA_O_ODT,343,2017-07-13 00:00:00,2026-05-15 22:09:39.711,zalma1,zalma1,5 paños de alfombra ludica -1 aldfombra ludica,"",""
"",CONFIRMAR_SI_ES_BITACORA_DIARIA_O_ODT,346,2017-07-13 00:00:00,2026-05-15 22:09:39.711,DAVID,edwin1,aseornembalado piscina cuadradarncorte espumas figuras geometricasrncorte y lijado de memorisernpegado de retazos,"",""
"",CONFIRMAR_SI_ES_BITACORA_DIARIA_O_ODT,344,2017-07-14 00:00:00,2026-05-15 22:09:39.711,edwin1,edwin1,"CORTESrnrulo plegablerncubo 32x32rncolchonetas 130x130 dosrnrueda girasolrnserigrafia bolsas,cuadros,gateornembolsado de espumasrnpagado retazos","",""
"",CONFIRMAR_SI_ES_BITACORA_DIARIA_O_ODT,345,2017-07-14 00:00:00,2026-05-15 22:09:39.711,DAVID,edwin1,aseornfundado colchoneta 190x150rnfundado colchoneta 120x60rnfundado pruebas integrasrnfundado figuras geometricasrnpegado de retazosrncorte cilindros x 3,"",""
"",CONFIRMAR_SI_ES_BITACORA_DIARIA_O_ODT,348,2017-07-14 00:00:00,2026-05-15 22:09:39.711,Fabiola1,zalma1,cerro a- mano 6 f.g -cocio 1 cubo de 32*32 de acciones  corto 17 pies y 30 manos - 1 paño de alfombra ludica,"",""
"",CONFIRMAR_SI_ES_BITACORA_DIARIA_O_ODT,349,2017-07-14 00:00:00,2026-05-15 22:09:39.711,Judith,zalma1,cerro a mano 10 cuadrados de gato - 2 f.g - pego velcros de colchoneta de 2*3  - cocio 2 pelotas -2 triangulos -2 cojines redondos -2 cojines cuadrados con textura -1 bolsa tnt equilibrio -1/2 colchoneta de taslan,"",""
"",CONFIRMAR_SI_ES_BITACORA_DIARIA_O_ODT,350,2017-07-14 00:00:00,2026-05-15 22:09:39.711,pia2,zalma1,cerro 6 f.g - cocio 2 cubos de 20*20 - 2 set de colas (12) -pego 3 manos,"",""
"",CONFIRMAR_SI_ES_BITACORA_DIARIA_O_ODT,351,2017-07-14 00:00:00,2026-05-15 22:09:39.711,Ruth,zalma1,4 cubos F.G -10 figuras de alfombras -1 cubo de accion -2 cubos de15*15 -4 alfombras plegables -2 gateos -2 rampas de 50*50*25,"",""
"",CONFIRMAR_SI_ES_BITACORA_DIARIA_O_ODT,352,2017-07-14 00:00:00,2026-05-15 22:09:39.711,zalma1,zalma1,2 bolsas de tnt gatos -1 alfombra de 130*130 colores - 4 alfombras ludicas -2 escalas de gateo -1 rectangulo F.G -cerre a mano 1 cubo de 20+20 -1 RAMPA,"",""
"",CONFIRMAR_SI_ES_BITACORA_DIARIA_O_ODT,353,2017-07-17 00:00:00,2026-05-15 22:09:39.711,edwin1,edwin1,"serigrafia tunel arrastre,circuitos,rampasrnCORTESrnludicas x 10rnprotectores x 4rnarco de soporterncircuitornsoportes girasol x 4rncarga de cajas","",""
"",CONFIRMAR_SI_ES_BITACORA_DIARIA_O_ODT,354,2017-07-17 00:00:00,2026-05-15 22:09:39.711,DAVID,edwin1,aseornpegado de soportesrnarmado de elefanterncarga de cajas rnembolsado y orden de espumas,"",""
"",CONFIRMAR_SI_ES_BITACORA_DIARIA_O_ODT,355,2017-07-17 00:00:00,2026-05-15 22:09:39.711,Fabiola1,zalma1,2 paños de alfombraludica  -11 pzas de modulo l,"",""
"",CONFIRMAR_SI_ES_BITACORA_DIARIA_O_ODT,356,2017-07-17 00:00:00,2026-05-15 22:09:39.711,Judith,zalma1,3 alfombras plegables - 1 rulo plegable,"",""
"",CONFIRMAR_SI_ES_BITACORA_DIARIA_O_ODT,357,2017-07-17 00:00:00,2026-05-15 22:09:39.711,pia2,zalma1,1 circuito - 2cilindros de 100*25,"",""
"",CONFIRMAR_SI_ES_BITACORA_DIARIA_O_ODT,358,2017-07-17 00:00:00,2026-05-15 22:09:39.711,Ruth,zalma1,1 cilindro con anillos -1 modulo L -1 rulo plegables - 1 arco de soporte -4 bolsas de circuito -2 ruedas girasol,"",""
"",CONFIRMAR_SI_ES_BITACORA_DIARIA_O_ODT,359,2017-07-17 00:00:00,2026-05-15 22:09:39.711,zalma1,zalma1,2 gateos -2 rampas de 50*50*25 -1 cilindro con anillos - enfunde los 3 anillos y cerre a mano 3 anillos,"",""
"",CONFIRMAR_SI_ES_BITACORA_DIARIA_O_ODT,360,2017-07-18 00:00:00,2026-05-15 22:09:39.711,edwin1,edwin1,CORTESrnARMADO CILINDROS 25X100 (2)rnRUEDA GIRASOLrnFIGURAS GEOMETRICASrnMUDADOR 80X80rnCOJINrnEMBOLSADO DE ESPUMASrnCUBIERTA CILINDROS 20X40 (6)rnFUNDADO ARCO SOPORTErnFUNDADO RULO PLEGABLE,"",""
"",CONFIRMAR_SI_ES_BITACORA_DIARIA_O_ODT,361,2017-07-18 00:00:00,2026-05-15 22:09:39.711,DAVID,edwin1,PEGADO RETAZOSrnORDEN ESPUMASrnCARGA DE CAJAS,"",""
"",CONFIRMAR_SI_ES_BITACORA_DIARIA_O_ODT,362,2017-07-18 00:00:00,2026-05-15 22:09:39.711,Fabiola1,zalma1,1 PZA DE MODULO L PEGÒ-LOS VELCROS DE LA PISCINA CUADRADA -8 BOWLEEN -4 PELOTAS,"",""
"",CONFIRMAR_SI_ES_BITACORA_DIARIA_O_ODT,363,2017-07-18 00:00:00,2026-05-15 22:09:39.711,Judith,zalma1,2 BOLSAS DE TNT -( MODULO L -CIRCUITO) - 1 TUNEL DE ARRASTRE - 3 PZAS DE PISCINA CUADRADA,"",""
"",CONFIRMAR_SI_ES_BITACORA_DIARIA_O_ODT,364,2017-07-18 00:00:00,2026-05-15 22:09:39.711,pia2,zalma1,6 BOWLEEN - 2 PELOTAS -CERRO A MANO 7 PZAS DE MODULO L,"",""
"",CONFIRMAR_SI_ES_BITACORA_DIARIA_O_ODT,365,2017-07-18 00:00:00,2026-05-15 22:09:39.711,Ruth,zalma1,4 ARCOS DE SOPORTE DE GIRASOL -2 PISCINAS CUADRADAS - 1 SET DE F.G - 2 BOLSAS DE F.G -1 BOLSA MODULO L - CERRÒ A MANO 2 PZAS DEL MODULO L,"",""
"",CONFIRMAR_SI_ES_BITACORA_DIARIA_O_ODT,366,2017-07-18 00:00:00,2026-05-15 22:09:39.711,zalma1,zalma1,2 PAÑOS -ALFOMBRAS LUDICAS - 2 SET DE F.G --1 ARCO DE SOPORTE - ARREGLO DE 2 PZAS DE CIRCUITO                                                                                                                    PEGUE 9 MANOS Y 6 PIES,"",""
"",CONFIRMAR_SI_ES_BITACORA_DIARIA_O_ODT,367,2017-07-19 00:00:00,2026-05-15 22:09:39.711,edwin1,edwin1,CORTESrnalfombra ludica x 5rnescala triplernrampa 120x50x50rnpegado de retazosrnembolsado espumasrnfundado tunel arrastrernrevisado cajas resbalinrnpegado rulo plegablerndescarga de cajasrn,"",""
"",CONFIRMAR_SI_ES_BITACORA_DIARIA_O_ODT,368,2017-07-19 00:00:00,2026-05-15 22:09:39.711,Fabiola1,zalma1,cerro a mano15 bowleen -6 pelotas - 2 pzas de f.g - -1/2 rueda girasol,"",""
"",CONFIRMAR_SI_ES_BITACORA_DIARIA_O_ODT,369,2017-07-19 00:00:00,2026-05-15 22:09:39.711,Judith,zalma1,2 pzas de piscina cuadrada - 2 bolsas de f.g -1 cilindro -1 rampa de 120*50*50 -1 soporte de rueda girasol - cerro a mano 1/2 rulo plegable -6 pzas de f.g,"",""
"",CONFIRMAR_SI_ES_BITACORA_DIARIA_O_ODT,370,2017-07-19 00:00:00,2026-05-15 22:09:39.711,pia2,zalma1,42 bolsas e de tnt -cerro a mano 10 pzas de f.g  -3 pzas de bowleen,"",""
"",CONFIRMAR_SI_ES_BITACORA_DIARIA_O_ODT,371,2017-07-19 00:00:00,2026-05-15 22:09:39.711,Ruth,zalma1,corto 5 juegos de pies -1 de manos - 1 rampa de 120*50*50 -50 bolsas de tnt - 1 sala cuna - cerro a mano 6 pzas f.g -Âº/2 rulo plegable,"",""
"",CONFIRMAR_SI_ES_BITACORA_DIARIA_O_ODT,372,2017-07-19 00:00:00,2026-05-15 22:09:39.711,zalma1,zalma1,6 alfombras ludicas -1 paño de alfombra ludica,"",""
"",CONFIRMAR_SI_ES_BITACORA_DIARIA_O_ODT,373,2017-07-20 00:00:00,2026-05-15 22:09:39.711,Fabiola1,zalma1,1 RUEDA GIRASOL -1 CEM,"",""
"",CONFIRMAR_SI_ES_BITACORA_DIARIA_O_ODT,374,2017-07-20 00:00:00,2026-05-15 22:09:39.711,Judith,zalma1,1 SALA CUNA -2 CILINDROS,"",""
"",CONFIRMAR_SI_ES_BITACORA_DIARIA_O_ODT,375,2017-07-20 00:00:00,2026-05-15 22:09:39.711,Ruth,zalma1,1 CEM -2 CILINDROS DE 60*30 -10 ALFOMBRAS PLEGABLES -6 PAÑOS DE ALFOMBRAS PLEGABLES,"",""
"",CONFIRMAR_SI_ES_BITACORA_DIARIA_O_ODT,376,2017-07-20 00:00:00,2026-05-15 22:09:39.711,zalma1,zalma1,6 ALFOMBRAS LUDICAS,"",""
"",CONFIRMAR_SI_ES_BITACORA_DIARIA_O_ODT,383,2017-07-20 00:00:00,2026-05-15 22:09:39.711,edwin1,edwin1,arreglo pistola pegamentorncorte circuitorncorte centro estimulacion motrizrnpegado prortectoresrnorden espumasrnembalado tubnel arrastre,"",""
"",CONFIRMAR_SI_ES_BITACORA_DIARIA_O_ODT,384,2017-07-20 00:00:00,2026-05-15 22:09:39.711,DAVID,edwin1,aseornembalado piscina cuadradarn                 piscina hexagonalrn                 cilindro con anillosrnfundado alfombras ludicas x 11,"",""
"",CONFIRMAR_SI_ES_BITACORA_DIARIA_O_ODT,377,2017-07-21 00:00:00,2026-05-15 22:09:39.711,Judith,zalma1,10 colchonetas -120*60*5 -cerro a mano 4 cubos del sala cuna,"",""
"",CONFIRMAR_SI_ES_BITACORA_DIARIA_O_ODT,378,2017-07-21 00:00:00,2026-05-15 22:09:39.711,Judith,zalma1,10 colchonetas -120*60*5 -cerro a mano 4 cubos del sala cuna,"",""
"",CONFIRMAR_SI_ES_BITACORA_DIARIA_O_ODT,379,2017-07-21 00:00:00,2026-05-15 22:09:39.711,Judith,zalma1,10 colchonetas -120*60*5 -cerro a mano 4 cubos del sala cuna,"",""
"",CONFIRMAR_SI_ES_BITACORA_DIARIA_O_ODT,380,2017-07-21 00:00:00,2026-05-15 22:09:39.711,Ruth,zalma1,10 colchonetas de 120*60*5 -1 colchoneta de estimulacion -190*150+5 -2 pelotas de 60 -2 pelotas de 30 -cocio colchonetas de estuimulacion-2 pelotas de 30 -cerro 1 pelota de 30,"",""
"",CONFIRMAR_SI_ES_BITACORA_DIARIA_O_ODT,381,2017-07-21 00:00:00,2026-05-15 22:09:39.711,zalma1,zalma1,10 paños de alfombras plegables - 2 pelotas de 60 - 1 esquinero de cem - pegue 4 cierres -cerre a mano 2 pelotas de 30 - y 1 de 60,"",""
"",CONFIRMAR_SI_ES_BITACORA_DIARIA_O_ODT,382,2017-07-21 00:00:00,2026-05-15 22:09:39.711,edwin1,edwin1,cortes centro psicomotria sala cunarn           alfombra ludicarn           cilindros 60x30   x 2rncarga de cajasrncorte y relleno de pelotas terapeuticas x 3rnembalado pelotas terapeuticasrncarga de modulos,"",""
"",CONFIRMAR_SI_ES_BITACORA_DIARIA_O_ODT,385,2017-07-21 00:00:00,2026-05-15 22:09:39.711,DAVID,edwin1,aseornfundado centro estimulacion motrizrn             centro psicomotria sala cunarnreparto valpàraisornembalado cajasrncarga de cajasrnrelleno pelota terapautica,"",""
"",CONFIRMAR_SI_ES_BITACORA_DIARIA_O_ODT,386,2017-07-24 00:00:00,2026-05-15 22:09:39.711,DAVID,edwin1,aseornfundado colchonetas 120x60 (x5)rnfundado colchoneta 190x150rnpegado retazosrnpegado retazosrnpegado retazos,"",""
"",CONFIRMAR_SI_ES_BITACORA_DIARIA_O_ODT,387,2017-07-24 00:00:00,2026-05-15 22:09:39.711,edwin1,edwin1,corte colchonetas 120x60 (x9)rnpegado protectorrnembolsado espumasrnpegado retazosrncorte cojines x9rncorte armado vestibulador flexorrncorte rampas 60x60 (x2)rnorden espumasrncorte piscina con acceso(solo piscina),"",""
"",CONFIRMAR_SI_ES_BITACORA_DIARIA_O_ODT,388,2017-07-24 00:00:00,2026-05-15 22:09:39.711,Fabiola1,zalma1,1/2 girasol -3 arcos de soporte de rueda girasol -2 rampas -cerro a mano ruedas girasol,"",""
"",CONFIRMAR_SI_ES_BITACORA_DIARIA_O_ODT,389,2017-07-24 00:00:00,2026-05-15 22:09:39.711,Judith,zalma1,1 piscina cuadrada - 3 lfombras plegables -cerro a mano 1 arco de soporte,"",""
"",CONFIRMAR_SI_ES_BITACORA_DIARIA_O_ODT,390,2017-07-24 00:00:00,2026-05-15 22:09:39.711,Ruth,zalma1,2 piscinas rectangulares -1 colchoneta de2*1*7 - 1 colchoneta de150*1*7 - 1 colchoneta  de 120*80*7 -2 rampas de 60*60*30 -4 pzas de piscina con acceso,"",""
"",CONFIRMAR_SI_ES_BITACORA_DIARIA_O_ODT,391,2017-07-24 00:00:00,2026-05-15 22:09:39.711,zalma1,zalma1,1 piscina cuadrada - 3 paños de alfombra plegable - 3 alfombras plegables -cerre a mano 1 arco de soporte de girasol,"",""
"",CONFIRMAR_SI_ES_BITACORA_DIARIA_O_ODT,392,2017-07-25 00:00:00,2026-05-15 22:09:39.711,edwin1,edwin1,corte armado vestibulador rollo x 2rncorte piscina con accesorncorte cojines x11rnpegado retazos rncarga de modulosrnaseo,"",""
"",CONFIRMAR_SI_ES_BITACORA_DIARIA_O_ODT,393,2017-07-25 00:00:00,2026-05-15 22:09:39.711,Fabiola1,zalma1,3 colchonetas -1 vestibulador rollo - 1 palo  2 chupetes  - cerro a mano 2 arcos de soporte de girasol,"",""
"",CONFIRMAR_SI_ES_BITACORA_DIARIA_O_ODT,394,2017-07-25 00:00:00,2026-05-15 22:09:39.711,Judith,zalma1,1 piscina rectangular -4 paños de alfombra plegable -  cerro 1 palo de vestibulador,"",""
"",CONFIRMAR_SI_ES_BITACORA_DIARIA_O_ODT,395,2017-07-25 00:00:00,2026-05-15 22:09:39.711,Ruth,zalma1,21 cojines  - 9 bases de alfombra plefgable -cocio 4 alfombras pklegables,"",""
"",CONFIRMAR_SI_ES_BITACORA_DIARIA_O_ODT,396,2017-07-25 00:00:00,2026-05-15 22:09:39.711,zalma1,zalma1,11 alfombras plegables  -1 vestibulador rollo -1 palo -2 chupetes,"",""
"",CONFIRMAR_SI_ES_BITACORA_DIARIA_O_ODT,397,2017-07-26 00:00:00,2026-05-15 22:09:39.711,ALDO1,zalma1,1 piscina con acceso -1 pza de circuito,"",""
"",CONFIRMAR_SI_ES_BITACORA_DIARIA_O_ODT,398,2017-07-26 00:00:00,2026-05-15 22:09:39.711,Judith,zalma1,2 alfoubras plegables - 4 cojines en u - cerro 1 palo de vestibulador puso ganchos a colchoneta,"",""
"",CONFIRMAR_SI_ES_BITACORA_DIARIA_O_ODT,399,2017-07-26 00:00:00,2026-05-15 22:09:39.711,Ruth,zalma1,4 set de bastones - 15 bases de rampas -7 bases de escalas de piscina con acceso -  cocio 4 cojines en u,"",""
"",CONFIRMAR_SI_ES_BITACORA_DIARIA_O_ODT,400,2017-07-26 00:00:00,2026-05-15 22:09:39.711,zalma1,zalma1,9 cojines en u,"",""
"",CONFIRMAR_SI_ES_BITACORA_DIARIA_O_ODT,401,2017-07-26 00:00:00,2026-05-15 22:09:39.711,zalma1,zalma1,9 cojines en u,"",""
"",CONFIRMAR_SI_ES_BITACORA_DIARIA_O_ODT,410,2017-07-26 00:00:00,2026-05-15 22:09:39.711,edwin1,edwin1,cortes plegables x 30rncorte piscina rectangularrncarga de cajasrnpegado de retazosrnserigrafia rectangular,"",""
"",CONFIRMAR_SI_ES_BITACORA_DIARIA_O_ODT,402,2017-07-27 00:00:00,2026-05-15 22:09:39.711,Fabiola1,zalma1,1 pza de circuito - 20 bastones - 1 colchoneta de 140 *100*5,"",""
"",CONFIRMAR_SI_ES_BITACORA_DIARIA_O_ODT,403,2017-07-27 00:00:00,2026-05-15 22:09:39.711,Judith,zalma1,4 cojines en u - 1 rulo plegable - 1/2 luche,"",""
"",CONFIRMAR_SI_ES_BITACORA_DIARIA_O_ODT,404,2017-07-27 00:00:00,2026-05-15 22:09:39.711,Ruth,zalma1,1 rulo plegable -2 cilindros de 60*30 -2 cilindros de 150*30 - 1 colchoneta de 140*100*5 - 8 bases de escala -15 cuerpos de escala -10 bases intrior de piscina y 10 bases exterior,"",""
"",CONFIRMAR_SI_ES_BITACORA_DIARIA_O_ODT,405,2017-07-27 00:00:00,2026-05-15 22:09:39.711,zalma1,zalma1,5 cojines en u -5 bolsas de tnt de plato de equilibrio -1 bolsa de tnt de circuito - 1 rampa de 50*50*25 -4 rampas de piscina con acceso,"",""
"",CONFIRMAR_SI_ES_BITACORA_DIARIA_O_ODT,411,2017-07-27 00:00:00,2026-05-15 22:09:39.711,edwin1,edwin1,fundado plegables x 15rncorte colchoneta 150 x 100rnserigrafia plagables x 24rncarga de cajasrnfundado cojinesrnrn,"",""
"",CONFIRMAR_SI_ES_BITACORA_DIARIA_O_ODT,406,2017-07-28 00:00:00,2026-05-15 22:09:39.711,Fabiola1,zalma1,"4 bastones - 1 set de bowleen -6 bolsas de tnt  (bowleen bastones -plato de equilibrio ) dio vuelta ,relleno bastones  y cocio bastones","",""
"",CONFIRMAR_SI_ES_BITACORA_DIARIA_O_ODT,407,2017-07-28 00:00:00,2026-05-15 22:09:39.711,Judith,zalma1,1/2 luche - 1 luche -completo -corto numeros del luche - 2 bolsas de tnt luche - 2 cilindros de 60*30 -15 velcros a rampas y escalas piscina con acceso,"",""
"",CONFIRMAR_SI_ES_BITACORA_DIARIA_O_ODT,408,2017-07-28 00:00:00,2026-05-15 22:09:39.711,Ruth,zalma1,1 set de gateo -1 luche -4 bolsas de tnt de bastones -1 bolsa de bowleen - 1 bolsa de gateo - 59 set de cojines olfativos en tela y tnt,"",""
"",CONFIRMAR_SI_ES_BITACORA_DIARIA_O_ODT,409,2017-07-28 00:00:00,2026-05-15 22:09:39.711,zalma1,zalma1,3 rampas de piscina con acceso -1 set de gateo - 1 cilindro de 150*30  - 1 bolsa de gateo -354 bolsitasde tnt,"",""
"",CONFIRMAR_SI_ES_BITACORA_DIARIA_O_ODT,412,2017-07-28 00:00:00,2026-05-15 22:09:39.711,edwin1,edwin1,corte gateorncorte cilindro 150x30rnembalado cojines x 26rncorte rulo plegablernorden espumasrnembolsado espumasrnaseo,"",""
"",CONFIRMAR_SI_ES_BITACORA_DIARIA_O_ODT,413,2017-07-31 00:00:00,2026-05-15 22:09:39.711,edwin1,edwin1,terminado pegado rulo plegablernpegado rulo plegablerncorte escalas x 15rncorte ovalos x 2rnorden y embolsado espumas,"",""
"",CONFIRMAR_SI_ES_BITACORA_DIARIA_O_ODT,414,2017-07-31 00:00:00,2026-05-15 22:09:39.711,Fabiola1,zalma1,cocio 1 ovalo  - piscina de piscina con acceso - puso base de cuadrado -cerro 12 bastones,"",""
"",CONFIRMAR_SI_ES_BITACORA_DIARIA_O_ODT,415,2017-07-31 00:00:00,2026-05-15 22:09:39.711,Judith,zalma1,puso 12 velcros de escalas -cocio y relleno 24 bastones,"",""
"",CONFIRMAR_SI_ES_BITACORA_DIARIA_O_ODT,416,2017-07-31 00:00:00,2026-05-15 22:09:39.711,Ruth,zalma1,corto 16 ovalos - 1 cilindro de 120*30 -16 laterales de piscinas,"",""
"",CONFIRMAR_SI_ES_BITACORA_DIARIA_O_ODT,417,2017-07-31 00:00:00,2026-05-15 22:09:39.711,zalma1,zalma1,8 rampas  - 9 escalas de piscina con acceso,"",""
"",CONFIRMAR_SI_ES_BITACORA_DIARIA_O_ODT,421,2017-08-01 00:00:00,2026-05-15 22:09:39.711,DAVID,edwin1,aseo y lavado de juegosrnfundado escalas piscina x 10rnaseo bodegarnfundado ovalos x 5rnbarnizado bullder y coerteado 190x120,"",""
"",CONFIRMAR_SI_ES_BITACORA_DIARIA_O_ODT,422,2017-08-01 00:00:00,2026-05-15 22:09:39.711,edwin1,edwin1,serigrafiarnpiscinas x 16rntunel arrastrerncilindros x 2rnpiscina rectangularrnalfombra ludica x 5rncorte ovalos x 12rnpegado retazosrncorte piscinas x 4,"",""
"",CONFIRMAR_SI_ES_BITACORA_DIARIA_O_ODT,423,2017-08-01 00:00:00,2026-05-15 22:09:39.711,Fabiola1,zalma1,2 laterales de piscina pequeños -1 lateral grande - cerro a mano 1 cubo  de laminas,"",""
"",CONFIRMAR_SI_ES_BITACORA_DIARIA_O_ODT,424,2017-08-01 00:00:00,2026-05-15 22:09:39.711,Judith,zalma1,cerro 24 bastones - 1 cilindro de 150*30 - 1 cilindro de120*30 - puso 30 velcros - cerro 59 cuadros de tnt -cocio 304 cojines de tela,"",""
"",CONFIRMAR_SI_ES_BITACORA_DIARIA_O_ODT,425,2017-08-01 00:00:00,2026-05-15 22:09:39.711,Ruth,zalma1,corto 15 cubos de 50*50*60 - 4 alfombras ludicas - 10 laterales interiores de piscina - cocio 1 piscina,"",""
"",CONFIRMAR_SI_ES_BITACORA_DIARIA_O_ODT,426,2017-08-01 00:00:00,2026-05-15 22:09:39.711,zalma1,zalma1,10 ovalos -6 escalas,"",""
"",CONFIRMAR_SI_ES_BITACORA_DIARIA_O_ODT,427,2017-08-02 00:00:00,2026-05-15 22:09:39.711,edwin1,edwin1,orden espumasrncorte ovalos x 3rncorte pegado lamina rampas x 12rncorte piscina cuadradarnembolsado espumasrnpegado rulos plegables x 2,"",""
"",CONFIRMAR_SI_ES_BITACORA_DIARIA_O_ODT,428,2017-08-02 00:00:00,2026-05-15 22:09:39.711,DAVID,edwin1,aseo y lavado de juegosrnconfeccion bullderrnfundado ovalosrnaseo bodega,"",""
"",CONFIRMAR_SI_ES_BITACORA_DIARIA_O_ODT,429,2017-08-02 00:00:00,2026-05-15 22:09:39.711,Fabiola1,zalma1,1 lateral grande - 1 base de piscina rectangular -cerro a mano 1/2 rulo plegable,"",""
"",CONFIRMAR_SI_ES_BITACORA_DIARIA_O_ODT,430,2017-08-02 00:00:00,2026-05-15 22:09:39.711,Judith,zalma1,pego 30 velcros  de cuadrados -1 velcro a piscina - cocio 4 cuadrados,"",""
"",CONFIRMAR_SI_ES_BITACORA_DIARIA_O_ODT,431,2017-08-02 00:00:00,2026-05-15 22:09:39.711,zalma1,zalma1,5 ovalos - 2 piscinas,"",""
"",CONFIRMAR_SI_ES_BITACORA_DIARIA_O_ODT,432,2017-08-03 00:00:00,2026-05-15 22:09:39.711,Fabiola1,zalma1,puso 4 velcros - cocio 4 cuadrados - relleno 59 cojines -cerro 157 de tnt - cocio 95 fundas,"",""
"",CONFIRMAR_SI_ES_BITACORA_DIARIA_O_ODT,433,2017-08-03 00:00:00,2026-05-15 22:09:39.711,Judith,zalma1,7 cuadrados -1 1/2 piscina,"",""
"",CONFIRMAR_SI_ES_BITACORA_DIARIA_O_ODT,434,2017-08-03 00:00:00,2026-05-15 22:09:39.711,Ruth,zalma1,3 piscinas,"",""
"",CONFIRMAR_SI_ES_BITACORA_DIARIA_O_ODT,435,2017-08-03 00:00:00,2026-05-15 22:09:39.711,zalma1,zalma1,cerre a mano 1/2 rulo plegable - 3 piscinas,"",""
"",CONFIRMAR_SI_ES_BITACORA_DIARIA_O_ODT,436,2017-08-04 00:00:00,2026-05-15 22:09:39.711,Judith,zalma1,2 piscina - 59 cojines relleno y cerro,"",""
"",CONFIRMAR_SI_ES_BITACORA_DIARIA_O_ODT,437,2017-08-04 00:00:00,2026-05-15 22:09:39.711,Fabiola1,zalma1,108 cojines cerro - 119 relleno - envoso 59  -y descocio,"",""
"",CONFIRMAR_SI_ES_BITACORA_DIARIA_O_ODT,438,2017-08-04 00:00:00,2026-05-15 22:09:39.711,Ruth,zalma1,cocio 1 1/2 piscina -corto 10 set de cojines -1 set de pies y manos -armo 1 paño de alfombra ludica -cocio y relleno cojines,"",""
"",CONFIRMAR_SI_ES_BITACORA_DIARIA_O_ODT,439,2017-08-04 00:00:00,2026-05-15 22:09:39.711,zalma1,zalma1,"1 piscina -177 cojines rellene -177 cerre - 59 pase overlok , rellene y cerre","",""
"",CONFIRMAR_SI_ES_BITACORA_DIARIA_O_ODT,440,2017-08-07 00:00:00,2026-05-15 22:09:39.711,Fabiola1,zalma1,cocio 28 cojines de velur - corto 30 cojines de tnt - corto numeros de luche -overlò 59 cojines,"",""
"",CONFIRMAR_SI_ES_BITACORA_DIARIA_O_ODT,441,2017-08-07 00:00:00,2026-05-15 22:09:39.711,Judith,zalma1,relleno y cerro 118  cojines - cortò 2 bubat - 3/4 de paracaidas,"",""
"",CONFIRMAR_SI_ES_BITACORA_DIARIA_O_ODT,442,2017-08-07 00:00:00,2026-05-15 22:09:39.711,zalma1,zalma1,rellene y cerre 137 cojines - rellene 19 cojines - cortè y cocì 1luche - 1 alfombra ludica - 1 bolsa de tnt del luche,"",""
"",CONFIRMAR_SI_ES_BITACORA_DIARIA_O_ODT,443,2017-08-08 00:00:00,2026-05-15 22:09:39.711,Fabiola1,zalma1,cociò 30 fundas de tnt cojines -cerrò y relleno los 30 cojines - cortò 3 set de conos,"",""
"",CONFIRMAR_SI_ES_BITACORA_DIARIA_O_ODT,444,2017-08-08 00:00:00,2026-05-15 22:09:39.711,Judith,zalma1,termino paracaidas - envolso y sello 59 set de cojines olfativos -1 escala -1 cuadrado de circuito -cociò 1 bubat,"",""
"",CONFIRMAR_SI_ES_BITACORA_DIARIA_O_ODT,445,2017-08-08 00:00:00,2026-05-15 22:09:39.711,zalma1,zalma1,rellene 40 cojines olfativos -cerre 59 -cojines - envolce 59 cojines individuales  -enfunde 5 piscinas -1 alfombra ludica -1 paño de alfombra ludica,"",""
"",CONFIRMAR_SI_ES_BITACORA_DIARIA_O_ODT,446,2017-08-09 00:00:00,2026-05-15 22:09:39.711,Fabiola1,zalma1,cortò 6 rampas de 50*50*25 - 2 set de bowleen - 3 bolsas de tnt de conos - 2 bolsas de tnt de bowleen -   1 bolsa de circuito - 1 vestuibulador rollo - 8 pzas de fig .geometricas - 1 cilindro de 40*20,"",""
"",CONFIRMAR_SI_ES_BITACORA_DIARIA_O_ODT,447,2017-08-09 00:00:00,2026-05-15 22:09:39.711,Judith,zalma1,cortò los 30 numeros de conos y los cocio -1 set de conos,"",""
"",CONFIRMAR_SI_ES_BITACORA_DIARIA_O_ODT,448,2017-08-09 00:00:00,2026-05-15 22:09:39.711,zalma1,zalma1,2 alfombras ludicas - 2 set de conos - 3 bolsas de tnt  de conos -1 set de bowleen - cortè 2 set de pies y manos,"",""
"",CONFIRMAR_SI_ES_BITACORA_DIARIA_O_ODT,449,2017-08-10 00:00:00,2026-05-15 22:09:39.711,Fabiola1,zalma1,cortò 2 fig geometricas -1 kit caballete - 3 cubos de jumbo  -1 cilindro de 120*30 -1 bolsa de tnt -8 mudadores de vitamina - 12 bases de carton bowleen,"",""
"",CONFIRMAR_SI_ES_BITACORA_DIARIA_O_ODT,450,2017-08-10 00:00:00,2026-05-15 22:09:39.711,Judith,zalma1,1 set de bowleen - 1 bolsa tnt circuito 2 bolsas de bowleen -1 cilindro de 40*20 -1 set de tunel de arrastre,"",""
"",CONFIRMAR_SI_ES_BITACORA_DIARIA_O_ODT,451,2017-08-10 00:00:00,2026-05-15 22:09:39.711,zalma1,zalma1,3 rampas de 50*50*25 -1 set de fig geometricas -1 cala -1 bolsa de tnt,"",""
"",CONFIRMAR_SI_ES_BITACORA_DIARIA_O_ODT,452,2017-08-11 00:00:00,2026-05-15 22:09:39.711,Fabiola1,zalma1,60 pzas de petalos -- 2 mudadores de vitamina -1 juego jumbo -1 vestibulador rollo -saco 3 moldes de juego jumbo,"",""
"",CONFIRMAR_SI_ES_BITACORA_DIARIA_O_ODT,453,2017-08-11 00:00:00,2026-05-15 22:09:39.711,Judith,zalma1,1 caballete -relleno y cerro a mano 1 set de bowleen -1 vestibulador rollo -1 palo -2 chupetes - 1 juego jumbo -,"",""
"",CONFIRMAR_SI_ES_BITACORA_DIARIA_O_ODT,454,2017-08-11 00:00:00,2026-05-15 22:09:39.711,zalma1,zalma1,10 mudadores vtamina -1 vestibulador rollo - rellene y cerre a mano 1 set de bowleen -ayude a pegar 4 piscinas,"",""
"",CONFIRMAR_SI_ES_BITACORA_DIARIA_O_ODT,455,2017-08-14 00:00:00,2026-05-15 22:09:39.711,Fabiola1,zalma1,cerrò a mano 6 FIG. GEOMETRICAS,"",""
"",CONFIRMAR_SI_ES_BITACORA_DIARIA_O_ODT,456,2017-08-14 00:00:00,2026-05-15 22:09:39.711,Judith,zalma1,3 paños de protectores - 1 colchon de 95*60*10 -1 bolsa de tnt de construccion -50 bolsas de tnt - cerro a mano 12 cubos de construccion,"",""
"",CONFIRMAR_SI_ES_BITACORA_DIARIA_O_ODT,457,2017-08-14 00:00:00,2026-05-15 22:09:39.711,zalma1,zalma1,cortè : 2 bolsas de tnt FG -1 bolsa de CIRCUITO - 1 boolsa de cubo de fantasia - 30 colchones de 95*60*10 viamina - 100 bolsas de tnt -3 protectores - COCÎ : 50 bolsas de tnt -cerre a mano 1 pza de FG,"",""
"",CONFIRMAR_SI_ES_BITACORA_DIARIA_O_ODT,461,2017-08-14 00:00:00,2026-05-15 22:09:39.711,DAVID,edwin1,aseo y lavado de juegosrnfundado 4 ludicasrnfundado bloques de numerosrnaseornembalado ludica x 4rnembalado bloque numeros,"",""
"",CONFIRMAR_SI_ES_BITACORA_DIARIA_O_ODT,462,2017-08-14 00:00:00,2026-05-15 22:09:39.711,edwin1,edwin1,corte ludicas x 4rnpegado piscina con accesorncorte rampa 50x50x25rnarmado pegado cilincros x 2  60x30rncorte y armado cilindro 40x20,"",""
"",CONFIRMAR_SI_ES_BITACORA_DIARIA_O_ODT,458,2017-08-16 00:00:00,2026-05-15 22:09:39.711,Fabiola1,zalma1,10 pares de laterales escalas -15 bases -1 rulo plegable -1 puf teleton -1 funda puf de tnt -1 vestibuldor flexor - 2 colchonetas de 80*80*5,"",""
"",CONFIRMAR_SI_ES_BITACORA_DIARIA_O_ODT,459,2017-08-16 00:00:00,2026-05-15 22:09:39.711,Judith,zalma1,10 figuras de colchonetas muestras -10 enfundo y cerro -1 vestibulador flexor -1 protector -1 colchoneta de taslan,"",""
"",CONFIRMAR_SI_ES_BITACORA_DIARIA_O_ODT,460,2017-08-16 00:00:00,2026-05-15 22:09:39.711,zalma1,zalma1,2 colchonetas de 80*80*5 -2 protectores -1 puf de ecocuero -1 funda de tnt puf - 1 bolsa de tnt de figuras geometricas - cerre a mano 4 pzas de fig. geometricas,"",""
"",CONFIRMAR_SI_ES_BITACORA_DIARIA_O_ODT,473,2017-08-16 00:00:00,2026-05-15 22:09:39.711,DAVID,edwin1,aseo lavado de juegosrnfundado ramparn              cilindro 120x30rn              cilindro 150x30rn             piscina rectangularrn              set figuras geometricasrnembalado piscina rectangular,"",""
"",CONFIRMAR_SI_ES_BITACORA_DIARIA_O_ODT,475,2017-08-16 00:00:00,2026-05-15 22:09:39.711,edwin1,edwin1,orden y embolsado espumasrncorte cuadrados 15x15rncorte armado pegado cilindros 120x30rncorte armado pegado cilindros 150x30rncorte escala pcaccesorncorte fundado pegado protectores x3rncorte kit caballeteçrncorte colchonetas 80x80,"",""
"",CONFIRMAR_SI_ES_BITACORA_DIARIA_O_ODT,463,2017-08-17 00:00:00,2026-05-15 22:09:39.711,Judith,zalma1,1 rampa de 50*50*25 - 8 colchones de 95*50*10 - 30 velcros de escala de piscina con acceso - Âº1 rulo plegable,"",""
"",CONFIRMAR_SI_ES_BITACORA_DIARIA_O_ODT,464,2017-08-17 00:00:00,2026-05-15 22:09:39.711,zalma1,zalma1,corte 1 cubo de fantasia -15 cuerpos de escalas -30 laterales,"",""
"",CONFIRMAR_SI_ES_BITACORA_DIARIA_O_ODT,474,2017-08-17 00:00:00,2026-05-15 22:09:39.711,DAVID,edwin1,aseo lavado de juegosrnfundado y embaladorn rampa x 2rncolchoneta 80x80rnvestibulador rollorncilindro 60x30 x 2rncilindro 40x20rnkit caballeterntunel de arrastrern,"",""
"",CONFIRMAR_SI_ES_BITACORA_DIARIA_O_ODT,476,2017-08-17 00:00:00,2026-05-15 22:09:39.711,edwin1,edwin1,fundado cilindros x 2  60x30rncorte tunel arrastrerncorte armado vestibulador rollorncorte armado pegado rulo plegablernorden embolsado espumas,"",""
"",CONFIRMAR_SI_ES_BITACORA_DIARIA_O_ODT,465,2017-08-18 00:00:00,2026-05-15 22:09:39.711,Fabiola1,zalma1,cortò : 1 rulo - 3 cilindros mani - 4 frazadas  polar - 3 set de bowleen - 5 set de cartones - ribetes de frazadas - 4 set de laterales de petalos,"",""
"",CONFIRMAR_SI_ES_BITACORA_DIARIA_O_ODT,466,2017-08-18 00:00:00,2026-05-15 22:09:39.711,Judith,zalma1,7 escalas de piscinas - 11 colchones de 95*50*10 -,"",""
"",CONFIRMAR_SI_ES_BITACORA_DIARIA_O_ODT,467,2017-08-18 00:00:00,2026-05-15 22:09:39.711,zalma1,zalma1,8 escalas de piscinas - 11 colchones de 95*50*10 1 frazada de polar,"",""
"",CONFIRMAR_SI_ES_BITACORA_DIARIA_O_ODT,477,2017-08-18 00:00:00,2026-05-15 22:09:39.711,edwin1,edwin1,orden y embolsado espumasrncorte armado pegado escalas pcacceso x 15rnpegado retazosrnembalado escalas pcaccesorncorte pegado cilindro tipo mani,"",""
"",CONFIRMAR_SI_ES_BITACORA_DIARIA_O_ODT,478,2017-08-18 00:00:00,2026-05-15 22:09:39.711,DAVID,edwin1,aseo y lavado juegosrnembalado mapa fisicornaluzado colchoneta yogarnfundado escalas piscina con accesox 13rndescarga de cajas,"",""
"",CONFIRMAR_SI_ES_BITACORA_DIARIA_O_ODT,468,2017-08-21 00:00:00,2026-05-15 22:09:39.711,Judith,zalma1,1 cubo de dfantasia - cortò: 32 bases blancas y 32 bases naranjas de colchonetas de vitamina,"",""
"",CONFIRMAR_SI_ES_BITACORA_DIARIA_O_ODT,469,2017-08-21 00:00:00,2026-05-15 22:09:39.711,zalma1,zalma1,3 frazadas - 1 cilindro mani - 1 rulo - 1 bolsa de tnt cubo fantasia - cerrè a mano 1 rulo plegable -1 cubo de fantasia - corte: 1/2 piscina  esquinera,"",""
"",CONFIRMAR_SI_ES_BITACORA_DIARIA_O_ODT,479,2017-08-21 00:00:00,2026-05-15 22:09:39.711,DAVID,edwin1,aseo y lavado de juegosrnembalado rulo plegablernembalado goma evarnaseo generalrnfundado cubo fantasiarncarga de modulos,"",""
"",CONFIRMAR_SI_ES_BITACORA_DIARIA_O_ODT,481,2017-08-21 00:00:00,2026-05-15 22:09:39.711,edwin1,edwin1,pegado rulo plegablerncorte cilindro tipo manirncorte piscina esquinerarnserigrafia mani rulo bowlingrnorden espumasrnaseo,"",""
"",CONFIRMAR_SI_ES_BITACORA_DIARIA_O_ODT,470,2017-08-22 00:00:00,2026-05-15 22:09:39.711,Fabiola1,zalma1,1/2 piscina esquinera - 1 set de fig geometricas - laterales piscinas flor - 6 petalos azules - laterales colchonetas vitamina -6 bases exteror -6 bases interior piscinas flor -2 laterales piscinas -2 rectangulos,"",""
"",CONFIRMAR_SI_ES_BITACORA_DIARIA_O_ODT,471,2017-08-22 00:00:00,2026-05-15 22:09:39.711,Judith,zalma1,2 juegos de bowleen -2 cilindros mani - 2 mangas - 2 rectangulos - cerro a mano 8 pzas jumbo  1 cilindro mani,"",""
"",CONFIRMAR_SI_ES_BITACORA_DIARIA_O_ODT,472,2017-08-22 00:00:00,2026-05-15 22:09:39.711,zalma1,zalma1,1 juego de bowleen - 1 set de figuras geometricas - 1 piscina esquinera - cerre a mano 6 pzas de jumbo,"",""
"",CONFIRMAR_SI_ES_BITACORA_DIARIA_O_ODT,480,2017-08-22 00:00:00,2026-05-15 22:09:39.711,DAVID,edwin1,aseo y lavado de juegosrnarmado y barnizado espalderarnfundado piscina esquinerarnfundado jumbornfundado manirnembalado piscina esquinerarnfundado figuras geometricasrncarga de cajas,"",""
"",CONFIRMAR_SI_ES_BITACORA_DIARIA_O_ODT,482,2017-08-22 00:00:00,2026-05-15 22:09:39.711,edwin1,edwin1,corte modulo jumbo x 16 piezasrnserigrafia cilindro tipo mani bowlingrncambio hoja cortadora espumarnpegado retazosrnorden embolsado espumas rncarga de modulosrnaseo,"",""
"",CONFIRMAR_SI_ES_BITACORA_DIARIA_O_ODT,483,2017-08-23 00:00:00,2026-05-15 22:09:39.711,edwin1,edwin1,pegado retazosrncorte cilindro manirnfundado cilindro manirncorte armado vestibulador flexorrncorte armado rulorncarga de modulosrnaseo,"",""
"",CONFIRMAR_SI_ES_BITACORA_DIARIA_O_ODT,484,2017-08-23 00:00:00,2026-05-15 22:09:39.711,DAVID,edwin1,aseo y lavado juegosrnencuerdado espalderarnfundado cilindro manirnfundado rulorncarga de modulosrnayuda flexorrnaseo,"",""
"",CONFIRMAR_SI_ES_BITACORA_DIARIA_O_ODT,485,2017-08-23 00:00:00,2026-05-15 22:09:39.711,Fabiola1,zalma1,12 cuerpos de piscina interior y exterior -2 set de bowleen -5 bolsas de tnt de bowleen - 1 bolsa de tnt de jumbo -laterales de set de gateo,"",""
"",CONFIRMAR_SI_ES_BITACORA_DIARIA_O_ODT,486,2017-08-23 00:00:00,2026-05-15 22:09:39.711,Judith,zalma1,7 petalos de flor - 1 bolsa de tnt de jumbo -  cerro a mano 3 pzas de jumbo,"",""
"",CONFIRMAR_SI_ES_BITACORA_DIARIA_O_ODT,487,2017-08-23 00:00:00,2026-05-15 22:09:39.711,zalma1,zalma1,7 petalos de flor - 1 bolsa de fig.geometricas -  1 pza de jumbo - cerre a mano 10 pzas de figuras geometricas - 1pza de jumbo,"",""
"",CONFIRMAR_SI_ES_BITACORA_DIARIA_O_ODT,488,2017-08-24 00:00:00,2026-05-15 22:09:39.711,edwin1,edwin1,corte petalos piscina flor x 21rnorden de espumasrncorte piscina vitamina x 3rncarga de cajasrnserigrafia piscina florrncorte piscina flor,"",""
"",CONFIRMAR_SI_ES_BITACORA_DIARIA_O_ODT,489,2017-08-24 00:00:00,2026-05-15 22:09:39.711,DAVID,edwin1,aseo y lavado de juegosrnembalado cubo fantasiarnfundado petalos flor x 12rnayuda serigrafia,"",""
"",CONFIRMAR_SI_ES_BITACORA_DIARIA_O_ODT,490,2017-08-24 00:00:00,2026-05-15 22:09:39.711,Fabiola1,zalma1,cortò los cuerpos y bases de gateo - cocio 2 set de bowleen completos-1 pelota -cerrò a mano 8 pelotas -de bowleen -1 rulo,"",""
"",CONFIRMAR_SI_ES_BITACORA_DIARIA_O_ODT,491,2017-08-24 00:00:00,2026-05-15 22:09:39.711,Judith,zalma1,cocio  11 pertalos - puso velcros a 3 piscinas - cerrò 3 pzas de bowleen,"",""
"",CONFIRMAR_SI_ES_BITACORA_DIARIA_O_ODT,492,2017-08-24 00:00:00,2026-05-15 22:09:39.711,zalma1,zalma1,cocì 11 petalos -puse velcros a 3 piscinas - arme 1/2 piscina,"",""
"",CONFIRMAR_SI_ES_BITACORA_DIARIA_O_ODT,493,2017-08-25 00:00:00,2026-05-15 22:09:39.711,edwin1,edwin1,corte petalos piscina flor x 9rnembolsado espumarncorte armado pegado piscina flor x 6rnpegado armado piscina vitamina x 2 medialunasrncorte colchoneta 120x45 (x2),"",""
"",CONFIRMAR_SI_ES_BITACORA_DIARIA_O_ODT,494,2017-08-25 00:00:00,2026-05-15 22:09:39.711,DAVID,edwin1,embalado petalos x 30rnfundado piscinas flor 2rnfundado petalos x 18rnserigrafia x 3 piscinasrn,"",""
"",CONFIRMAR_SI_ES_BITACORA_DIARIA_O_ODT,495,2017-08-25 00:00:00,2026-05-15 22:09:39.711,Fabiola1,zalma1,cortò 3 piscinas  de 100*100*40 -2 colchonetas de 120*45*4 - puso velcros a 1 piscina de 100*100,"",""
"",CONFIRMAR_SI_ES_BITACORA_DIARIA_O_ODT,496,2017-08-25 00:00:00,2026-05-15 22:09:39.711,Judith,zalma1,3 piscinas flor -1 colchoneta de 120*95*4 - puso velcros piscina 100*100,"",""
"",CONFIRMAR_SI_ES_BITACORA_DIARIA_O_ODT,497,2017-08-25 00:00:00,2026-05-15 22:09:39.711,zalma1,zalma1,3 piscinas flor -1 colchoneta 12*45*4 -1 base de piscina y velcros de piscina100*100,"",""
"",CONFIRMAR_SI_ES_BITACORA_DIARIA_O_ODT,418,2017-08-27 00:00:00,2026-05-15 22:09:39.711,DAVID,edwin1,aseornfundado gateornbarnizado plato equilibrio lijado pegadornbarnizado bullderrnaseo bodegarn,"",""
"",CONFIRMAR_SI_ES_BITACORA_DIARIA_O_ODT,419,2017-08-28 00:00:00,2026-05-15 22:09:39.711,DAVID,edwin1,aseornfundado cojines urnfundado colchoneta plegablerncarga de modulosrnembalado colchonetas plegablesrnembalado flexorrnfundado circuitornembalado circuito,"",""
"",CONFIRMAR_SI_ES_BITACORA_DIARIA_O_ODT,498,2017-08-28 00:00:00,2026-05-15 22:09:39.711,edwin1,edwin1,aseo y lavado de juegosrncorte piscinas cuadradas x 3rnorden y embolsado espumasrncorte contornos piscina vitaminarnfundado piscinas cuadradas x 3rnembalado aluzado piscina flor x 4rnaseo,"",""
"",CONFIRMAR_SI_ES_BITACORA_DIARIA_O_ODT,499,2017-08-28 00:00:00,2026-05-15 22:09:39.711,Fabiola1,zalma1,1 piscina de 100*100*40  - cortò 4 bases de colchoneta de 250*240 del vitamina,"",""
"",CONFIRMAR_SI_ES_BITACORA_DIARIA_O_ODT,500,2017-08-28 00:00:00,2026-05-15 22:09:39.711,Judith,zalma1,1 piscina de 100*100*40 -6 paneles de colchoneta de vitamina de 55*55*10,"",""
