decision_cliente,accion_requerida,codigo_interno,lecturas,stock_minimo,stock_maximo,primera_fecha,ultima_fecha,usuarios_principales,comentario_cliente
,CONFIRMAR_USO_HISTORICO_STOCK_LECTURAS,JUEGSH1060,146,1,2,2025-09-02 08:54:58,2026-04-27 10:14:22,Gerardo Mercier:121 | Jonathan Carvajal:25,
,CONFIRMAR_USO_HISTORICO_STOCK_LECTURAS,JUEGZHE042,146,1,4,2025-09-03 13:47:22,2026-04-27 10:14:22,Gerardo Mercier:121 | Jonathan Carvajal:25,
,CONFIRMAR_USO_HISTORICO_STOCK_LECTURAS,JUEGROL23969-2,135,0,63,2025-08-27 13:34:23,2026-04-27 10:14:21,Gerardo Mercier:110 | Jonathan Carvajal:25,
,CONFIRMAR_USO_HISTORICO_STOCK_LECTURAS,JUEGROL23051,131,0,255,2025-08-27 13:34:22,2026-04-27 10:14:21,Gerardo Mercier:106 | Jonathan Carvajal:25,
,CONFIRMAR_USO_HISTORICO_STOCK_LECTURAS,JUEGGEN027,128,0,1,2025-09-29 08:58:04,2026-04-27 10:14:20,Gerardo Mercier:103 | Jonathan Carvajal:25,
,CONFIRMAR_USO_HISTORICO_STOCK_LECTURAS,JUEGZHE010,121,2,4,2025-09-03 13:47:22,2026-03-23 14:21:44,Gerardo Mercier:121,
,CONFIRMAR_USO_HISTORICO_STOCK_LECTURAS,JUEGZHE443,118,1,2,2025-09-03 13:47:22,2026-03-23 14:21:41,Gerardo Mercier:118,
,CONFIRMAR_USO_HISTORICO_STOCK_LECTURAS,D301018,117,1,1,2025-08-21 12:52:58,2026-03-23 14:16:44,Gerardo Mercier:117,
,CONFIRMAR_USO_HISTORICO_STOCK_LECTURAS,JUEGTB5500,117,1,2,2025-09-02 08:54:58,2026-03-23 14:26:20,Gerardo Mercier:117,
,CONFIRMAR_USO_HISTORICO_STOCK_LECTURAS,JUEGPLO108,114,20,43,2025-09-04 08:57:51,2026-03-23 14:21:44,Gerardo Mercier:114,
,CONFIRMAR_USO_HISTORICO_STOCK_LECTURAS,JUEGYIN040,113,1,2,2025-09-24 09:02:35,2026-03-23 14:21:43,Gerardo Mercier:113,
,CONFIRMAR_USO_HISTORICO_STOCK_LECTURAS,JUEGROL23922,106,0,521,2025-08-27 13:34:22,2026-04-27 10:14:21,Gerardo Mercier:81 | Jonathan Carvajal:25,
,CONFIRMAR_USO_HISTORICO_STOCK_LECTURAS,JUEGLEA323,105,1,7,2025-09-29 08:58:04,2026-03-23 14:21:42,Gerardo Mercier:105,
,CONFIRMAR_USO_HISTORICO_STOCK_LECTURAS,JUEGZHE438,105,1,3,2025-09-03 13:47:22,2026-03-23 14:21:44,Gerardo Mercier:105,
,CONFIRMAR_USO_HISTORICO_STOCK_LECTURAS,JUPITER001,104,1,6,2025-09-02 08:55:00,2026-04-27 10:14:23,Gerardo Mercier:83 | Jonathan Carvajal:21,
,CONFIRMAR_USO_HISTORICO_STOCK_LECTURAS,JUEGGEN007,103,3,4,2025-09-29 08:58:04,2026-03-23 14:21:42,Gerardo Mercier:103,
,CONFIRMAR_USO_HISTORICO_STOCK_LECTURAS,JUEGROL20813,102,0,45,2025-08-27 13:34:22,2026-04-27 10:14:21,Gerardo Mercier:77 | Jonathan Carvajal:25,
,CONFIRMAR_USO_HISTORICO_STOCK_LECTURAS,JUEGROL23127,101,0,131,2025-08-27 13:34:22,2026-04-27 10:14:21,Gerardo Mercier:76 | Jonathan Carvajal:25,
,CONFIRMAR_USO_HISTORICO_STOCK_LECTURAS,JUEGROL23937,101,0,118,2025-08-27 13:34:22,2026-04-27 10:14:21,Gerardo Mercier:76 | Jonathan Carvajal:25,
,CONFIRMAR_USO_HISTORICO_STOCK_LECTURAS,JUEGROL24213,101,0,162,2025-08-27 13:34:23,2026-04-27 10:14:21,Gerardo Mercier:76 | Jonathan Carvajal:25,
,CONFIRMAR_USO_HISTORICO_STOCK_LECTURAS,JUEGROL23916,100,0,14,2025-08-27 13:34:23,2026-04-27 10:14:21,Gerardo Mercier:75 | Jonathan Carvajal:25,
,CONFIRMAR_USO_HISTORICO_STOCK_LECTURAS,JUEGROL23969-4B,99,0,171,2025-08-27 13:34:23,2026-04-27 10:14:21,Gerardo Mercier:74 | Jonathan Carvajal:25,
,CONFIRMAR_USO_HISTORICO_STOCK_LECTURAS,218AFA095,98,1,3,2025-09-02 08:55:00,2026-03-23 14:26:21,Gerardo Mercier:98,
,CONFIRMAR_USO_HISTORICO_STOCK_LECTURAS,JUEGJAI241,98,2,7,2025-09-02 08:54:58,2026-04-27 10:14:20,Gerardo Mercier:73 | Jonathan Carvajal:25,
,CONFIRMAR_USO_HISTORICO_STOCK_LECTURAS,JUEGJAI328,98,0,13,2025-09-02 08:54:58,2026-04-27 10:14:21,Gerardo Mercier:73 | Jonathan Carvajal:25,
,CONFIRMAR_USO_HISTORICO_STOCK_LECTURAS,JUEGJAI553,98,1,11,2025-09-02 08:54:58,2026-04-27 10:14:21,Gerardo Mercier:73 | Jonathan Carvajal:25,
,CONFIRMAR_USO_HISTORICO_STOCK_LECTURAS,JUEGLEA122,98,0,1,2025-09-29 08:58:04,2026-04-27 10:14:21,Gerardo Mercier:86 | Jonathan Carvajal:12,
,CONFIRMAR_USO_HISTORICO_STOCK_LECTURAS,JUEGMAD061,98,1,2,2025-10-02 10:07:30,2026-03-23 14:21:43,Gerardo Mercier:98,
,CONFIRMAR_USO_HISTORICO_STOCK_LECTURAS,JUEGROL23095,98,0,568,2025-08-27 13:34:22,2026-03-23 14:14:28,Gerardo Mercier:98,
,CONFIRMAR_USO_HISTORICO_STOCK_LECTURAS,JUEGROL23931,98,0,265,2025-08-27 13:34:22,2026-04-27 10:14:21,Gerardo Mercier:73 | Jonathan Carvajal:25,
,CONFIRMAR_USO_HISTORICO_STOCK_LECTURAS,JUEGROL23929,96,0,126,2025-08-27 13:34:22,2026-04-27 10:14:21,Gerardo Mercier:71 | Jonathan Carvajal:25,
,CONFIRMAR_USO_HISTORICO_STOCK_LECTURAS,JUEGTIM013,96,0,3,2025-09-02 08:54:58,2026-04-27 10:14:22,Gerardo Mercier:71 | Jonathan Carvajal:25,
,CONFIRMAR_USO_HISTORICO_STOCK_LECTURAS,MUNDT044,96,0,7,2025-08-21 12:57:49,2026-04-27 10:14:23,Gerardo Mercier:71 | Jonathan Carvajal:25,
,CONFIRMAR_USO_HISTORICO_STOCK_LECTURAS,JUEGROL23066,95,0,141,2025-08-27 13:34:22,2026-04-27 10:14:21,Gerardo Mercier:70 | Jonathan Carvajal:25,
,CONFIRMAR_USO_HISTORICO_STOCK_LECTURAS,JUEGROL23098,95,0,470,2025-08-27 13:34:22,2026-04-27 10:14:21,Gerardo Mercier:70 | Jonathan Carvajal:25,
,CONFIRMAR_USO_HISTORICO_STOCK_LECTURAS,JUEGROL23932,95,0,188,2025-08-27 13:34:23,2026-04-27 10:14:21,Gerardo Mercier:70 | Jonathan Carvajal:25,
,CONFIRMAR_USO_HISTORICO_STOCK_LECTURAS,JUEGROL23969-3A,95,0,263,2025-08-27 13:34:21,2026-04-27 10:14:21,Gerardo Mercier:70 | Jonathan Carvajal:25,
,CONFIRMAR_USO_HISTORICO_STOCK_LECTURAS,MUNDT018,95,0,16,2025-08-21 12:57:49,2026-03-23 14:18:04,Gerardo Mercier:95,
,CONFIRMAR_USO_HISTORICO_STOCK_LECTURAS,JUEGLEA123,94,0,1,2025-09-02 08:54:58,2026-04-27 10:14:21,Gerardo Mercier:69 | Jonathan Carvajal:25,
,CONFIRMAR_USO_HISTORICO_STOCK_LECTURAS,JUEGROL132,94,0,71,2025-08-27 13:34:21,2026-04-27 10:14:21,Gerardo Mercier:69 | Jonathan Carvajal:25,
,CONFIRMAR_USO_HISTORICO_STOCK_LECTURAS,JUEGROL20812,94,0,8,2025-08-27 13:34:22,2026-04-27 10:14:21,Gerardo Mercier:69 | Jonathan Carvajal:25,
,CONFIRMAR_USO_HISTORICO_STOCK_LECTURAS,JUEGROL20901,94,0,195,2025-08-27 13:34:22,2026-04-27 10:14:21,Gerardo Mercier:69 | Jonathan Carvajal:25,
,CONFIRMAR_USO_HISTORICO_STOCK_LECTURAS,JUEGROL23052,94,0,47,2025-08-27 13:34:22,2026-04-27 10:14:21,Gerardo Mercier:69 | Jonathan Carvajal:25,
,CONFIRMAR_USO_HISTORICO_STOCK_LECTURAS,JUEGROL23063,94,0,49,2025-08-27 13:34:22,2026-04-27 10:14:21,Gerardo Mercier:69 | Jonathan Carvajal:25,
,CONFIRMAR_USO_HISTORICO_STOCK_LECTURAS,JUEGROL23067,94,0,95,2025-08-27 13:34:22,2026-04-27 10:14:21,Gerardo Mercier:69 | Jonathan Carvajal:25,
,CONFIRMAR_USO_HISTORICO_STOCK_LECTURAS,JUEGROL23069,94,0,154,2025-08-27 13:34:22,2026-04-27 10:14:21,Gerardo Mercier:69 | Jonathan Carvajal:25,
,CONFIRMAR_USO_HISTORICO_STOCK_LECTURAS,JUEGROL23070,94,0,192,2025-08-27 13:34:23,2026-04-27 10:14:21,Gerardo Mercier:69 | Jonathan Carvajal:25,
,CONFIRMAR_USO_HISTORICO_STOCK_LECTURAS,JUEGROL23076,94,0,165,2025-08-27 13:34:23,2026-04-27 10:14:21,Gerardo Mercier:69 | Jonathan Carvajal:25,
,CONFIRMAR_USO_HISTORICO_STOCK_LECTURAS,JUEGROL23096,94,0,10,2025-08-27 13:34:23,2026-04-27 10:14:21,Gerardo Mercier:69 | Jonathan Carvajal:25,
,CONFIRMAR_USO_HISTORICO_STOCK_LECTURAS,JUEGROL23107,94,0,514,2025-08-27 13:34:22,2026-04-27 10:14:21,Gerardo Mercier:69 | Jonathan Carvajal:25,
,CONFIRMAR_USO_HISTORICO_STOCK_LECTURAS,JUEGROL23137,94,0,205,2025-08-27 13:34:22,2026-04-27 10:14:21,Gerardo Mercier:69 | Jonathan Carvajal:25,
,CONFIRMAR_USO_HISTORICO_STOCK_LECTURAS,JUEGROL23145,94,1,95,2025-10-21 12:45:37,2026-04-27 10:14:21,Gerardo Mercier:69 | Jonathan Carvajal:25,
,CONFIRMAR_USO_HISTORICO_STOCK_LECTURAS,JUEGROL23850,94,0,21,2025-08-27 13:34:22,2026-04-27 10:14:21,Gerardo Mercier:69 | Jonathan Carvajal:25,
,CONFIRMAR_USO_HISTORICO_STOCK_LECTURAS,JUEGROL23851,94,0,45,2025-08-27 13:34:22,2026-04-27 10:14:21,Gerardo Mercier:69 | Jonathan Carvajal:25,
,CONFIRMAR_USO_HISTORICO_STOCK_LECTURAS,JUEGROL23857,94,0,176,2025-08-27 13:34:22,2026-04-27 10:14:21,Gerardo Mercier:69 | Jonathan Carvajal:25,
,CONFIRMAR_USO_HISTORICO_STOCK_LECTURAS,JUEGROL23915,94,0,47,2025-08-27 13:34:23,2026-04-27 10:14:21,Gerardo Mercier:69 | Jonathan Carvajal:25,
,CONFIRMAR_USO_HISTORICO_STOCK_LECTURAS,JUEGROL23921,94,0,284,2025-08-27 13:34:23,2026-04-27 10:14:21,Gerardo Mercier:69 | Jonathan Carvajal:25,
,CONFIRMAR_USO_HISTORICO_STOCK_LECTURAS,JUEGROL23930,94,0,275,2025-08-27 13:34:22,2026-04-27 10:14:21,Gerardo Mercier:69 | Jonathan Carvajal:25,
,CONFIRMAR_USO_HISTORICO_STOCK_LECTURAS,JUEGROL24222,94,0,186,2025-08-27 13:34:21,2026-04-27 10:14:21,Gerardo Mercier:69 | Jonathan Carvajal:25,
,CONFIRMAR_USO_HISTORICO_STOCK_LECTURAS,JUEGROL24224,94,0,305,2025-08-27 13:34:22,2026-04-27 10:14:21,Gerardo Mercier:69 | Jonathan Carvajal:25,
,CONFIRMAR_USO_HISTORICO_STOCK_LECTURAS,JUEGROL24233,94,0,29,2025-08-27 13:34:22,2026-04-27 10:14:21,Gerardo Mercier:69 | Jonathan Carvajal:25,
,CONFIRMAR_USO_HISTORICO_STOCK_LECTURAS,JUEGROL24247,94,0,338,2025-08-27 13:34:23,2026-04-27 10:14:21,Gerardo Mercier:69 | Jonathan Carvajal:25,
,CONFIRMAR_USO_HISTORICO_STOCK_LECTURAS,JUEGROL24262,94,0,60,2025-08-27 13:34:23,2026-04-27 10:14:21,Gerardo Mercier:69 | Jonathan Carvajal:25,
,CONFIRMAR_USO_HISTORICO_STOCK_LECTURAS,JUEGROL24302,94,0,24,2025-08-27 13:34:23,2026-04-27 10:14:21,Gerardo Mercier:69 | Jonathan Carvajal:25,
,CONFIRMAR_USO_HISTORICO_STOCK_LECTURAS,JUEGROL24305,94,0,37,2025-08-27 13:34:23,2026-04-27 10:14:21,Gerardo Mercier:69 | Jonathan Carvajal:25,
,CONFIRMAR_USO_HISTORICO_STOCK_LECTURAS,JUEGROL24306,94,0,12,2025-08-27 13:34:22,2026-04-27 10:14:21,Gerardo Mercier:69 | Jonathan Carvajal:25,
,CONFIRMAR_USO_HISTORICO_STOCK_LECTURAS,JUEGROL25006,94,0,48,2025-08-27 13:34:23,2026-04-27 10:14:21,Gerardo Mercier:69 | Jonathan Carvajal:25,
,CONFIRMAR_USO_HISTORICO_STOCK_LECTURAS,JUEGROL355,94,0,4,2025-08-27 13:34:22,2026-04-27 10:14:22,Gerardo Mercier:69 | Jonathan Carvajal:25,
,CONFIRMAR_USO_HISTORICO_STOCK_LECTURAS,juegrol24312,94,1,12,2025-08-27 13:36:10,2026-04-27 10:14:21,Gerardo Mercier:69 | Jonathan Carvajal:25,
,CONFIRMAR_USO_HISTORICO_STOCK_LECTURAS,JUEGROL20815,93,0,2,2025-08-27 13:34:22,2026-04-27 10:14:21,Gerardo Mercier:68 | Jonathan Carvajal:25,
,CONFIRMAR_USO_HISTORICO_STOCK_LECTURAS,JUEGROL23057,93,0,98,2025-08-27 13:34:22,2026-04-27 10:14:21,Gerardo Mercier:68 | Jonathan Carvajal:25,
,CONFIRMAR_USO_HISTORICO_STOCK_LECTURAS,JUEGROL23073,93,0,45,2025-08-27 13:34:21,2026-04-27 10:14:21,Gerardo Mercier:68 | Jonathan Carvajal:25,
,CONFIRMAR_USO_HISTORICO_STOCK_LECTURAS,JUEGROL23075,93,0,70,2025-08-27 13:34:23,2026-04-27 10:14:21,Gerardo Mercier:68 | Jonathan Carvajal:25,
,CONFIRMAR_USO_HISTORICO_STOCK_LECTURAS,JUEGROL23091,93,0,36,2025-08-27 13:34:23,2026-04-27 10:14:21,Gerardo Mercier:68 | Jonathan Carvajal:25,
,CONFIRMAR_USO_HISTORICO_STOCK_LECTURAS,JUEGROL23855,93,0,336,2025-08-27 13:34:22,2026-04-27 10:14:21,Gerardo Mercier:68 | Jonathan Carvajal:25,
,CONFIRMAR_USO_HISTORICO_STOCK_LECTURAS,JUEGROL23856,93,0,12,2025-08-27 13:34:22,2026-04-27 10:14:21,Gerardo Mercier:68 | Jonathan Carvajal:25,
,CONFIRMAR_USO_HISTORICO_STOCK_LECTURAS,JUEGROL23927,93,0,14,2025-08-27 13:34:21,2026-04-27 10:14:21,Gerardo Mercier:68 | Jonathan Carvajal:25,
,CONFIRMAR_USO_HISTORICO_STOCK_LECTURAS,JUEGROL23935,93,0,404,2025-08-27 13:34:22,2026-04-27 10:14:21,Gerardo Mercier:68 | Jonathan Carvajal:25,
,CONFIRMAR_USO_HISTORICO_STOCK_LECTURAS,JUEGROL24058,93,0,60,2025-08-27 13:34:22,2026-04-27 10:14:21,Gerardo Mercier:68 | Jonathan Carvajal:25,
,CONFIRMAR_USO_HISTORICO_STOCK_LECTURAS,JUEGROL24062,93,0,144,2025-08-27 13:34:23,2026-04-27 10:14:21,Gerardo Mercier:68 | Jonathan Carvajal:25,
,CONFIRMAR_USO_HISTORICO_STOCK_LECTURAS,JUEGROL24210,93,0,30,2025-08-27 13:34:22,2026-04-27 10:14:21,Gerardo Mercier:68 | Jonathan Carvajal:25,
,CONFIRMAR_USO_HISTORICO_STOCK_LECTURAS,JUEGROL24216,93,0,116,2025-08-27 13:34:21,2026-04-27 10:14:21,Gerardo Mercier:68 | Jonathan Carvajal:25,
,CONFIRMAR_USO_HISTORICO_STOCK_LECTURAS,JUEGROL24301,93,0,117,2025-08-27 13:34:21,2026-04-27 10:14:21,Gerardo Mercier:68 | Jonathan Carvajal:25,
,CONFIRMAR_USO_HISTORICO_STOCK_LECTURAS,JUEGROL24307,93,0,48,2025-08-27 13:34:21,2026-04-27 10:14:21,Gerardo Mercier:68 | Jonathan Carvajal:25,
,CONFIRMAR_USO_HISTORICO_STOCK_LECTURAS,juegrol23068,93,0,3,2025-08-27 13:36:10,2026-04-27 10:14:21,Gerardo Mercier:68 | Jonathan Carvajal:25,
,CONFIRMAR_USO_HISTORICO_STOCK_LECTURAS,juegrol23132,93,1,19,2025-09-02 08:55:00,2026-04-27 10:14:21,Gerardo Mercier:68 | Jonathan Carvajal:25,
,CONFIRMAR_USO_HISTORICO_STOCK_LECTURAS,juegrol23134,93,2,125,2025-09-02 08:55:00,2026-04-27 10:14:21,Gerardo Mercier:68 | Jonathan Carvajal:25,
,CONFIRMAR_USO_HISTORICO_STOCK_LECTURAS,juegrol24244,93,1,538,2025-08-27 13:36:10,2026-04-27 10:14:21,Gerardo Mercier:68 | Jonathan Carvajal:25,
,CONFIRMAR_USO_HISTORICO_STOCK_LECTURAS,JUEGGOD007,92,1,2,2025-09-02 08:54:58,2026-04-27 10:14:20,Gerardo Mercier:67 | Jonathan Carvajal:25,
,CONFIRMAR_USO_HISTORICO_STOCK_LECTURAS,JUEGROL131-1,92,0,1,2025-08-27 13:34:22,2026-04-27 10:14:21,Gerardo Mercier:67 | Jonathan Carvajal:25,
,CONFIRMAR_USO_HISTORICO_STOCK_LECTURAS,JUEGROL23859,92,0,220,2025-08-27 13:34:21,2026-04-27 10:14:21,Gerardo Mercier:67 | Jonathan Carvajal:25,
,CONFIRMAR_USO_HISTORICO_STOCK_LECTURAS,JUEGSH1311,92,1,134,2025-09-02 08:54:59,2026-04-27 10:14:22,Gerardo Mercier:67 | Jonathan Carvajal:25,
,CONFIRMAR_USO_HISTORICO_STOCK_LECTURAS,JUEGSH1575,92,1,8,2025-09-02 08:54:58,2026-04-27 10:14:22,Gerardo Mercier:67 | Jonathan Carvajal:25,
,CONFIRMAR_USO_HISTORICO_STOCK_LECTURAS,JUEGSH421,92,2,10,2025-09-02 08:54:58,2026-04-27 10:14:22,Gerardo Mercier:67 | Jonathan Carvajal:25,
,CONFIRMAR_USO_HISTORICO_STOCK_LECTURAS,JUEGSH592,92,0,7,2025-09-02 08:54:58,2026-04-27 10:14:22,Gerardo Mercier:67 | Jonathan Carvajal:25,
,CONFIRMAR_USO_HISTORICO_STOCK_LECTURAS,JUEGWOM033,92,1,1,2025-09-02 08:55:00,2026-04-27 10:14:22,Gerardo Mercier:67 | Jonathan Carvajal:25,
,CONFIRMAR_USO_HISTORICO_STOCK_LECTURAS,JUEGZHE008,92,2,4,2025-09-02 08:54:58,2026-04-27 10:14:22,Gerardo Mercier:67 | Jonathan Carvajal:25,
,CONFIRMAR_USO_HISTORICO_STOCK_LECTURAS,JUEGZHE063,92,0,1,2025-09-02 08:54:58,2026-04-27 10:14:22,Gerardo Mercier:67 | Jonathan Carvajal:25,
,CONFIRMAR_USO_HISTORICO_STOCK_LECTURAS,eaf-t,92,0,10,2025-08-21 12:59:31,2026-04-27 10:14:19,Gerardo Mercier:67 | Jonathan Carvajal:25,
,CONFIRMAR_USO_HISTORICO_STOCK_LECTURAS,juegsh341,92,0,3,2025-09-02 08:54:58,2026-04-27 10:14:22,Gerardo Mercier:67 | Jonathan Carvajal:25,
,CONFIRMAR_USO_HISTORICO_STOCK_LECTURAS,15041007,91,2,5,2025-08-21 12:52:58,2026-04-27 10:14:18,Gerardo Mercier:66 | Jonathan Carvajal:25,
,CONFIRMAR_USO_HISTORICO_STOCK_LECTURAS,6504,91,1,10,2025-08-21 12:52:58,2026-04-27 10:14:18,Gerardo Mercier:66 | Jonathan Carvajal:25,
,CONFIRMAR_USO_HISTORICO_STOCK_LECTURAS,6902,91,1,3,2025-08-21 12:52:58,2026-04-27 10:14:18,Gerardo Mercier:66 | Jonathan Carvajal:25,
,CONFIRMAR_USO_HISTORICO_STOCK_LECTURAS,9288,91,1,3,2025-08-21 12:52:58,2026-04-27 10:14:18,Gerardo Mercier:66 | Jonathan Carvajal:25,
,CONFIRMAR_USO_HISTORICO_STOCK_LECTURAS,JUEGBOR003,91,0,1,2025-09-03 13:47:22,2026-04-27 10:14:20,Gerardo Mercier:66 | Jonathan Carvajal:25,
,CONFIRMAR_USO_HISTORICO_STOCK_LECTURAS,JUEGGOD008,91,0,2,2025-09-03 13:47:22,2026-04-27 10:14:20,Gerardo Mercier:66 | Jonathan Carvajal:25,
,CONFIRMAR_USO_HISTORICO_STOCK_LECTURAS,JUEGGOD053,91,1,10,2025-09-03 13:47:22,2026-04-27 10:14:20,Gerardo Mercier:66 | Jonathan Carvajal:25,
,CONFIRMAR_USO_HISTORICO_STOCK_LECTURAS,JUEGJAI142,91,0,6,2025-09-02 08:54:59,2026-04-27 10:14:20,Gerardo Mercier:66 | Jonathan Carvajal:25,
,CONFIRMAR_USO_HISTORICO_STOCK_LECTURAS,JUEGJAI147,91,1,8,2025-09-02 08:54:58,2026-04-27 10:14:20,Gerardo Mercier:66 | Jonathan Carvajal:25,
,CONFIRMAR_USO_HISTORICO_STOCK_LECTURAS,JUEGJAI152,91,1,2,2025-09-02 08:54:58,2026-04-27 10:14:20,Gerardo Mercier:66 | Jonathan Carvajal:25,
,CONFIRMAR_USO_HISTORICO_STOCK_LECTURAS,JUEGJAI156,91,0,4,2025-09-02 08:54:58,2026-04-27 10:14:20,Gerardo Mercier:66 | Jonathan Carvajal:25,
,CONFIRMAR_USO_HISTORICO_STOCK_LECTURAS,JUEGJAI165,91,0,3,2025-09-02 08:54:58,2026-04-27 10:14:20,Gerardo Mercier:66 | Jonathan Carvajal:25,
,CONFIRMAR_USO_HISTORICO_STOCK_LECTURAS,JUEGJAI178,91,2,14,2025-09-02 08:54:58,2026-04-27 10:14:20,Gerardo Mercier:66 | Jonathan Carvajal:25,
,CONFIRMAR_USO_HISTORICO_STOCK_LECTURAS,JUEGJAI181,91,1,5,2025-09-02 08:54:58,2026-04-27 10:14:20,Gerardo Mercier:66 | Jonathan Carvajal:25,
,CONFIRMAR_USO_HISTORICO_STOCK_LECTURAS,JUEGJAI187,91,3,24,2025-09-02 08:54:59,2026-04-27 10:14:20,Gerardo Mercier:66 | Jonathan Carvajal:25,
,CONFIRMAR_USO_HISTORICO_STOCK_LECTURAS,JUEGJAI211,91,1,3,2025-09-02 08:54:58,2026-04-27 10:14:20,Gerardo Mercier:66 | Jonathan Carvajal:25,
,CONFIRMAR_USO_HISTORICO_STOCK_LECTURAS,JUEGJAI238,91,2,10,2025-09-02 08:54:58,2026-04-27 10:14:20,Gerardo Mercier:66 | Jonathan Carvajal:25,
,CONFIRMAR_USO_HISTORICO_STOCK_LECTURAS,JUEGJAI246,91,0,1,2025-09-02 08:54:58,2026-04-27 10:14:20,Gerardo Mercier:66 | Jonathan Carvajal:25,
,CONFIRMAR_USO_HISTORICO_STOCK_LECTURAS,JUEGJAI250,91,0,2,2025-09-02 08:54:59,2026-04-27 10:14:20,Gerardo Mercier:66 | Jonathan Carvajal:25,
,CONFIRMAR_USO_HISTORICO_STOCK_LECTURAS,JUEGJAI262,91,3,28,2025-09-02 08:54:58,2026-04-27 10:14:20,Gerardo Mercier:66 | Jonathan Carvajal:25,
,CONFIRMAR_USO_HISTORICO_STOCK_LECTURAS,JUEGJAI283,91,1,3,2025-09-02 08:54:58,2026-04-27 10:14:20,Gerardo Mercier:66 | Jonathan Carvajal:25,
,CONFIRMAR_USO_HISTORICO_STOCK_LECTURAS,JUEGJAI292,91,1,3,2025-09-02 08:54:58,2026-04-27 10:14:20,Gerardo Mercier:66 | Jonathan Carvajal:25,
,CONFIRMAR_USO_HISTORICO_STOCK_LECTURAS,JUEGJAI293,91,1,3,2025-09-02 08:54:58,2026-04-27 10:14:20,Gerardo Mercier:66 | Jonathan Carvajal:25,
,CONFIRMAR_USO_HISTORICO_STOCK_LECTURAS,JUEGJAI294,91,2,4,2025-09-02 08:54:58,2026-04-27 10:14:20,Gerardo Mercier:66 | Jonathan Carvajal:25,
,CONFIRMAR_USO_HISTORICO_STOCK_LECTURAS,JUEGJAI296,91,1,4,2025-09-02 08:54:58,2026-04-27 10:14:20,Gerardo Mercier:66 | Jonathan Carvajal:25,
,CONFIRMAR_USO_HISTORICO_STOCK_LECTURAS,JUEGJAI298,91,1,7,2025-09-02 08:54:58,2026-04-27 10:14:20,Gerardo Mercier:66 | Jonathan Carvajal:25,
,CONFIRMAR_USO_HISTORICO_STOCK_LECTURAS,JUEGJAI308,91,2,20,2025-09-02 08:54:58,2026-04-27 10:14:20,Gerardo Mercier:66 | Jonathan Carvajal:25,
,CONFIRMAR_USO_HISTORICO_STOCK_LECTURAS,JUEGJAI309,91,1,3,2025-09-02 08:54:58,2026-04-27 10:14:20,Gerardo Mercier:66 | Jonathan Carvajal:25,
,CONFIRMAR_USO_HISTORICO_STOCK_LECTURAS,JUEGJAI323,91,1,5,2025-09-02 08:54:58,2026-04-27 10:14:20,Gerardo Mercier:66 | Jonathan Carvajal:25,
,CONFIRMAR_USO_HISTORICO_STOCK_LECTURAS,JUEGJAI324,91,1,2,2025-09-02 08:54:58,2026-04-27 10:14:21,Gerardo Mercier:66 | Jonathan Carvajal:25,
,CONFIRMAR_USO_HISTORICO_STOCK_LECTURAS,JUEGJAI325,91,2,8,2025-09-02 08:54:58,2026-04-27 10:14:21,Gerardo Mercier:66 | Jonathan Carvajal:25,
,CONFIRMAR_USO_HISTORICO_STOCK_LECTURAS,JUEGJAI333,91,1,6,2025-09-02 08:54:59,2026-04-27 10:14:21,Gerardo Mercier:66 | Jonathan Carvajal:25,
,CONFIRMAR_USO_HISTORICO_STOCK_LECTURAS,JUEGJAI341,91,1,7,2025-09-02 08:54:59,2026-04-27 10:14:21,Gerardo Mercier:66 | Jonathan Carvajal:25,
,CONFIRMAR_USO_HISTORICO_STOCK_LECTURAS,JUEGJAI346,91,0,14,2025-09-02 08:54:58,2026-04-27 10:14:21,Gerardo Mercier:66 | Jonathan Carvajal:25,
,CONFIRMAR_USO_HISTORICO_STOCK_LECTURAS,JUEGJAI366,91,1,12,2025-09-02 08:54:58,2026-04-27 10:14:21,Gerardo Mercier:66 | Jonathan Carvajal:25,
,CONFIRMAR_USO_HISTORICO_STOCK_LECTURAS,JUEGJAI369,91,1,2,2025-09-02 08:54:58,2026-04-27 10:14:21,Gerardo Mercier:66 | Jonathan Carvajal:25,
,CONFIRMAR_USO_HISTORICO_STOCK_LECTURAS,JUEGJAI387,91,3,13,2025-09-02 08:54:58,2026-04-27 10:14:21,Gerardo Mercier:66 | Jonathan Carvajal:25,
,CONFIRMAR_USO_HISTORICO_STOCK_LECTURAS,JUEGJAI393,91,1,7,2025-09-02 08:54:58,2026-04-27 10:14:21,Gerardo Mercier:66 | Jonathan Carvajal:25,
,CONFIRMAR_USO_HISTORICO_STOCK_LECTURAS,JUEGJAI403,91,1,4,2025-09-02 08:54:58,2026-04-27 10:14:21,Gerardo Mercier:66 | Jonathan Carvajal:25,
,CONFIRMAR_USO_HISTORICO_STOCK_LECTURAS,JUEGJAI422,91,1,7,2025-09-02 08:54:59,2026-04-27 10:14:21,Gerardo Mercier:66 | Jonathan Carvajal:25,
,CONFIRMAR_USO_HISTORICO_STOCK_LECTURAS,JUEGJAI425,91,0,1,2025-09-02 08:54:59,2026-04-27 10:14:21,Gerardo Mercier:66 | Jonathan Carvajal:25,
,CONFIRMAR_USO_HISTORICO_STOCK_LECTURAS,JUEGJAI426,91,1,1,2025-09-02 08:54:59,2026-04-27 10:14:21,Gerardo Mercier:66 | Jonathan Carvajal:25,
,CONFIRMAR_USO_HISTORICO_STOCK_LECTURAS,JUEGJAI433,91,1,10,2025-09-02 08:54:59,2026-04-27 10:14:21,Gerardo Mercier:66 | Jonathan Carvajal:25,
,CONFIRMAR_USO_HISTORICO_STOCK_LECTURAS,JUEGJAI434,91,1,13,2025-09-02 08:54:59,2026-04-27 10:14:21,Gerardo Mercier:66 | Jonathan Carvajal:25,
,CONFIRMAR_USO_HISTORICO_STOCK_LECTURAS,JUEGJAI440,91,3,20,2025-09-02 08:54:58,2026-04-27 10:14:21,Gerardo Mercier:66 | Jonathan Carvajal:25,
,CONFIRMAR_USO_HISTORICO_STOCK_LECTURAS,JUEGJAI450,91,1,3,2025-09-02 08:54:58,2026-04-27 10:14:21,Gerardo Mercier:66 | Jonathan Carvajal:25,
,CONFIRMAR_USO_HISTORICO_STOCK_LECTURAS,JUEGJAI452,91,1,2,2025-09-02 08:54:58,2026-04-27 10:14:21,Gerardo Mercier:66 | Jonathan Carvajal:25,
,CONFIRMAR_USO_HISTORICO_STOCK_LECTURAS,JUEGJAI454,91,1,1,2025-09-02 08:54:58,2026-04-27 10:14:21,Gerardo Mercier:66 | Jonathan Carvajal:25,
,CONFIRMAR_USO_HISTORICO_STOCK_LECTURAS,JUEGJAI476,91,3,11,2025-09-02 08:54:58,2026-04-27 10:14:21,Gerardo Mercier:66 | Jonathan Carvajal:25,
,CONFIRMAR_USO_HISTORICO_STOCK_LECTURAS,JUEGJAI522,91,1,6,2025-09-02 08:54:58,2026-04-27 10:14:21,Gerardo Mercier:66 | Jonathan Carvajal:25,
,CONFIRMAR_USO_HISTORICO_STOCK_LECTURAS,JUEGJAI541,91,2,5,2025-09-02 08:54:59,2026-04-27 10:14:21,Gerardo Mercier:66 | Jonathan Carvajal:25,
,CONFIRMAR_USO_HISTORICO_STOCK_LECTURAS,JUEGJAI556,91,1,5,2025-09-02 08:54:58,2026-04-27 10:14:21,Gerardo Mercier:66 | Jonathan Carvajal:25,
,CONFIRMAR_USO_HISTORICO_STOCK_LECTURAS,JUEGJAI565,91,1,13,2025-09-02 08:54:58,2026-04-27 10:14:21,Gerardo Mercier:66 | Jonathan Carvajal:25,
,CONFIRMAR_USO_HISTORICO_STOCK_LECTURAS,JUEGJAI602,91,1,21,2025-09-02 08:54:58,2026-04-27 10:14:21,Gerardo Mercier:66 | Jonathan Carvajal:25,
,CONFIRMAR_USO_HISTORICO_STOCK_LECTURAS,JUEGJAIC15,91,1,2,2025-09-02 08:54:59,2026-04-27 10:14:21,Gerardo Mercier:66 | Jonathan Carvajal:25,
,CONFIRMAR_USO_HISTORICO_STOCK_LECTURAS,JUEGJAICI,91,1,5,2025-09-02 08:54:58,2026-04-27 10:14:21,Gerardo Mercier:66 | Jonathan Carvajal:25,
,CONFIRMAR_USO_HISTORICO_STOCK_LECTURAS,JUEGJAIDOMN,91,1,5,2025-09-02 08:54:58,2026-04-27 10:14:21,Gerardo Mercier:66 | Jonathan Carvajal:25,
,CONFIRMAR_USO_HISTORICO_STOCK_LECTURAS,JUEGJAIJU,91,1,1,2025-09-02 08:54:58,2026-04-27 10:14:21,Gerardo Mercier:66 | Jonathan Carvajal:25,
,CONFIRMAR_USO_HISTORICO_STOCK_LECTURAS,JUEGJAIMIM,91,0,4,2025-09-02 08:54:58,2026-04-27 10:14:21,Gerardo Mercier:66 | Jonathan Carvajal:25,
,CONFIRMAR_USO_HISTORICO_STOCK_LECTURAS,JUEGJAIMOC,91,0,3,2025-09-02 08:54:58,2026-04-27 10:14:21,Gerardo Mercier:66 | Jonathan Carvajal:25,
,CONFIRMAR_USO_HISTORICO_STOCK_LECTURAS,JUEGJAIMS,91,1,8,2025-09-02 08:54:58,2026-04-27 10:14:21,Gerardo Mercier:66 | Jonathan Carvajal:25,
,CONFIRMAR_USO_HISTORICO_STOCK_LECTURAS,JUEGJAIPPU,91,1,2,2025-09-02 08:54:58,2026-04-27 10:14:21,Gerardo Mercier:66 | Jonathan Carvajal:25,
,CONFIRMAR_USO_HISTORICO_STOCK_LECTURAS,JUEGJAIPS,91,1,3,2025-09-02 08:54:59,2026-04-27 10:14:21,Gerardo Mercier:66 | Jonathan Carvajal:25,
,CONFIRMAR_USO_HISTORICO_STOCK_LECTURAS,JUEGJAIRELOJ,91,1,3,2025-09-02 08:54:58,2026-04-27 10:14:21,Gerardo Mercier:66 | Jonathan Carvajal:25,
,CONFIRMAR_USO_HISTORICO_STOCK_LECTURAS,JUEGJAIRO,91,1,4,2025-09-02 08:54:58,2026-04-27 10:14:21,Gerardo Mercier:66 | Jonathan Carvajal:25,
,CONFIRMAR_USO_HISTORICO_STOCK_LECTURAS,JUEGJAIROM-2,91,2,12,2025-09-02 08:54:58,2026-04-27 10:14:21,Gerardo Mercier:66 | Jonathan Carvajal:25,
,CONFIRMAR_USO_HISTORICO_STOCK_LECTURAS,JUEGJAITAN,91,2,19,2025-09-02 08:54:59,2026-04-27 10:14:21,Gerardo Mercier:66 | Jonathan Carvajal:25,
,CONFIRMAR_USO_HISTORICO_STOCK_LECTURAS,JUEGJAITJ,91,1,1,2025-09-02 08:54:58,2026-04-27 10:14:21,Gerardo Mercier:66 | Jonathan Carvajal:25,
,CONFIRMAR_USO_HISTORICO_STOCK_LECTURAS,JUEGLEA012,91,2,23,2025-09-03 13:47:22,2026-04-27 10:14:21,Gerardo Mercier:66 | Jonathan Carvajal:25,
,CONFIRMAR_USO_HISTORICO_STOCK_LECTURAS,JUEGROL116,91,0,64,2025-08-27 13:34:22,2026-04-27 10:14:21,Gerardo Mercier:66 | Jonathan Carvajal:25,
,CONFIRMAR_USO_HISTORICO_STOCK_LECTURAS,JUEGROL23056,91,0,207,2025-08-27 13:34:22,2026-04-27 10:14:21,Gerardo Mercier:66 | Jonathan Carvajal:25,
,CONFIRMAR_USO_HISTORICO_STOCK_LECTURAS,JUEGSH1070,91,1,5,2025-09-02 08:54:58,2026-04-27 10:14:22,Gerardo Mercier:66 | Jonathan Carvajal:25,
,CONFIRMAR_USO_HISTORICO_STOCK_LECTURAS,JUEGSH1071,91,1,28,2025-09-02 08:54:59,2026-04-27 10:14:22,Gerardo Mercier:66 | Jonathan Carvajal:25,
,CONFIRMAR_USO_HISTORICO_STOCK_LECTURAS,JUEGSH1072,91,0,1,2025-09-02 08:54:59,2026-04-27 10:14:22,Gerardo Mercier:66 | Jonathan Carvajal:25,
,CONFIRMAR_USO_HISTORICO_STOCK_LECTURAS,JUEGSH1118,91,1,7,2025-09-02 08:54:59,2026-04-27 10:14:22,Gerardo Mercier:66 | Jonathan Carvajal:25,
,CONFIRMAR_USO_HISTORICO_STOCK_LECTURAS,JUEGSH1120,91,1,8,2025-09-02 08:54:59,2026-04-27 10:14:22,Gerardo Mercier:66 | Jonathan Carvajal:25,
,CONFIRMAR_USO_HISTORICO_STOCK_LECTURAS,JUEGSH1128,91,1,3,2025-09-02 08:54:58,2026-04-27 10:14:22,Gerardo Mercier:66 | Jonathan Carvajal:25,
,CONFIRMAR_USO_HISTORICO_STOCK_LECTURAS,JUEGSH1165,91,1,5,2025-09-02 08:54:58,2026-04-27 10:14:22,Gerardo Mercier:66 | Jonathan Carvajal:25,
,CONFIRMAR_USO_HISTORICO_STOCK_LECTURAS,JUEGSH1176,91,2,6,2025-09-02 08:54:58,2026-04-27 10:14:22,Gerardo Mercier:66 | Jonathan Carvajal:25,
,CONFIRMAR_USO_HISTORICO_STOCK_LECTURAS,JUEGSH1181,91,1,14,2025-09-02 08:54:58,2026-04-27 10:14:22,Gerardo Mercier:66 | Jonathan Carvajal:25,
,CONFIRMAR_USO_HISTORICO_STOCK_LECTURAS,JUEGSH1184,91,1,2,2025-09-02 08:54:59,2026-04-27 10:14:22,Gerardo Mercier:66 | Jonathan Carvajal:25,
,CONFIRMAR_USO_HISTORICO_STOCK_LECTURAS,JUEGSH1191-2,91,1,18,2025-09-02 08:54:59,2026-04-27 10:14:22,Gerardo Mercier:66 | Jonathan Carvajal:25,
,CONFIRMAR_USO_HISTORICO_STOCK_LECTURAS,JUEGSH1228,91,1,2,2025-09-02 08:54:59,2026-04-27 10:14:22,Gerardo Mercier:66 | Jonathan Carvajal:25,
,CONFIRMAR_USO_HISTORICO_STOCK_LECTURAS,JUEGSH1236,91,1,2,2025-09-02 08:54:59,2026-04-27 10:14:22,Gerardo Mercier:66 | Jonathan Carvajal:25,
,CONFIRMAR_USO_HISTORICO_STOCK_LECTURAS,JUEGSH1238,91,3,10,2025-09-02 08:54:58,2026-04-27 10:14:22,Gerardo Mercier:66 | Jonathan Carvajal:25,
,CONFIRMAR_USO_HISTORICO_STOCK_LECTURAS,JUEGSH1337,91,0,4,2025-09-02 08:54:59,2026-04-27 10:14:22,Gerardo Mercier:66 | Jonathan Carvajal:25,
,CONFIRMAR_USO_HISTORICO_STOCK_LECTURAS,JUEGSH1340,91,0,4,2025-09-02 08:54:59,2026-04-27 10:14:22,Gerardo Mercier:66 | Jonathan Carvajal:25,
,CONFIRMAR_USO_HISTORICO_STOCK_LECTURAS,JUEGSH1356,91,1,1,2025-09-02 08:54:58,2026-04-27 10:14:22,Gerardo Mercier:66 | Jonathan Carvajal:25,
,CONFIRMAR_USO_HISTORICO_STOCK_LECTURAS,JUEGSH1366,91,1,1,2025-09-02 08:54:59,2026-04-27 10:14:22,Gerardo Mercier:66 | Jonathan Carvajal:25,
,CONFIRMAR_USO_HISTORICO_STOCK_LECTURAS,JUEGSH1383,91,0,12,2025-09-02 08:54:58,2026-04-27 10:14:22,Gerardo Mercier:66 | Jonathan Carvajal:25,
,CONFIRMAR_USO_HISTORICO_STOCK_LECTURAS,JUEGSH1405,91,1,4,2025-09-02 08:54:59,2026-04-27 10:14:22,Gerardo Mercier:66 | Jonathan Carvajal:25,
,CONFIRMAR_USO_HISTORICO_STOCK_LECTURAS,JUEGSH1417,91,0,13,2025-09-02 08:54:58,2026-04-27 10:14:22,Gerardo Mercier:66 | Jonathan Carvajal:25,
,CONFIRMAR_USO_HISTORICO_STOCK_LECTURAS,JUEGSH1419,91,2,6,2025-09-02 08:54:59,2026-04-27 10:14:22,Gerardo Mercier:66 | Jonathan Carvajal:25,
,CONFIRMAR_USO_HISTORICO_STOCK_LECTURAS,JUEGSH1440,91,1,5,2025-09-02 08:54:58,2026-04-27 10:14:22,Gerardo Mercier:66 | Jonathan Carvajal:25,
,CONFIRMAR_USO_HISTORICO_STOCK_LECTURAS,JUEGSH1448,91,1,3,2025-09-02 08:54:59,2026-04-27 10:14:22,Gerardo Mercier:66 | Jonathan Carvajal:25,
,CONFIRMAR_USO_HISTORICO_STOCK_LECTURAS,JUEGSH1463,91,1,2,2025-09-02 08:54:58,2026-04-27 10:14:22,Gerardo Mercier:66 | Jonathan Carvajal:25,
,CONFIRMAR_USO_HISTORICO_STOCK_LECTURAS,JUEGSH1465,91,1,21,2025-09-02 08:54:59,2026-04-27 10:14:22,Gerardo Mercier:66 | Jonathan Carvajal:25,
,CONFIRMAR_USO_HISTORICO_STOCK_LECTURAS,JUEGSH1489,91,1,7,2025-09-02 08:54:58,2026-04-27 10:14:22,Gerardo Mercier:66 | Jonathan Carvajal:25,
,CONFIRMAR_USO_HISTORICO_STOCK_LECTURAS,JUEGSH1608,91,1,5,2025-09-02 08:54:59,2026-04-27 10:14:22,Gerardo Mercier:66 | Jonathan Carvajal:25,
,CONFIRMAR_USO_HISTORICO_STOCK_LECTURAS,JUEGSH1618,91,0,1,2025-09-02 08:54:59,2026-04-27 10:14:22,Gerardo Mercier:66 | Jonathan Carvajal:25,
,CONFIRMAR_USO_HISTORICO_STOCK_LECTURAS,JUEGSH1706,91,1,5,2025-09-02 08:54:58,2026-04-27 10:14:22,Gerardo Mercier:66 | Jonathan Carvajal:25,
,CONFIRMAR_USO_HISTORICO_STOCK_LECTURAS,JUEGSH1708,91,0,5,2025-09-02 08:54:59,2026-04-27 10:14:22,Gerardo Mercier:66 | Jonathan Carvajal:25,
,CONFIRMAR_USO_HISTORICO_STOCK_LECTURAS,JUEGSH1712,91,2,6,2025-09-02 08:54:59,2026-04-27 10:14:22,Gerardo Mercier:66 | Jonathan Carvajal:25,
,CONFIRMAR_USO_HISTORICO_STOCK_LECTURAS,JUEGSH1728,91,0,7,2025-09-02 08:54:58,2026-04-27 10:14:22,Gerardo Mercier:66 | Jonathan Carvajal:25,
,CONFIRMAR_USO_HISTORICO_STOCK_LECTURAS,JUEGSH1733,91,0,6,2025-09-02 08:54:58,2026-04-27 10:14:22,Gerardo Mercier:66 | Jonathan Carvajal:25,
,CONFIRMAR_USO_HISTORICO_STOCK_LECTURAS,JUEGSH1753,91,1,3,2025-09-02 08:54:58,2026-04-27 10:14:22,Gerardo Mercier:66 | Jonathan Carvajal:25,
,CONFIRMAR_USO_HISTORICO_STOCK_LECTURAS,JUEGSH1754,91,1,3,2025-09-02 08:54:58,2026-04-27 10:14:22,Gerardo Mercier:66 | Jonathan Carvajal:25,
,CONFIRMAR_USO_HISTORICO_STOCK_LECTURAS,JUEGSH1791,91,1,4,2025-09-02 08:54:59,2026-04-27 10:14:22,Gerardo Mercier:66 | Jonathan Carvajal:25,
,CONFIRMAR_USO_HISTORICO_STOCK_LECTURAS,JUEGSH1821,91,1,1,2025-09-02 08:54:59,2026-04-27 10:14:22,Gerardo Mercier:66 | Jonathan Carvajal:25,
,CONFIRMAR_USO_HISTORICO_STOCK_LECTURAS,JUEGSH186,91,1,2,2025-09-02 08:54:58,2026-04-27 10:14:22,Gerardo Mercier:66 | Jonathan Carvajal:25,
,CONFIRMAR_USO_HISTORICO_STOCK_LECTURAS,JUEGSH191,91,0,11,2025-09-02 08:54:58,2026-04-27 10:14:22,Gerardo Mercier:66 | Jonathan Carvajal:25,
,CONFIRMAR_USO_HISTORICO_STOCK_LECTURAS,JUEGSH229,91,1,8,2025-09-02 08:54:58,2026-04-27 10:14:22,Gerardo Mercier:66 | Jonathan Carvajal:25,
,CONFIRMAR_USO_HISTORICO_STOCK_LECTURAS,JUEGSH284,91,1,3,2025-09-02 08:54:58,2026-04-27 10:14:22,Gerardo Mercier:66 | Jonathan Carvajal:25,
,CONFIRMAR_USO_HISTORICO_STOCK_LECTURAS,JUEGSH295,91,1,2,2025-09-02 08:54:59,2026-04-27 10:14:22,Gerardo Mercier:66 | Jonathan Carvajal:25,
,CONFIRMAR_USO_HISTORICO_STOCK_LECTURAS,JUEGSH334,91,0,5,2025-09-02 08:54:59,2026-04-27 10:14:22,Gerardo Mercier:66 | Jonathan Carvajal:25,
,CONFIRMAR_USO_HISTORICO_STOCK_LECTURAS,JUEGSH351,91,1,5,2025-09-02 08:54:59,2026-04-27 10:14:22,Gerardo Mercier:66 | Jonathan Carvajal:25,
,CONFIRMAR_USO_HISTORICO_STOCK_LECTURAS,JUEGSH359,91,1,12,2025-09-02 08:54:59,2026-04-27 10:14:22,Gerardo Mercier:66 | Jonathan Carvajal:25,
,CONFIRMAR_USO_HISTORICO_STOCK_LECTURAS,JUEGSH371,91,1,18,2025-09-02 08:54:59,2026-04-27 10:14:22,Gerardo Mercier:66 | Jonathan Carvajal:25,
,CONFIRMAR_USO_HISTORICO_STOCK_LECTURAS,JUEGSH375,91,1,17,2025-09-02 08:54:58,2026-04-27 10:14:22,Gerardo Mercier:66 | Jonathan Carvajal:25,
,CONFIRMAR_USO_HISTORICO_STOCK_LECTURAS,JUEGSH380,91,2,26,2025-09-02 08:54:58,2026-04-27 10:14:22,Gerardo Mercier:66 | Jonathan Carvajal:25,
,CONFIRMAR_USO_HISTORICO_STOCK_LECTURAS,JUEGSH385,91,1,10,2025-09-02 08:54:58,2026-04-27 10:14:22,Gerardo Mercier:66 | Jonathan Carvajal:25,
,CONFIRMAR_USO_HISTORICO_STOCK_LECTURAS,JUEGSH390,91,1,5,2025-09-02 08:54:59,2026-04-27 10:14:22,Gerardo Mercier:66 | Jonathan Carvajal:25,
,CONFIRMAR_USO_HISTORICO_STOCK_LECTURAS,JUEGSH417,91,1,3,2025-09-02 08:54:59,2026-04-27 10:14:22,Gerardo Mercier:66 | Jonathan Carvajal:25,
,CONFIRMAR_USO_HISTORICO_STOCK_LECTURAS,JUEGSH445,91,0,10,2025-09-02 08:54:58,2026-04-27 10:14:22,Gerardo Mercier:66 | Jonathan Carvajal:25,
,CONFIRMAR_USO_HISTORICO_STOCK_LECTURAS,JUEGSH462,91,1,6,2025-09-02 08:54:58,2026-04-27 10:14:22,Gerardo Mercier:66 | Jonathan Carvajal:25,
,CONFIRMAR_USO_HISTORICO_STOCK_LECTURAS,JUEGSH471,91,1,8,2025-09-02 08:54:59,2026-04-27 10:14:22,Gerardo Mercier:66 | Jonathan Carvajal:25,
,CONFIRMAR_USO_HISTORICO_STOCK_LECTURAS,JUEGSH524,91,1,5,2025-09-02 08:54:58,2026-04-27 10:14:22,Gerardo Mercier:66 | Jonathan Carvajal:25,
,CONFIRMAR_USO_HISTORICO_STOCK_LECTURAS,JUEGSH564,91,1,1,2025-09-02 08:54:59,2026-04-27 10:14:22,Gerardo Mercier:66 | Jonathan Carvajal:25,
,CONFIRMAR_USO_HISTORICO_STOCK_LECTURAS,JUEGSH572,91,1,5,2025-09-02 08:54:59,2026-04-27 10:14:22,Gerardo Mercier:66 | Jonathan Carvajal:25,
,CONFIRMAR_USO_HISTORICO_STOCK_LECTURAS,JUEGSH658,91,1,10,2025-09-02 08:54:59,2026-04-27 10:14:22,Gerardo Mercier:66 | Jonathan Carvajal:25,
,CONFIRMAR_USO_HISTORICO_STOCK_LECTURAS,JUEGSH676,91,1,6,2025-09-02 08:54:59,2026-04-27 10:14:22,Gerardo Mercier:66 | Jonathan Carvajal:25,
,CONFIRMAR_USO_HISTORICO_STOCK_LECTURAS,JUEGSH704,91,2,7,2025-09-02 08:54:58,2026-04-27 10:14:22,Gerardo Mercier:66 | Jonathan Carvajal:25,
,CONFIRMAR_USO_HISTORICO_STOCK_LECTURAS,JUEGSH715,91,1,4,2025-09-02 08:54:58,2026-04-27 10:14:22,Gerardo Mercier:66 | Jonathan Carvajal:25,
,CONFIRMAR_USO_HISTORICO_STOCK_LECTURAS,JUEGSH779,91,0,6,2025-09-02 08:54:58,2026-04-27 10:14:22,Gerardo Mercier:66 | Jonathan Carvajal:25,
,CONFIRMAR_USO_HISTORICO_STOCK_LECTURAS,JUEGSH784,91,0,2,2025-09-02 08:54:58,2026-04-27 10:14:22,Gerardo Mercier:66 | Jonathan Carvajal:25,
,CONFIRMAR_USO_HISTORICO_STOCK_LECTURAS,JUEGSH806,91,2,28,2025-09-02 08:54:59,2026-04-27 10:14:22,Gerardo Mercier:66 | Jonathan Carvajal:25,
,CONFIRMAR_USO_HISTORICO_STOCK_LECTURAS,JUEGSH807,91,0,17,2025-09-02 08:54:59,2026-04-27 10:14:22,Gerardo Mercier:66 | Jonathan Carvajal:25,
,CONFIRMAR_USO_HISTORICO_STOCK_LECTURAS,JUEGSH846,91,3,7,2025-09-02 08:54:58,2026-04-27 10:14:22,Gerardo Mercier:66 | Jonathan Carvajal:25,
,CONFIRMAR_USO_HISTORICO_STOCK_LECTURAS,JUEGSH857,91,1,10,2025-09-02 08:54:58,2026-04-27 10:14:22,Gerardo Mercier:66 | Jonathan Carvajal:25,
,CONFIRMAR_USO_HISTORICO_STOCK_LECTURAS,JUEGSH864,91,3,8,2025-09-02 08:54:59,2026-04-27 10:14:22,Gerardo Mercier:66 | Jonathan Carvajal:25,
,CONFIRMAR_USO_HISTORICO_STOCK_LECTURAS,JUEGSH877,91,1,2,2025-09-02 08:54:58,2026-04-27 10:14:22,Gerardo Mercier:66 | Jonathan Carvajal:25,
,CONFIRMAR_USO_HISTORICO_STOCK_LECTURAS,JUEGSH884,91,1,8,2025-09-02 08:54:58,2026-04-27 10:14:22,Gerardo Mercier:66 | Jonathan Carvajal:25,
,CONFIRMAR_USO_HISTORICO_STOCK_LECTURAS,JUEGSH890,91,1,7,2025-09-02 08:54:59,2026-04-27 10:14:22,Gerardo Mercier:66 | Jonathan Carvajal:25,
,CONFIRMAR_USO_HISTORICO_STOCK_LECTURAS,JUEGSH895,91,0,3,2025-09-02 08:54:59,2026-04-27 10:14:22,Gerardo Mercier:66 | Jonathan Carvajal:25,
,CONFIRMAR_USO_HISTORICO_STOCK_LECTURAS,JUEGSH898,91,1,6,2025-09-02 08:54:58,2026-04-27 10:14:22,Gerardo Mercier:66 | Jonathan Carvajal:25,
,CONFIRMAR_USO_HISTORICO_STOCK_LECTURAS,JUEGSH900B,91,1,2,2025-09-02 08:54:58,2026-04-27 10:14:22,Gerardo Mercier:66 | Jonathan Carvajal:25,
,CONFIRMAR_USO_HISTORICO_STOCK_LECTURAS,JUEGSH960,91,0,6,2025-09-02 08:54:58,2026-04-27 10:14:22,Gerardo Mercier:66 | Jonathan Carvajal:25,
,CONFIRMAR_USO_HISTORICO_STOCK_LECTURAS,JUEGSH970,91,2,22,2025-09-02 08:54:58,2026-04-27 10:14:22,Gerardo Mercier:66 | Jonathan Carvajal:25,
,CONFIRMAR_USO_HISTORICO_STOCK_LECTURAS,JUEGTIM031,91,0,2,2025-09-03 13:47:22,2026-03-23 14:21:44,Gerardo Mercier:91,
,CONFIRMAR_USO_HISTORICO_STOCK_LECTURAS,JUGEJAITNV,91,1,6,2025-09-02 08:54:58,2026-04-27 10:14:23,Gerardo Mercier:66 | Jonathan Carvajal:25,
,CONFIRMAR_USO_HISTORICO_STOCK_LECTURAS,MLARGOL4,91,2,8,2025-09-02 08:54:58,2026-04-27 10:14:23,Gerardo Mercier:66 | Jonathan Carvajal:25,
,CONFIRMAR_USO_HISTORICO_STOCK_LECTURAS,bbe002,91,1,99,2025-09-02 08:55:00,2026-04-27 10:14:18,Gerardo Mercier:66 | Jonathan Carvajal:25,
,CONFIRMAR_USO_HISTORICO_STOCK_LECTURAS,brujedu001,91,0,2,2025-09-03 13:47:22,2026-04-27 10:14:18,Gerardo Mercier:66 | Jonathan Carvajal:25,
,CONFIRMAR_USO_HISTORICO_STOCK_LECTURAS,juegbas569,91,2,19,2025-09-03 13:47:22,2026-04-27 10:14:20,Gerardo Mercier:66 | Jonathan Carvajal:25,
,CONFIRMAR_USO_HISTORICO_STOCK_LECTURAS,juegdac003,91,1,10,2025-09-03 13:47:22,2026-04-27 10:14:20,Gerardo Mercier:66 | Jonathan Carvajal:25,
,CONFIRMAR_USO_HISTORICO_STOCK_LECTURAS,jueghan080,91,1,1,2025-09-03 13:47:22,2026-04-27 10:14:20,Gerardo Mercier:66 | Jonathan Carvajal:25,
,CONFIRMAR_USO_HISTORICO_STOCK_LECTURAS,jueghan081,91,1,1,2025-09-03 13:47:22,2026-04-27 10:14:20,Gerardo Mercier:66 | Jonathan Carvajal:25,
,CONFIRMAR_USO_HISTORICO_STOCK_LECTURAS,juegjai284,91,1,5,2025-09-02 08:54:59,2026-04-27 10:14:20,Gerardo Mercier:66 | Jonathan Carvajal:25,
,CONFIRMAR_USO_HISTORICO_STOCK_LECTURAS,juegjaison,91,1,25,2025-09-02 08:54:59,2026-04-27 10:14:21,Gerardo Mercier:66 | Jonathan Carvajal:25,
,CONFIRMAR_USO_HISTORICO_STOCK_LECTURAS,jueglea195,91,1,1,2025-09-03 13:47:22,2026-04-27 10:14:21,Gerardo Mercier:66 | Jonathan Carvajal:25,
,CONFIRMAR_USO_HISTORICO_STOCK_LECTURAS,jueglea370,91,1,7,2025-09-03 13:47:22,2026-04-27 10:14:21,Gerardo Mercier:66 | Jonathan Carvajal:25,
,CONFIRMAR_USO_HISTORICO_STOCK_LECTURAS,juegrol23055,91,551,577,2025-08-27 13:36:10,2026-04-27 10:14:21,Gerardo Mercier:68 | Jonathan Carvajal:23,
,CONFIRMAR_USO_HISTORICO_STOCK_LECTURAS,juegtim002,91,1,2,2025-09-03 13:47:22,2026-04-27 10:14:22,Gerardo Mercier:66 | Jonathan Carvajal:25,
,CONFIRMAR_USO_HISTORICO_STOCK_LECTURAS,juegtim015,91,1,3,2025-09-03 13:47:22,2026-04-27 10:14:22,Gerardo Mercier:66 | Jonathan Carvajal:25,
,CONFIRMAR_USO_HISTORICO_STOCK_LECTURAS,juegyin049,91,0,2,2025-09-03 13:47:22,2026-04-27 10:14:22,Gerardo Mercier:66 | Jonathan Carvajal:25,
,CONFIRMAR_USO_HISTORICO_STOCK_LECTURAS,juegzhe276,91,1,3,2025-09-04 08:57:51,2026-04-27 10:14:22,Gerardo Mercier:66 | Jonathan Carvajal:25,
,CONFIRMAR_USO_HISTORICO_STOCK_LECTURAS,23414,90,1,2,2025-08-21 12:52:58,2026-04-27 10:14:18,Gerardo Mercier:65 | Jonathan Carvajal:25,
,CONFIRMAR_USO_HISTORICO_STOCK_LECTURAS,558-73,90,1,2,2025-08-21 12:52:58,2026-04-27 10:14:18,Gerardo Mercier:65 | Jonathan Carvajal:25,
,CONFIRMAR_USO_HISTORICO_STOCK_LECTURAS,603770999,90,1,1,2025-09-02 08:55:00,2026-04-27 10:14:18,Gerardo Mercier:65 | Jonathan Carvajal:25,
,CONFIRMAR_USO_HISTORICO_STOCK_LECTURAS,6503,90,1,1,2025-08-21 12:52:58,2026-04-27 10:14:18,Gerardo Mercier:65 | Jonathan Carvajal:25,
,CONFIRMAR_USO_HISTORICO_STOCK_LECTURAS,707-55,90,1,1,2025-08-21 12:52:59,2026-04-27 10:14:18,Gerardo Mercier:65 | Jonathan Carvajal:25,
,CONFIRMAR_USO_HISTORICO_STOCK_LECTURAS,7550,90,1,4,2025-08-21 12:52:58,2026-04-27 10:14:18,Gerardo Mercier:65 | Jonathan Carvajal:25,
,CONFIRMAR_USO_HISTORICO_STOCK_LECTURAS,B5517,90,0,5,2025-08-21 12:52:58,2026-04-27 10:14:18,Gerardo Mercier:65 | Jonathan Carvajal:25,
,CONFIRMAR_USO_HISTORICO_STOCK_LECTURAS,D602003,90,1,2,2025-08-21 12:52:58,2026-04-27 10:14:19,Gerardo Mercier:65 | Jonathan Carvajal:25,
,CONFIRMAR_USO_HISTORICO_STOCK_LECTURAS,D602004,90,1,2,2025-08-21 12:52:58,2026-04-27 10:14:19,Gerardo Mercier:65 | Jonathan Carvajal:25,
,CONFIRMAR_USO_HISTORICO_STOCK_LECTURAS,D701053,90,0,8,2025-08-21 12:52:58,2026-04-27 10:14:19,Gerardo Mercier:65 | Jonathan Carvajal:25,
,CONFIRMAR_USO_HISTORICO_STOCK_LECTURAS,D705030,90,0,6,2025-08-21 12:52:58,2026-04-27 10:14:19,Gerardo Mercier:65 | Jonathan Carvajal:25,
,CONFIRMAR_USO_HISTORICO_STOCK_LECTURAS,D705031,90,1,7,2025-08-21 12:52:58,2026-04-27 10:14:19,Gerardo Mercier:65 | Jonathan Carvajal:25,
,CONFIRMAR_USO_HISTORICO_STOCK_LECTURAS,D807019,90,1,1,2025-08-21 12:52:58,2026-04-27 10:14:19,Gerardo Mercier:65 | Jonathan Carvajal:25,
,CONFIRMAR_USO_HISTORICO_STOCK_LECTURAS,D807067,90,1,7,2025-08-21 12:52:58,2026-04-27 10:14:19,Gerardo Mercier:65 | Jonathan Carvajal:25,
,CONFIRMAR_USO_HISTORICO_STOCK_LECTURAS,D901025,90,2,6,2025-08-21 12:52:58,2026-04-27 10:14:19,Gerardo Mercier:65 | Jonathan Carvajal:25,
,CONFIRMAR_USO_HISTORICO_STOCK_LECTURAS,D901026,90,1,4,2025-08-21 12:52:58,2026-04-27 10:14:19,Gerardo Mercier:65 | Jonathan Carvajal:25,
,CONFIRMAR_USO_HISTORICO_STOCK_LECTURAS,JUEGPLO106-D705040,90,1,1,2025-08-21 12:52:58,2026-04-27 10:14:21,Gerardo Mercier:65 | Jonathan Carvajal:25,
,CONFIRMAR_USO_HISTORICO_STOCK_LECTURAS,JUEGROL106,90,0,131,2025-08-27 13:34:22,2026-04-27 10:14:21,Gerardo Mercier:65 | Jonathan Carvajal:25,
,CONFIRMAR_USO_HISTORICO_STOCK_LECTURAS,JUEGROL23866,90,0,1020,2025-08-27 13:34:22,2026-04-27 10:14:21,Gerardo Mercier:65 | Jonathan Carvajal:25,
,CONFIRMAR_USO_HISTORICO_STOCK_LECTURAS,JUEGSH570,90,1,2,2025-09-03 13:47:22,2026-04-27 10:14:22,Gerardo Mercier:65 | Jonathan Carvajal:25,
,CONFIRMAR_USO_HISTORICO_STOCK_LECTURAS,ME1534,90,1,1,2025-09-02 08:54:59,2026-04-27 10:14:23,Gerardo Mercier:65 | Jonathan Carvajal:25,
,CONFIRMAR_USO_HISTORICO_STOCK_LECTURAS,PT-EV00284,90,1,2,2025-08-21 12:52:58,2026-04-27 10:14:23,Gerardo Mercier:65 | Jonathan Carvajal:25,
,CONFIRMAR_USO_HISTORICO_STOCK_LECTURAS,PUMAD1030-4,90,1,2,2025-09-02 08:54:58,2026-04-27 10:14:23,Gerardo Mercier:65 | Jonathan Carvajal:25,
,CONFIRMAR_USO_HISTORICO_STOCK_LECTURAS,PUMAD1031,90,0,2,2025-09-02 08:54:58,2026-04-27 10:14:23,Gerardo Mercier:65 | Jonathan Carvajal:25,
,CONFIRMAR_USO_HISTORICO_STOCK_LECTURAS,PUMAD3021-4,90,1,3,2025-09-02 08:54:58,2026-04-27 10:14:23,Gerardo Mercier:65 | Jonathan Carvajal:25,
,CONFIRMAR_USO_HISTORICO_STOCK_LECTURAS,PUMAD3050,90,1,1,2025-09-02 08:54:58,2026-04-27 10:14:23,Gerardo Mercier:65 | Jonathan Carvajal:25,
,CONFIRMAR_USO_HISTORICO_STOCK_LECTURAS,PUMAD3063,90,0,2,2025-09-02 08:54:58,2026-04-27 10:14:23,Gerardo Mercier:65 | Jonathan Carvajal:25,
,CONFIRMAR_USO_HISTORICO_STOCK_LECTURAS,PUMAD3064,90,1,4,2025-09-02 08:54:58,2026-04-27 10:14:23,Gerardo Mercier:65 | Jonathan Carvajal:25,
,CONFIRMAR_USO_HISTORICO_STOCK_LECTURAS,PUMAD3067,90,1,2,2025-09-02 08:54:58,2026-04-27 10:14:23,Gerardo Mercier:65 | Jonathan Carvajal:25,
,CONFIRMAR_USO_HISTORICO_STOCK_LECTURAS,PUMAD8727,90,1,2,2025-09-02 08:54:58,2026-04-27 10:14:23,Gerardo Mercier:65 | Jonathan Carvajal:25,
,CONFIRMAR_USO_HISTORICO_STOCK_LECTURAS,PUZZLE60,90,2,16,2025-09-02 08:54:58,2026-04-27 10:14:23,Gerardo Mercier:65 | Jonathan Carvajal:25,
,CONFIRMAR_USO_HISTORICO_STOCK_LECTURAS,T201012,90,1,4,2025-08-21 12:52:58,2026-04-27 10:14:24,Gerardo Mercier:65 | Jonathan Carvajal:25,
,CONFIRMAR_USO_HISTORICO_STOCK_LECTURAS,aa-6560,90,1,1,2025-08-21 12:52:58,2026-04-27 10:14:18,Gerardo Mercier:65 | Jonathan Carvajal:25,
,CONFIRMAR_USO_HISTORICO_STOCK_LECTURAS,c107018,90,1,1,2025-08-21 12:52:59,2026-04-27 10:14:18,Gerardo Mercier:65 | Jonathan Carvajal:25,
,CONFIRMAR_USO_HISTORICO_STOCK_LECTURAS,c110003,90,2,20,2025-08-21 12:52:59,2026-04-27 10:14:18,Gerardo Mercier:65 | Jonathan Carvajal:25,
,CONFIRMAR_USO_HISTORICO_STOCK_LECTURAS,c2124,90,0,7,2025-08-21 12:52:59,2026-04-27 10:14:18,Gerardo Mercier:65 | Jonathan Carvajal:25,
,CONFIRMAR_USO_HISTORICO_STOCK_LECTURAS,c404005,90,1,1,2025-08-21 12:52:58,2026-04-27 10:14:18,Gerardo Mercier:65 | Jonathan Carvajal:25,
,CONFIRMAR_USO_HISTORICO_STOCK_LECTURAS,d101020,90,1,3,2025-08-21 12:52:58,2026-04-27 10:14:18,Gerardo Mercier:65 | Jonathan Carvajal:25,
,CONFIRMAR_USO_HISTORICO_STOCK_LECTURAS,d101025,90,1,10,2025-08-21 12:52:58,2026-04-27 10:14:18,Gerardo Mercier:65 | Jonathan Carvajal:25,
,CONFIRMAR_USO_HISTORICO_STOCK_LECTURAS,d101034,90,1,1,2025-08-21 12:52:58,2026-04-27 10:14:18,Gerardo Mercier:65 | Jonathan Carvajal:25,
,CONFIRMAR_USO_HISTORICO_STOCK_LECTURAS,d102007,90,1,3,2025-08-21 12:52:59,2026-04-27 10:14:18,Gerardo Mercier:65 | Jonathan Carvajal:25,
,CONFIRMAR_USO_HISTORICO_STOCK_LECTURAS,d103002,90,1,4,2025-08-21 12:52:58,2026-04-27 10:14:18,Gerardo Mercier:65 | Jonathan Carvajal:25,
,CONFIRMAR_USO_HISTORICO_STOCK_LECTURAS,d106001,90,1,1,2025-08-21 12:52:58,2026-04-27 10:14:18,Gerardo Mercier:65 | Jonathan Carvajal:25,
,CONFIRMAR_USO_HISTORICO_STOCK_LECTURAS,d203005,90,1,2,2025-08-21 12:52:58,2026-04-27 10:14:19,Gerardo Mercier:65 | Jonathan Carvajal:25,
,CONFIRMAR_USO_HISTORICO_STOCK_LECTURAS,d203019,90,1,1,2025-08-21 12:52:58,2026-04-27 10:14:19,Gerardo Mercier:65 | Jonathan Carvajal:25,
,CONFIRMAR_USO_HISTORICO_STOCK_LECTURAS,d205006,90,1,2,2025-08-21 12:52:58,2026-04-27 10:14:19,Gerardo Mercier:65 | Jonathan Carvajal:25,
,CONFIRMAR_USO_HISTORICO_STOCK_LECTURAS,d207047,90,2,6,2025-08-21 12:52:59,2026-04-27 10:14:19,Gerardo Mercier:65 | Jonathan Carvajal:25,
,CONFIRMAR_USO_HISTORICO_STOCK_LECTURAS,d207071,90,1,3,2025-08-21 12:52:59,2026-04-27 10:14:19,Gerardo Mercier:65 | Jonathan Carvajal:25,
,CONFIRMAR_USO_HISTORICO_STOCK_LECTURAS,d207081,90,1,2,2025-08-21 12:52:58,2026-04-27 10:14:19,Gerardo Mercier:65 | Jonathan Carvajal:25,
,CONFIRMAR_USO_HISTORICO_STOCK_LECTURAS,d207085,90,1,5,2025-08-21 12:52:58,2026-04-27 10:14:19,Gerardo Mercier:65 | Jonathan Carvajal:25,
,CONFIRMAR_USO_HISTORICO_STOCK_LECTURAS,d207087,90,2,5,2025-08-21 12:52:58,2026-04-27 10:14:19,Gerardo Mercier:65 | Jonathan Carvajal:25,
,CONFIRMAR_USO_HISTORICO_STOCK_LECTURAS,d208001,90,1,3,2025-08-21 12:52:59,2026-04-27 10:14:19,Gerardo Mercier:65 | Jonathan Carvajal:25,
,CONFIRMAR_USO_HISTORICO_STOCK_LECTURAS,d302032,90,1,1,2025-08-21 12:52:58,2026-04-27 10:14:19,Gerardo Mercier:65 | Jonathan Carvajal:25,
,CONFIRMAR_USO_HISTORICO_STOCK_LECTURAS,d302033,90,1,3,2025-08-21 12:52:58,2026-04-27 10:14:19,Gerardo Mercier:65 | Jonathan Carvajal:25,
,CONFIRMAR_USO_HISTORICO_STOCK_LECTURAS,d302034,90,1,1,2025-08-21 12:52:58,2026-04-27 10:14:19,Gerardo Mercier:65 | Jonathan Carvajal:25,
,CONFIRMAR_USO_HISTORICO_STOCK_LECTURAS,d302038,90,1,5,2025-08-21 12:52:58,2026-04-27 10:14:19,Gerardo Mercier:65 | Jonathan Carvajal:25,
,CONFIRMAR_USO_HISTORICO_STOCK_LECTURAS,d302039,90,1,1,2025-08-21 12:52:58,2026-04-27 10:14:19,Gerardo Mercier:65 | Jonathan Carvajal:25,
,CONFIRMAR_USO_HISTORICO_STOCK_LECTURAS,d302040,90,1,2,2025-08-21 12:52:58,2026-04-27 10:14:19,Gerardo Mercier:65 | Jonathan Carvajal:25,
,CONFIRMAR_USO_HISTORICO_STOCK_LECTURAS,d302041,90,1,6,2025-08-21 12:52:58,2026-04-27 10:14:19,Gerardo Mercier:65 | Jonathan Carvajal:25,
,CONFIRMAR_USO_HISTORICO_STOCK_LECTURAS,d302043,90,1,3,2025-08-21 12:52:58,2026-04-27 10:14:19,Gerardo Mercier:65 | Jonathan Carvajal:25,
,CONFIRMAR_USO_HISTORICO_STOCK_LECTURAS,d302050,90,1,3,2025-08-21 12:52:58,2026-04-27 10:14:19,Gerardo Mercier:65 | Jonathan Carvajal:25,
,CONFIRMAR_USO_HISTORICO_STOCK_LECTURAS,d302059,90,0,1,2025-08-21 12:52:58,2026-04-27 10:14:19,Gerardo Mercier:65 | Jonathan Carvajal:25,
,CONFIRMAR_USO_HISTORICO_STOCK_LECTURAS,d306025,90,1,3,2025-08-21 12:52:58,2026-04-27 10:14:19,Gerardo Mercier:65 | Jonathan Carvajal:25,
,CONFIRMAR_USO_HISTORICO_STOCK_LECTURAS,d306027,90,1,2,2025-08-21 12:52:58,2026-04-27 10:14:19,Gerardo Mercier:65 | Jonathan Carvajal:25,
,CONFIRMAR_USO_HISTORICO_STOCK_LECTURAS,d450025,90,1,2,2025-08-21 12:52:59,2026-04-27 10:14:19,Gerardo Mercier:65 | Jonathan Carvajal:25,
,CONFIRMAR_USO_HISTORICO_STOCK_LECTURAS,d503006,90,1,2,2025-08-21 12:52:59,2026-04-27 10:14:19,Gerardo Mercier:65 | Jonathan Carvajal:25,
,CONFIRMAR_USO_HISTORICO_STOCK_LECTURAS,d503023,90,1,3,2025-08-21 12:52:59,2026-04-27 10:14:19,Gerardo Mercier:65 | Jonathan Carvajal:25,
,CONFIRMAR_USO_HISTORICO_STOCK_LECTURAS,d602015,90,1,1,2025-08-21 12:52:59,2026-04-27 10:14:19,Gerardo Mercier:65 | Jonathan Carvajal:25,
,CONFIRMAR_USO_HISTORICO_STOCK_LECTURAS,d705046,90,1,1,2025-08-21 12:52:58,2026-04-27 10:14:19,Gerardo Mercier:65 | Jonathan Carvajal:25,
,CONFIRMAR_USO_HISTORICO_STOCK_LECTURAS,d705049,90,1,2,2025-08-21 12:52:58,2026-04-27 10:14:19,Gerardo Mercier:65 | Jonathan Carvajal:25,
,CONFIRMAR_USO_HISTORICO_STOCK_LECTURAS,d705057,90,1,1,2025-08-21 12:52:58,2026-04-27 10:14:19,Gerardo Mercier:65 | Jonathan Carvajal:25,
,CONFIRMAR_USO_HISTORICO_STOCK_LECTURAS,d705061,90,1,2,2025-08-21 12:52:59,2026-04-27 10:14:19,Gerardo Mercier:65 | Jonathan Carvajal:25,
,CONFIRMAR_USO_HISTORICO_STOCK_LECTURAS,d707011,90,1,2,2025-08-21 12:52:58,2026-04-27 10:14:19,Gerardo Mercier:65 | Jonathan Carvajal:25,
,CONFIRMAR_USO_HISTORICO_STOCK_LECTURAS,d707022,90,1,4,2025-08-21 12:52:58,2026-04-27 10:14:19,Gerardo Mercier:65 | Jonathan Carvajal:25,
,CONFIRMAR_USO_HISTORICO_STOCK_LECTURAS,d707023,90,1,1,2025-08-21 12:52:58,2026-04-27 10:14:19,Gerardo Mercier:65 | Jonathan Carvajal:25,
,CONFIRMAR_USO_HISTORICO_STOCK_LECTURAS,d801008,90,1,2,2025-08-21 12:52:58,2026-04-27 10:14:19,Gerardo Mercier:65 | Jonathan Carvajal:25,
,CONFIRMAR_USO_HISTORICO_STOCK_LECTURAS,d805002,90,1,1,2025-08-21 12:52:58,2026-04-27 10:14:19,Gerardo Mercier:65 | Jonathan Carvajal:25,
,CONFIRMAR_USO_HISTORICO_STOCK_LECTURAS,d811005,90,0,4,2025-08-21 12:52:59,2026-04-27 10:14:19,Gerardo Mercier:65 | Jonathan Carvajal:25,
,CONFIRMAR_USO_HISTORICO_STOCK_LECTURAS,d811010,90,0,2,2025-08-21 12:52:59,2026-04-27 10:14:19,Gerardo Mercier:65 | Jonathan Carvajal:25,
,CONFIRMAR_USO_HISTORICO_STOCK_LECTURAS,d811012,90,1,4,2025-08-21 12:52:59,2026-04-27 10:14:19,Gerardo Mercier:65 | Jonathan Carvajal:25,
,CONFIRMAR_USO_HISTORICO_STOCK_LECTURAS,d811016,90,1,3,2025-08-21 12:52:59,2026-04-27 10:14:19,Gerardo Mercier:65 | Jonathan Carvajal:25,
,CONFIRMAR_USO_HISTORICO_STOCK_LECTURAS,d901011,90,1,1,2025-08-21 12:52:59,2026-04-27 10:14:19,Gerardo Mercier:65 | Jonathan Carvajal:25,
,CONFIRMAR_USO_HISTORICO_STOCK_LECTURAS,d901015,90,1,1,2025-08-21 12:52:58,2026-04-27 10:14:19,Gerardo Mercier:65 | Jonathan Carvajal:25,
,CONFIRMAR_USO_HISTORICO_STOCK_LECTURAS,d901018,90,1,3,2025-08-21 12:52:59,2026-04-27 10:14:19,Gerardo Mercier:65 | Jonathan Carvajal:25,
,CONFIRMAR_USO_HISTORICO_STOCK_LECTURAS,d901021,90,1,2,2025-08-21 12:52:59,2026-04-27 10:14:19,Gerardo Mercier:65 | Jonathan Carvajal:25,
,CONFIRMAR_USO_HISTORICO_STOCK_LECTURAS,d901035,90,0,2,2025-08-21 12:52:59,2026-04-27 10:14:19,Gerardo Mercier:65 | Jonathan Carvajal:25,
,CONFIRMAR_USO_HISTORICO_STOCK_LECTURAS,d901041,90,1,1,2025-08-21 12:52:59,2026-04-27 10:14:19,Gerardo Mercier:65 | Jonathan Carvajal:25,
,CONFIRMAR_USO_HISTORICO_STOCK_LECTURAS,d901043,90,1,1,2025-08-21 12:52:59,2026-04-27 10:14:19,Gerardo Mercier:65 | Jonathan Carvajal:25,
,CONFIRMAR_USO_HISTORICO_STOCK_LECTURAS,d905008,90,1,3,2025-08-21 12:52:58,2026-04-27 10:14:19,Gerardo Mercier:65 | Jonathan Carvajal:25,
,CONFIRMAR_USO_HISTORICO_STOCK_LECTURAS,d909007,90,1,1,2025-08-21 12:52:59,2026-04-27 10:14:19,Gerardo Mercier:65 | Jonathan Carvajal:25,
,CONFIRMAR_USO_HISTORICO_STOCK_LECTURAS,d909008,90,1,1,2025-08-21 12:52:58,2026-04-27 10:14:19,Gerardo Mercier:65 | Jonathan Carvajal:25,
,CONFIRMAR_USO_HISTORICO_STOCK_LECTURAS,f6420,90,1,1,2025-08-21 12:52:58,2026-04-27 10:14:20,Gerardo Mercier:65 | Jonathan Carvajal:25,
,CONFIRMAR_USO_HISTORICO_STOCK_LECTURAS,juegcai030,90,1,1,2025-09-04 08:57:51,2026-04-27 10:14:20,Gerardo Mercier:65 | Jonathan Carvajal:25,
,CONFIRMAR_USO_HISTORICO_STOCK_LECTURAS,jueggod005,90,1,2,2025-09-04 08:57:51,2026-04-27 10:14:20,Gerardo Mercier:65 | Jonathan Carvajal:25,
,CONFIRMAR_USO_HISTORICO_STOCK_LECTURAS,jueglea204,90,1,7,2025-09-04 08:57:51,2026-04-27 10:14:21,Gerardo Mercier:65 | Jonathan Carvajal:25,
,CONFIRMAR_USO_HISTORICO_STOCK_LECTURAS,juegson052,90,1,1,2025-09-04 08:57:51,2026-04-27 10:14:22,Gerardo Mercier:65 | Jonathan Carvajal:25,
,CONFIRMAR_USO_HISTORICO_STOCK_LECTURAS,juegson206,90,1,1,2025-09-04 08:57:51,2026-04-27 10:14:22,Gerardo Mercier:65 | Jonathan Carvajal:25,
,CONFIRMAR_USO_HISTORICO_STOCK_LECTURAS,juegusl216,90,1,3,2025-09-04 08:57:51,2026-04-27 10:14:22,Gerardo Mercier:65 | Jonathan Carvajal:25,
,CONFIRMAR_USO_HISTORICO_STOCK_LECTURAS,juegyin094,90,0,2,2025-09-04 08:57:51,2026-04-27 10:14:22,Gerardo Mercier:65 | Jonathan Carvajal:25,
,CONFIRMAR_USO_HISTORICO_STOCK_LECTURAS,juegyin139,90,1,1,2025-09-04 08:57:51,2026-04-27 10:14:22,Gerardo Mercier:65 | Jonathan Carvajal:25,
,CONFIRMAR_USO_HISTORICO_STOCK_LECTURAS,juegzhe140,90,1,1,2025-09-04 08:57:51,2026-04-27 10:14:22,Gerardo Mercier:65 | Jonathan Carvajal:25,
,CONFIRMAR_USO_HISTORICO_STOCK_LECTURAS,juegzhe311,90,1,1,2025-09-04 08:57:51,2026-04-27 10:14:23,Gerardo Mercier:65 | Jonathan Carvajal:25,
,CONFIRMAR_USO_HISTORICO_STOCK_LECTURAS,juegzhe332,90,1,1,2025-09-04 08:57:51,2026-04-27 10:14:23,Gerardo Mercier:65 | Jonathan Carvajal:25,
,CONFIRMAR_USO_HISTORICO_STOCK_LECTURAS,juegzhe333,90,0,1,2025-09-04 08:57:51,2026-04-27 10:14:23,Gerardo Mercier:65 | Jonathan Carvajal:25,
,CONFIRMAR_USO_HISTORICO_STOCK_LECTURAS,proyectorsensorygalax,90,0,200,2025-09-02 08:55:00,2026-04-27 10:14:23,Gerardo Mercier:65 | Jonathan Carvajal:25,
,CONFIRMAR_USO_HISTORICO_STOCK_LECTURAS,pt-ev00294,90,0,3,2025-08-21 12:52:59,2026-04-27 10:14:23,Gerardo Mercier:65 | Jonathan Carvajal:25,
,CONFIRMAR_USO_HISTORICO_STOCK_LECTURAS,pt-ev00522,90,1,6,2025-08-21 12:52:59,2026-04-27 10:14:23,Gerardo Mercier:65 | Jonathan Carvajal:25,
,CONFIRMAR_USO_HISTORICO_STOCK_LECTURAS,pt-ev00541,90,1,2,2025-08-21 12:52:59,2026-04-27 10:14:23,Gerardo Mercier:65 | Jonathan Carvajal:25,
,CONFIRMAR_USO_HISTORICO_STOCK_LECTURAS,pt-ev00552,90,1,2,2025-08-21 12:52:58,2026-04-27 10:14:23,Gerardo Mercier:65 | Jonathan Carvajal:25,
,CONFIRMAR_USO_HISTORICO_STOCK_LECTURAS,pt-ev00825,90,1,2,2025-08-21 12:52:59,2026-04-27 10:14:23,Gerardo Mercier:65 | Jonathan Carvajal:25,
,CONFIRMAR_USO_HISTORICO_STOCK_LECTURAS,t201092,90,1,2,2025-08-21 12:52:58,2026-04-27 10:14:24,Gerardo Mercier:65 | Jonathan Carvajal:25,
,CONFIRMAR_USO_HISTORICO_STOCK_LECTURAS,093-6,89,1,1,2025-09-02 08:54:59,2026-04-27 10:14:18,Gerardo Mercier:64 | Jonathan Carvajal:25,
,CONFIRMAR_USO_HISTORICO_STOCK_LECTURAS,310,89,1,2,2025-08-21 12:52:58,2026-04-27 10:14:18,Gerardo Mercier:64 | Jonathan Carvajal:25,
,CONFIRMAR_USO_HISTORICO_STOCK_LECTURAS,D701032,89,0,5,2025-09-02 08:54:59,2026-04-27 10:14:19,Gerardo Mercier:64 | Jonathan Carvajal:25,
,CONFIRMAR_USO_HISTORICO_STOCK_LECTURAS,D705071,89,1,2,2025-09-02 08:54:59,2026-04-27 10:14:19,Gerardo Mercier:64 | Jonathan Carvajal:25,
,CONFIRMAR_USO_HISTORICO_STOCK_LECTURAS,D901008,89,1,2,2025-09-02 08:54:59,2026-04-27 10:14:19,Gerardo Mercier:64 | Jonathan Carvajal:25,
,CONFIRMAR_USO_HISTORICO_STOCK_LECTURAS,D901046,89,1,2,2025-09-02 08:55:00,2026-04-27 10:14:19,Gerardo Mercier:64 | Jonathan Carvajal:25,
,CONFIRMAR_USO_HISTORICO_STOCK_LECTURAS,d601015,89,1,1,2025-09-02 08:54:59,2026-04-27 10:14:19,Gerardo Mercier:64 | Jonathan Carvajal:25,
,CONFIRMAR_USO_HISTORICO_STOCK_LECTURAS,d901029,89,1,2,2025-09-02 08:55:00,2026-04-27 10:14:19,Gerardo Mercier:64 | Jonathan Carvajal:25,
,CONFIRMAR_USO_HISTORICO_STOCK_LECTURAS,juegzhe125,89,2,4,2025-09-04 08:57:51,2026-04-27 10:14:22,Gerardo Mercier:64 | Jonathan Carvajal:25,
,CONFIRMAR_USO_HISTORICO_STOCK_LECTURAS,sticlon012,89,1,1,2025-09-02 08:54:59,2026-04-27 10:14:24,Gerardo Mercier:64 | Jonathan Carvajal:25,
,CONFIRMAR_USO_HISTORICO_STOCK_LECTURAS,JUEGROL20811,88,0,19,2025-08-27 13:34:21,2026-04-27 10:14:21,Gerardo Mercier:63 | Jonathan Carvajal:25,
,CONFIRMAR_USO_HISTORICO_STOCK_LECTURAS,ALFOMBRAFIBSENSORY,87,0,10,2025-09-08 09:07:15,2026-04-27 10:14:18,Gerardo Mercier:62 | Jonathan Carvajal:25,
,CONFIRMAR_USO_HISTORICO_STOCK_LECTURAS,JUEGROL107,87,0,24,2025-08-27 13:34:22,2026-04-27 10:14:21,Gerardo Mercier:62 | Jonathan Carvajal:25,
,CONFIRMAR_USO_HISTORICO_STOCK_LECTURAS,JUEGROLW10C529D,87,0,9,2025-08-27 13:34:23,2026-04-27 10:14:22,Gerardo Mercier:62 | Jonathan Carvajal:25,
,CONFIRMAR_USO_HISTORICO_STOCK_LECTURAS,MAY-SSENSORYCHANDELIER LIGHT,87,0,21,2025-09-08 09:07:15,2026-04-27 10:14:23,Gerardo Mercier:62 | Jonathan Carvajal:25,
,CONFIRMAR_USO_HISTORICO_STOCK_LECTURAS,PELOONY002,87,0,1,2025-09-25 10:44:48,2026-03-23 14:21:42,Gerardo Mercier:87,
,CONFIRMAR_USO_HISTORICO_STOCK_LECTURAS,JUEGROL1065,86,0,1,2025-08-27 13:34:23,2026-04-27 10:14:21,Gerardo Mercier:61 | Jonathan Carvajal:25,
,CONFIRMAR_USO_HISTORICO_STOCK_LECTURAS,JUEGSH651,86,0,3,2025-09-02 08:54:58,2026-04-27 10:14:22,Gerardo Mercier:61 | Jonathan Carvajal:25,
,CONFIRMAR_USO_HISTORICO_STOCK_LECTURAS,juegrol23077,86,2,33,2025-09-02 08:54:58,2026-03-23 14:14:27,Gerardo Mercier:86,
,CONFIRMAR_USO_HISTORICO_STOCK_LECTURAS,JUEGINT011,85,1,1,2025-09-24 08:59:26,2026-04-27 10:14:20,Gerardo Mercier:60 | Jonathan Carvajal:25,
,CONFIRMAR_USO_HISTORICO_STOCK_LECTURAS,JUEGJAIUNIFIX,85,1,16,2025-09-11 12:25:07,2026-04-27 10:14:21,Gerardo Mercier:60 | Jonathan Carvajal:25,
,CONFIRMAR_USO_HISTORICO_STOCK_LECTURAS,JUEGPLO187,85,1,2,2025-09-24 08:59:26,2026-04-27 10:14:21,Gerardo Mercier:60 | Jonathan Carvajal:25,
,CONFIRMAR_USO_HISTORICO_STOCK_LECTURAS,JUEGSON074,85,0,1,2025-09-24 08:59:26,2026-04-27 10:14:22,Gerardo Mercier:60 | Jonathan Carvajal:25,
,CONFIRMAR_USO_HISTORICO_STOCK_LECTURAS,juegbas387,85,1,1,2025-09-24 08:59:26,2026-04-27 10:14:20,Gerardo Mercier:60 | Jonathan Carvajal:25,
,CONFIRMAR_USO_HISTORICO_STOCK_LECTURAS,juegint071,85,1,1,2025-09-24 08:59:26,2026-04-27 10:14:20,Gerardo Mercier:60 | Jonathan Carvajal:25,
,CONFIRMAR_USO_HISTORICO_STOCK_LECTURAS,juegint075,85,1,1,2025-09-24 08:59:26,2026-04-27 10:14:20,Gerardo Mercier:60 | Jonathan Carvajal:25,
,CONFIRMAR_USO_HISTORICO_STOCK_LECTURAS,juegtea015-1,85,1,6,2025-09-24 08:59:26,2026-04-27 10:14:22,Gerardo Mercier:60 | Jonathan Carvajal:25,
,CONFIRMAR_USO_HISTORICO_STOCK_LECTURAS,juegtea040-1,85,1,1,2025-09-24 08:59:26,2026-04-27 10:14:22,Gerardo Mercier:60 | Jonathan Carvajal:25,
,CONFIRMAR_USO_HISTORICO_STOCK_LECTURAS,juegtea061,85,1,1,2025-09-24 08:59:26,2026-04-27 10:14:22,Gerardo Mercier:60 | Jonathan Carvajal:25,
,CONFIRMAR_USO_HISTORICO_STOCK_LECTURAS,ESQUANA003,84,0,1,2025-09-24 09:02:35,2026-04-27 10:14:20,Gerardo Mercier:59 | Jonathan Carvajal:25,
,CONFIRMAR_USO_HISTORICO_STOCK_LECTURAS,JUEGJAI125,84,1,9,2025-09-24 08:59:25,2026-04-27 10:14:20,Gerardo Mercier:59 | Jonathan Carvajal:25,
,CONFIRMAR_USO_HISTORICO_STOCK_LECTURAS,JUEGSH330,84,1,3,2025-09-24 08:59:25,2026-04-27 10:14:22,Gerardo Mercier:59 | Jonathan Carvajal:25,
,CONFIRMAR_USO_HISTORICO_STOCK_LECTURAS,d811022,84,1,8,2025-08-21 12:52:58,2026-04-27 10:14:19,Gerardo Mercier:59 | Jonathan Carvajal:25,
,CONFIRMAR_USO_HISTORICO_STOCK_LECTURAS,JUEGBHA030,83,1,1,2025-09-25 10:44:48,2026-04-27 10:14:20,Gerardo Mercier:58 | Jonathan Carvajal:25,
,CONFIRMAR_USO_HISTORICO_STOCK_LECTURAS,JUEGJAI384,83,1,2,2025-09-24 09:02:34,2026-04-27 10:14:21,Gerardo Mercier:58 | Jonathan Carvajal:25,
,CONFIRMAR_USO_HISTORICO_STOCK_LECTURAS,JUEGLEA101,83,1,2,2025-09-24 08:56:26,2026-04-27 10:14:21,Gerardo Mercier:58 | Jonathan Carvajal:25,
,CONFIRMAR_USO_HISTORICO_STOCK_LECTURAS,JUEGSH1404,83,1,1,2025-09-24 09:02:34,2026-04-27 10:14:22,Gerardo Mercier:58 | Jonathan Carvajal:25,
,CONFIRMAR_USO_HISTORICO_STOCK_LECTURAS,JUEGSH313,83,1,12,2025-09-24 09:02:34,2026-04-27 10:14:22,Gerardo Mercier:58 | Jonathan Carvajal:25,
,CONFIRMAR_USO_HISTORICO_STOCK_LECTURAS,JUEGSH629,83,1,2,2025-09-24 09:02:34,2026-04-27 10:14:22,Gerardo Mercier:58 | Jonathan Carvajal:25,
,CONFIRMAR_USO_HISTORICO_STOCK_LECTURAS,JUEGSH847,83,1,1,2025-09-24 09:02:34,2026-04-27 10:14:22,Gerardo Mercier:58 | Jonathan Carvajal:25,
,CONFIRMAR_USO_HISTORICO_STOCK_LECTURAS,4223,82,1,1,2025-09-24 08:59:24,2026-04-27 10:14:18,Gerardo Mercier:57 | Jonathan Carvajal:25,
,CONFIRMAR_USO_HISTORICO_STOCK_LECTURAS,A7924,82,0,4,2025-09-24 08:59:25,2026-04-27 10:14:18,Gerardo Mercier:57 | Jonathan Carvajal:25,
,CONFIRMAR_USO_HISTORICO_STOCK_LECTURAS,D203006,82,0,6,2025-09-24 08:59:25,2026-04-27 10:14:19,Gerardo Mercier:57 | Jonathan Carvajal:25,
,CONFIRMAR_USO_HISTORICO_STOCK_LECTURAS,D807030,82,0,3,2025-09-24 08:59:25,2026-04-27 10:14:19,Gerardo Mercier:57 | Jonathan Carvajal:25,
,CONFIRMAR_USO_HISTORICO_STOCK_LECTURAS,JUEGBHA002,82,0,2,2025-09-24 09:02:35,2026-03-23 14:21:42,Gerardo Mercier:82,
,CONFIRMAR_USO_HISTORICO_STOCK_LECTURAS,JUEGJAI330,82,1,12,2025-09-25 10:44:47,2026-04-27 10:14:21,Gerardo Mercier:57 | Jonathan Carvajal:25,
,CONFIRMAR_USO_HISTORICO_STOCK_LECTURAS,JUEGJUN002,82,0,2,2025-09-26 09:05:48,2026-04-27 10:14:21,Gerardo Mercier:57 | Jonathan Carvajal:25,
,CONFIRMAR_USO_HISTORICO_STOCK_LECTURAS,d705047,82,1,3,2025-08-21 12:52:58,2026-04-27 10:14:19,Gerardo Mercier:57 | Jonathan Carvajal:25,
,CONFIRMAR_USO_HISTORICO_STOCK_LECTURAS,1154550,81,1,6,2025-09-25 10:44:47,2026-04-27 10:14:18,Gerardo Mercier:56 | Jonathan Carvajal:25,
,CONFIRMAR_USO_HISTORICO_STOCK_LECTURAS,7508,81,1,2,2025-09-25 10:44:47,2026-04-27 10:14:18,Gerardo Mercier:56 | Jonathan Carvajal:25,
,CONFIRMAR_USO_HISTORICO_STOCK_LECTURAS,D805006,81,1,1,2025-09-24 09:02:34,2026-04-27 10:14:19,Gerardo Mercier:56 | Jonathan Carvajal:25,
,CONFIRMAR_USO_HISTORICO_STOCK_LECTURAS,JUEGLEA045,81,0,1,2025-09-29 08:58:04,2026-04-27 10:14:21,Gerardo Mercier:56 | Jonathan Carvajal:25,
,CONFIRMAR_USO_HISTORICO_STOCK_LECTURAS,JUEGPLAS20,81,0,1,2025-09-24 09:02:34,2026-04-27 10:14:21,Gerardo Mercier:56 | Jonathan Carvajal:25,
,CONFIRMAR_USO_HISTORICO_STOCK_LECTURAS,JUEGROL23114,81,0,60,2025-08-27 13:34:21,2026-04-27 10:14:21,Gerardo Mercier:60 | Jonathan Carvajal:21,
,CONFIRMAR_USO_HISTORICO_STOCK_LECTURAS,JUEGROL23911,81,0,39,2025-08-27 13:34:22,2026-04-27 10:14:21,Gerardo Mercier:56 | Jonathan Carvajal:25,
,CONFIRMAR_USO_HISTORICO_STOCK_LECTURAS,JUEGSH1125,81,0,13,2025-09-26 09:05:47,2026-04-27 10:14:22,Gerardo Mercier:56 | Jonathan Carvajal:25,
,CONFIRMAR_USO_HISTORICO_STOCK_LECTURAS,JUEGSH1214,81,1,1,2025-09-26 09:05:47,2026-04-27 10:14:22,Gerardo Mercier:56 | Jonathan Carvajal:25,
,CONFIRMAR_USO_HISTORICO_STOCK_LECTURAS,JUEGUSL078,81,0,4,2025-09-29 08:58:04,2026-04-27 10:14:22,Gerardo Mercier:56 | Jonathan Carvajal:25,
,CONFIRMAR_USO_HISTORICO_STOCK_LECTURAS,D301001,80,1,3,2025-08-21 12:52:58,2026-04-27 10:14:19,Gerardo Mercier:65 | Jonathan Carvajal:15,
,CONFIRMAR_USO_HISTORICO_STOCK_LECTURAS,D301017,80,6,10,2025-08-21 12:52:58,2026-04-27 10:14:19,Gerardo Mercier:65 | Jonathan Carvajal:15,
,CONFIRMAR_USO_HISTORICO_STOCK_LECTURAS,D301019,80,1,1,2025-08-21 12:52:58,2026-04-27 10:14:19,Gerardo Mercier:65 | Jonathan Carvajal:15,
,CONFIRMAR_USO_HISTORICO_STOCK_LECTURAS,D301020,80,1,1,2025-08-21 12:52:58,2026-04-27 10:14:19,Gerardo Mercier:65 | Jonathan Carvajal:15,
,CONFIRMAR_USO_HISTORICO_STOCK_LECTURAS,D301022,80,1,1,2025-08-21 12:52:58,2026-04-27 10:14:19,Gerardo Mercier:65 | Jonathan Carvajal:15,
,CONFIRMAR_USO_HISTORICO_STOCK_LECTURAS,D301024,80,1,2,2025-08-21 12:52:58,2026-04-27 10:14:19,Gerardo Mercier:65 | Jonathan Carvajal:15,
,CONFIRMAR_USO_HISTORICO_STOCK_LECTURAS,JUEGGRE017,80,0,1,2025-09-30 10:53:30,2026-04-27 10:14:20,Gerardo Mercier:55 | Jonathan Carvajal:25,
,CONFIRMAR_USO_HISTORICO_STOCK_LECTURAS,c705013,80,1,6,2025-08-21 12:52:58,2026-04-27 10:14:18,Gerardo Mercier:55 | Jonathan Carvajal:25,
,CONFIRMAR_USO_HISTORICO_STOCK_LECTURAS,d209006,80,1,3,2025-08-21 12:52:58,2026-04-27 10:14:19,Gerardo Mercier:55 | Jonathan Carvajal:25,
,CONFIRMAR_USO_HISTORICO_STOCK_LECTURAS,d230007,80,1,4,2025-09-02 08:54:59,2026-04-27 10:14:19,Gerardo Mercier:55 | Jonathan Carvajal:25,
,CONFIRMAR_USO_HISTORICO_STOCK_LECTURAS,d302005,80,1,6,2025-08-21 12:52:58,2026-04-27 10:14:19,Gerardo Mercier:55 | Jonathan Carvajal:25,
,CONFIRMAR_USO_HISTORICO_STOCK_LECTURAS,d302012,80,1,2,2025-08-21 12:52:58,2026-04-27 10:14:19,Gerardo Mercier:55 | Jonathan Carvajal:25,
,CONFIRMAR_USO_HISTORICO_STOCK_LECTURAS,d750001,80,1,10,2025-08-21 12:52:58,2026-04-27 10:14:19,Gerardo Mercier:55 | Jonathan Carvajal:25,
,CONFIRMAR_USO_HISTORICO_STOCK_LECTURAS,d801015,80,1,4,2025-08-21 12:52:58,2026-04-27 10:14:19,Gerardo Mercier:55 | Jonathan Carvajal:25,
,CONFIRMAR_USO_HISTORICO_STOCK_LECTURAS,d901012,80,1,84,2025-08-21 12:52:59,2026-04-27 10:14:19,Gerardo Mercier:55 | Jonathan Carvajal:25,
,CONFIRMAR_USO_HISTORICO_STOCK_LECTURAS,f6421,80,1,2,2025-08-21 12:52:59,2026-04-27 10:14:20,Gerardo Mercier:55 | Jonathan Carvajal:25,
,CONFIRMAR_USO_HISTORICO_STOCK_LECTURAS,juegjai367,80,1,13,2025-09-02 08:54:59,2026-04-27 10:14:21,Gerardo Mercier:55 | Jonathan Carvajal:25,
,CONFIRMAR_USO_HISTORICO_STOCK_LECTURAS,pt-ev00822,80,0,1,2025-08-21 12:52:59,2026-04-27 10:14:23,Gerardo Mercier:55 | Jonathan Carvajal:25,
,CONFIRMAR_USO_HISTORICO_STOCK_LECTURAS,310006315,79,1,1,2025-09-29 08:58:04,2026-04-27 10:14:18,Gerardo Mercier:54 | Jonathan Carvajal:25,
,CONFIRMAR_USO_HISTORICO_STOCK_LECTURAS,4230,79,1,1,2025-09-29 08:58:04,2026-04-27 10:14:18,Gerardo Mercier:54 | Jonathan Carvajal:25,
,CONFIRMAR_USO_HISTORICO_STOCK_LECTURAS,JUEGJAICHE,79,1,4,2025-09-30 10:53:29,2026-04-27 10:14:21,Gerardo Mercier:54 | Jonathan Carvajal:25,
,CONFIRMAR_USO_HISTORICO_STOCK_LECTURAS,d230009,79,0,3,2025-08-21 12:52:58,2026-04-27 10:14:19,Gerardo Mercier:54 | Jonathan Carvajal:25,
,CONFIRMAR_USO_HISTORICO_STOCK_LECTURAS,d303018,79,2,8,2025-08-21 12:52:59,2026-04-27 10:14:19,Gerardo Mercier:54 | Jonathan Carvajal:25,
,CONFIRMAR_USO_HISTORICO_STOCK_LECTURAS,jueggoc076,79,1,2,2025-09-03 13:47:22,2026-04-27 10:14:20,Gerardo Mercier:54 | Jonathan Carvajal:25,
,CONFIRMAR_USO_HISTORICO_STOCK_LECTURAS,jueglea359,79,2,5,2025-09-03 13:47:22,2026-04-27 10:14:21,Gerardo Mercier:54 | Jonathan Carvajal:25,
,CONFIRMAR_USO_HISTORICO_STOCK_LECTURAS,JUEGROL23831,78,0,33,2025-08-27 13:34:22,2026-03-23 14:14:27,Gerardo Mercier:78,
,CONFIRMAR_USO_HISTORICO_STOCK_LECTURAS,JUEGSH1799,78,2,4,2025-10-01 09:39:29,2026-04-27 10:14:22,Gerardo Mercier:53 | Jonathan Carvajal:25,
,CONFIRMAR_USO_HISTORICO_STOCK_LECTURAS,JUEGSON029,78,0,1,2025-10-02 10:07:30,2026-04-27 10:14:22,Gerardo Mercier:53 | Jonathan Carvajal:25,
,CONFIRMAR_USO_HISTORICO_STOCK_LECTURAS,JUEGSON030,78,0,1,2025-10-02 10:07:30,2026-04-27 10:14:22,Gerardo Mercier:53 | Jonathan Carvajal:25,
,CONFIRMAR_USO_HISTORICO_STOCK_LECTURAS,JUEGSON032,78,0,1,2025-10-02 10:07:30,2026-04-27 10:14:22,Gerardo Mercier:53 | Jonathan Carvajal:25,
,CONFIRMAR_USO_HISTORICO_STOCK_LECTURAS,JUEGSON034,78,0,4,2025-10-02 10:07:30,2026-04-27 10:14:22,Gerardo Mercier:53 | Jonathan Carvajal:25,
,CONFIRMAR_USO_HISTORICO_STOCK_LECTURAS,JUEGSON040,78,0,4,2025-10-02 10:07:30,2026-04-27 10:14:22,Gerardo Mercier:53 | Jonathan Carvajal:25,
,CONFIRMAR_USO_HISTORICO_STOCK_LECTURAS,JUEGSON041,78,0,3,2025-10-02 10:07:30,2026-04-27 10:14:22,Gerardo Mercier:53 | Jonathan Carvajal:25,
,CONFIRMAR_USO_HISTORICO_STOCK_LECTURAS,JUEGSON045,78,0,8,2025-10-02 10:07:30,2026-04-27 10:14:22,Gerardo Mercier:53 | Jonathan Carvajal:25,
,CONFIRMAR_USO_HISTORICO_STOCK_LECTURAS,JUEGSON046,78,0,3,2025-10-02 10:07:30,2026-04-27 10:14:22,Gerardo Mercier:53 | Jonathan Carvajal:25,
,CONFIRMAR_USO_HISTORICO_STOCK_LECTURAS,JUEGUSL172,78,0,1,2025-10-02 10:07:30,2026-04-27 10:14:22,Gerardo Mercier:53 | Jonathan Carvajal:25,
,CONFIRMAR_USO_HISTORICO_STOCK_LECTURAS,juegzhe034,78,1,3,2025-09-04 08:57:51,2026-04-27 10:14:22,Gerardo Mercier:53 | Jonathan Carvajal:25,
,CONFIRMAR_USO_HISTORICO_STOCK_LECTURAS,JUEGBAS308,77,0,8,2025-09-04 08:57:51,2026-04-27 10:14:20,Gerardo Mercier:65 | Jonathan Carvajal:12,
,CONFIRMAR_USO_HISTORICO_STOCK_LECTURAS,JUEGPLO006,77,0,4,2025-10-03 09:26:17,2026-04-27 10:14:21,Gerardo Mercier:52 | Jonathan Carvajal:25,
,CONFIRMAR_USO_HISTORICO_STOCK_LECTURAS,4203,76,1,1,2025-10-02 10:07:30,2026-04-27 10:14:18,Gerardo Mercier:51 | Jonathan Carvajal:25,
,CONFIRMAR_USO_HISTORICO_STOCK_LECTURAS,JUEGROL23090,76,0,805,2025-08-27 13:34:23,2026-03-23 14:14:28,Gerardo Mercier:76,
,CONFIRMAR_USO_HISTORICO_STOCK_LECTURAS,JUEGJAIPAL,75,1,4,2025-10-07 11:56:10,2026-04-27 10:14:21,Gerardo Mercier:50 | Jonathan Carvajal:25,
,CONFIRMAR_USO_HISTORICO_STOCK_LECTURAS,JUEGJAIPIR,75,1,26,2025-10-07 11:56:10,2026-04-27 10:14:21,Gerardo Mercier:50 | Jonathan Carvajal:25,
,CONFIRMAR_USO_HISTORICO_STOCK_LECTURAS,JUEGJAITCR,75,1,1,2025-10-07 11:56:10,2026-04-27 10:14:21,Gerardo Mercier:50 | Jonathan Carvajal:25,
,CONFIRMAR_USO_HISTORICO_STOCK_LECTURAS,JUEGLEA304,75,1,2,2025-09-03 13:47:22,2026-03-23 14:21:41,Gerardo Mercier:75,
,CONFIRMAR_USO_HISTORICO_STOCK_LECTURAS,JUEGROL23852,75,0,303,2025-08-27 13:34:21,2026-04-27 10:14:21,Gerardo Mercier:50 | Jonathan Carvajal:25,
,CONFIRMAR_USO_HISTORICO_STOCK_LECTURAS,LAPIHOL003,75,0,5,2025-10-08 08:59:31,2026-04-27 10:14:23,Gerardo Mercier:50 | Jonathan Carvajal:25,
,CONFIRMAR_USO_HISTORICO_STOCK_LECTURAS,JUEGBAS508,74,0,1,2025-09-03 13:47:22,2026-04-27 10:14:20,Gerardo Mercier:66 | Jonathan Carvajal:8,
,CONFIRMAR_USO_HISTORICO_STOCK_LECTURAS,JUEGLEA462,74,0,1,2025-09-24 09:02:35,2026-03-23 14:21:42,Gerardo Mercier:74,
,CONFIRMAR_USO_HISTORICO_STOCK_LECTURAS,JUEGROL23123-2,74,0,28,2025-08-27 13:34:22,2026-03-23 14:14:27,Gerardo Mercier:74,
,CONFIRMAR_USO_HISTORICO_STOCK_LECTURAS,JUEGZHE325,74,1,1,2025-10-09 14:23:06,2026-04-27 10:14:23,Gerardo Mercier:49 | Jonathan Carvajal:25,
,CONFIRMAR_USO_HISTORICO_STOCK_LECTURAS,PAPECHI003,74,1,1,2025-10-09 14:23:06,2026-04-27 10:14:23,Gerardo Mercier:49 | Jonathan Carvajal:25,
,CONFIRMAR_USO_HISTORICO_STOCK_LECTURAS,d230030,74,0,3,2025-08-21 12:52:58,2026-04-27 10:14:19,Gerardo Mercier:49 | Jonathan Carvajal:25,
,CONFIRMAR_USO_HISTORICO_STOCK_LECTURAS,jueginv052-1,74,2,23,2025-10-09 14:23:05,2026-04-27 10:14:20,Gerardo Mercier:49 | Jonathan Carvajal:25,
,CONFIRMAR_USO_HISTORICO_STOCK_LECTURAS,16901,73,1,5,2025-10-07 11:56:09,2026-04-27 10:14:18,Gerardo Mercier:48 | Jonathan Carvajal:25,
,CONFIRMAR_USO_HISTORICO_STOCK_LECTURAS,16976002,73,1,3,2025-10-13 12:29:27,2026-04-27 10:14:18,Gerardo Mercier:48 | Jonathan Carvajal:25,
,CONFIRMAR_USO_HISTORICO_STOCK_LECTURAS,24445,73,1,1,2025-10-08 08:59:31,2026-04-27 10:14:18,Gerardo Mercier:48 | Jonathan Carvajal:25,
,CONFIRMAR_USO_HISTORICO_STOCK_LECTURAS,D705050,73,1,2,2025-08-21 12:52:58,2026-03-23 14:16:43,Gerardo Mercier:73,
,CONFIRMAR_USO_HISTORICO_STOCK_LECTURAS,JUECL4299791-1,73,1,4,2025-11-27 09:58:16,2026-04-27 10:14:20,Gerardo Mercier:48 | Jonathan Carvajal:25,
,CONFIRMAR_USO_HISTORICO_STOCK_LECTURAS,JUEGSH762,73,0,24,2025-10-09 14:23:05,2026-04-27 10:14:22,Gerardo Mercier:48 | Jonathan Carvajal:25,
,CONFIRMAR_USO_HISTORICO_STOCK_LECTURAS,juegbas457,73,1,2,2025-09-24 08:56:25,2026-04-27 10:14:20,Gerardo Mercier:48 | Jonathan Carvajal:25,
,CONFIRMAR_USO_HISTORICO_STOCK_LECTURAS,pt-ev01153,73,0,6,2025-08-21 12:52:59,2026-04-27 10:14:23,Gerardo Mercier:48 | Jonathan Carvajal:25,
,CONFIRMAR_USO_HISTORICO_STOCK_LECTURAS,15569,72,0,3,2025-10-09 14:23:06,2026-04-27 10:14:18,Gerardo Mercier:47 | Jonathan Carvajal:25,
,CONFIRMAR_USO_HISTORICO_STOCK_LECTURAS,JUEGROL24066-A,72,0,16,2025-08-27 13:34:22,2026-01-14 08:58:59,Gerardo Mercier:72,
,CONFIRMAR_USO_HISTORICO_STOCK_LECTURAS,MLRUB36,72,0,11,2025-10-09 14:23:06,2026-04-27 10:14:23,Gerardo Mercier:47 | Jonathan Carvajal:25,
,CONFIRMAR_USO_HISTORICO_STOCK_LECTURAS,INSTTAL016,71,0,1,2025-10-15 08:50:33,2026-04-27 10:14:20,Gerardo Mercier:46 | Jonathan Carvajal:25,
,CONFIRMAR_USO_HISTORICO_STOCK_LECTURAS,JUEGGOC020,71,0,7,2025-10-15 08:50:33,2026-04-27 10:14:20,Gerardo Mercier:46 | Jonathan Carvajal:25,
,CONFIRMAR_USO_HISTORICO_STOCK_LECTURAS,JUEGSH387,71,1,8,2025-10-14 09:06:59,2026-04-27 10:14:22,Gerardo Mercier:46 | Jonathan Carvajal:25,
,CONFIRMAR_USO_HISTORICO_STOCK_LECTURAS,JIFARAPOP,70,1,3,2025-10-14 09:07:00,2026-04-27 10:14:20,Gerardo Mercier:45 | Jonathan Carvajal:25,
,CONFIRMAR_USO_HISTORICO_STOCK_LECTURAS,JUEGROL23847,70,0,157,2025-08-27 13:34:23,2026-03-23 14:14:28,Gerardo Mercier:70,
,CONFIRMAR_USO_HISTORICO_STOCK_LECTURAS,JUEGROL24403,70,0,11,2025-08-27 13:34:23,2026-03-23 14:14:26,Gerardo Mercier:70,
,CONFIRMAR_USO_HISTORICO_STOCK_LECTURAS,JUEGSH381,70,1,15,2025-09-02 08:54:58,2026-04-02 17:23:45,Gerardo Mercier:66 | Jonathan Carvajal:4,
,CONFIRMAR_USO_HISTORICO_STOCK_LECTURAS,MUNDT002,70,0,11,2025-08-21 12:57:50,2026-03-23 14:18:04,Gerardo Mercier:70,
,CONFIRMAR_USO_HISTORICO_STOCK_LECTURAS,MUNDT003,70,0,19,2025-08-21 12:57:50,2026-03-23 14:18:04,Gerardo Mercier:70,
,CONFIRMAR_USO_HISTORICO_STOCK_LECTURAS,MUNDT004,70,0,13,2025-08-21 12:57:50,2026-03-23 14:18:04,Gerardo Mercier:70,
,CONFIRMAR_USO_HISTORICO_STOCK_LECTURAS,MUNDT005,70,0,11,2025-08-21 12:57:49,2026-03-23 14:18:04,Gerardo Mercier:70,
,CONFIRMAR_USO_HISTORICO_STOCK_LECTURAS,MUNDT007,70,0,7,2025-08-21 12:57:49,2026-03-23 14:18:04,Gerardo Mercier:70,
,CONFIRMAR_USO_HISTORICO_STOCK_LECTURAS,MUNDT011,70,0,13,2025-08-21 12:57:49,2026-03-23 14:18:04,Gerardo Mercier:70,
,CONFIRMAR_USO_HISTORICO_STOCK_LECTURAS,MUNDT012,70,0,16,2025-08-21 12:57:49,2026-03-23 14:18:04,Gerardo Mercier:70,
,CONFIRMAR_USO_HISTORICO_STOCK_LECTURAS,MUNDT013,70,0,9,2025-08-21 12:57:49,2026-03-23 14:18:04,Gerardo Mercier:70,
,CONFIRMAR_USO_HISTORICO_STOCK_LECTURAS,MUNDT014,70,0,12,2025-08-21 12:57:49,2026-03-23 14:18:04,Gerardo Mercier:70,
,CONFIRMAR_USO_HISTORICO_STOCK_LECTURAS,MUNDT015,70,0,8,2025-08-21 12:57:49,2026-03-23 14:18:04,Gerardo Mercier:70,
,CONFIRMAR_USO_HISTORICO_STOCK_LECTURAS,MUNDT017,70,0,9,2025-08-21 12:57:49,2026-03-23 14:18:04,Gerardo Mercier:70,
,CONFIRMAR_USO_HISTORICO_STOCK_LECTURAS,MUNDT019,70,0,7,2025-08-21 12:57:49,2026-03-23 14:18:04,Gerardo Mercier:70,
,CONFIRMAR_USO_HISTORICO_STOCK_LECTURAS,MUNDT021,70,0,12,2025-08-21 12:57:49,2026-03-23 14:18:04,Gerardo Mercier:70,
,CONFIRMAR_USO_HISTORICO_STOCK_LECTURAS,MUNDT022,70,0,10,2025-08-21 12:57:49,2026-03-23 14:18:04,Gerardo Mercier:70,
,CONFIRMAR_USO_HISTORICO_STOCK_LECTURAS,MUNDT028,70,0,9,2025-08-21 12:57:50,2026-03-23 14:18:04,Gerardo Mercier:70,
,CONFIRMAR_USO_HISTORICO_STOCK_LECTURAS,MUNDT032,70,0,11,2025-08-21 12:57:49,2026-03-23 14:18:04,Gerardo Mercier:70,
,CONFIRMAR_USO_HISTORICO_STOCK_LECTURAS,MUNDT033,70,0,12,2025-08-21 12:57:49,2026-03-23 14:18:04,Gerardo Mercier:70,
,CONFIRMAR_USO_HISTORICO_STOCK_LECTURAS,MUNDT039,70,0,10,2025-08-21 12:57:49,2026-03-23 14:18:04,Gerardo Mercier:70,
,CONFIRMAR_USO_HISTORICO_STOCK_LECTURAS,MUNDT046,70,0,9,2025-08-21 12:57:49,2026-03-23 14:18:04,Gerardo Mercier:70,
,CONFIRMAR_USO_HISTORICO_STOCK_LECTURAS,MUNDT047,70,0,14,2025-08-21 12:57:49,2026-03-23 14:18:04,Gerardo Mercier:70,
,CONFIRMAR_USO_HISTORICO_STOCK_LECTURAS,MUNDT052,70,0,11,2025-08-21 12:57:50,2026-03-23 14:18:04,Gerardo Mercier:70,
,CONFIRMAR_USO_HISTORICO_STOCK_LECTURAS,MUNDT120,70,0,12,2025-08-21 12:57:49,2026-03-23 14:18:04,Gerardo Mercier:70,
,CONFIRMAR_USO_HISTORICO_STOCK_LECTURAS,juegrol0042,70,11,66,2025-08-27 13:36:10,2026-03-23 14:14:27,Gerardo Mercier:70,
,CONFIRMAR_USO_HISTORICO_STOCK_LECTURAS,juegrol0042b,70,0,17,2025-08-27 13:36:10,2026-03-23 14:14:26,Gerardo Mercier:70,
,CONFIRMAR_USO_HISTORICO_STOCK_LECTURAS,juegrol0042c,70,0,24,2025-08-27 13:36:10,2026-03-23 14:14:26,Gerardo Mercier:70,
,CONFIRMAR_USO_HISTORICO_STOCK_LECTURAS,juegrol23061,70,1,48,2025-08-27 13:36:10,2026-03-31 17:49:32,Gerardo Mercier:68 | Jonathan Carvajal:2,
,CONFIRMAR_USO_HISTORICO_STOCK_LECTURAS,juegrol23853,70,2,126,2025-08-27 13:36:10,2026-04-27 10:14:21,Gerardo Mercier:45 | Jonathan Carvajal:25,
,CONFIRMAR_USO_HISTORICO_STOCK_LECTURAS,JUEGINV007,69,0,1,2025-10-21 12:45:40,2026-04-27 10:14:20,Gerardo Mercier:44 | Jonathan Carvajal:25,
,CONFIRMAR_USO_HISTORICO_STOCK_LECTURAS,JUEGJAI327,69,1,8,2025-10-16 10:25:22,2026-04-27 10:14:21,Gerardo Mercier:44 | Jonathan Carvajal:25,
,CONFIRMAR_USO_HISTORICO_STOCK_LECTURAS,JUEGROL135,69,0,4,2025-08-27 13:34:21,2026-03-23 14:14:26,Gerardo Mercier:69,
,CONFIRMAR_USO_HISTORICO_STOCK_LECTURAS,JUEGROL20850,69,0,2,2025-08-27 13:34:23,2026-03-23 14:14:26,Gerardo Mercier:69,
,CONFIRMAR_USO_HISTORICO_STOCK_LECTURAS,JUEGROL212,69,0,423,2025-08-27 13:34:22,2026-03-23 14:14:28,Gerardo Mercier:69,
,CONFIRMAR_USO_HISTORICO_STOCK_LECTURAS,JUEGROL23055A,69,0,80,2025-08-27 13:34:23,2026-03-23 14:14:27,Gerardo Mercier:69,
,CONFIRMAR_USO_HISTORICO_STOCK_LECTURAS,JUEGROL23100,69,0,150,2025-08-27 13:34:23,2026-03-23 14:14:28,Gerardo Mercier:69,
,CONFIRMAR_USO_HISTORICO_STOCK_LECTURAS,JUEGROL23103,69,0,300,2025-08-27 13:34:22,2026-03-23 14:14:28,Gerardo Mercier:69,
,CONFIRMAR_USO_HISTORICO_STOCK_LECTURAS,JUEGROL23143,69,0,579,2025-08-27 13:34:22,2026-03-23 14:14:28,Gerardo Mercier:69,
,CONFIRMAR_USO_HISTORICO_STOCK_LECTURAS,JUEGROL23919,69,0,120,2025-08-27 13:34:21,2026-03-23 14:14:28,Gerardo Mercier:69,
,CONFIRMAR_USO_HISTORICO_STOCK_LECTURAS,JUEGROL23969-1,69,5,24,2025-10-21 12:45:37,2026-04-27 10:14:21,Gerardo Mercier:44 | Jonathan Carvajal:25,
,CONFIRMAR_USO_HISTORICO_STOCK_LECTURAS,JUEGROL24242-1,69,0,2019,2025-08-27 13:34:22,2026-03-23 14:14:28,Gerardo Mercier:69,
,CONFIRMAR_USO_HISTORICO_STOCK_LECTURAS,JUEGROL24261,69,0,65,2025-08-27 13:34:22,2026-03-23 14:14:27,Gerardo Mercier:69,
,CONFIRMAR_USO_HISTORICO_STOCK_LECTURAS,JUEGROL24308,69,0,60,2025-08-27 13:34:23,2026-03-23 14:14:27,Gerardo Mercier:69,
,CONFIRMAR_USO_HISTORICO_STOCK_LECTURAS,JUEGROL461,69,0,7,2025-08-27 13:34:22,2026-04-27 10:14:22,Gerardo Mercier:44 | Jonathan Carvajal:25,
,CONFIRMAR_USO_HISTORICO_STOCK_LECTURAS,MUNDT001,69,0,11,2025-08-21 12:57:50,2026-03-23 14:18:04,Gerardo Mercier:69,
,CONFIRMAR_USO_HISTORICO_STOCK_LECTURAS,MUNDT008,69,0,9,2025-08-21 12:57:49,2026-03-23 14:18:04,Gerardo Mercier:69,
,CONFIRMAR_USO_HISTORICO_STOCK_LECTURAS,MUNDT010,69,0,6,2025-08-21 12:57:50,2026-03-23 14:18:04,Gerardo Mercier:69,
,CONFIRMAR_USO_HISTORICO_STOCK_LECTURAS,MUNDT024,69,0,8,2025-08-21 12:57:49,2026-03-23 14:18:04,Gerardo Mercier:69,
,CONFIRMAR_USO_HISTORICO_STOCK_LECTURAS,MUNDT027,69,0,10,2025-08-21 12:57:49,2026-03-23 14:18:04,Gerardo Mercier:69,
,CONFIRMAR_USO_HISTORICO_STOCK_LECTURAS,MUNDT035,69,0,9,2025-08-21 12:57:49,2026-03-23 14:18:04,Gerardo Mercier:69,
,CONFIRMAR_USO_HISTORICO_STOCK_LECTURAS,MUNDT038,69,0,10,2025-08-21 12:57:50,2026-03-23 14:18:04,Gerardo Mercier:69,
,CONFIRMAR_USO_HISTORICO_STOCK_LECTURAS,MUNDT048,69,0,8,2025-08-21 12:57:50,2026-03-23 14:18:04,Gerardo Mercier:69,
,CONFIRMAR_USO_HISTORICO_STOCK_LECTURAS,MUNDT049,69,0,10,2025-08-21 12:57:49,2026-03-23 14:18:04,Gerardo Mercier:69,
,CONFIRMAR_USO_HISTORICO_STOCK_LECTURAS,MUNDT053,69,0,6,2025-08-21 12:57:49,2026-03-23 14:18:04,Gerardo Mercier:69,
,CONFIRMAR_USO_HISTORICO_STOCK_LECTURAS,MUNDT38,69,0,13,2025-08-21 12:57:49,2026-03-23 14:18:04,Gerardo Mercier:69,
,CONFIRMAR_USO_HISTORICO_STOCK_LECTURAS,PELOBRU010,69,0,5,2025-09-25 10:44:48,2026-04-13 11:02:03,Gerardo Mercier:58 | Jonathan Carvajal:11,
,CONFIRMAR_USO_HISTORICO_STOCK_LECTURAS,juegrol0042a,69,0,14,2025-08-27 13:36:10,2026-03-23 14:14:26,Gerardo Mercier:69,
,CONFIRMAR_USO_HISTORICO_STOCK_LECTURAS,juegrol0042d,69,0,18,2025-08-27 13:36:10,2026-03-23 14:14:26,Gerardo Mercier:69,
,CONFIRMAR_USO_HISTORICO_STOCK_LECTURAS,juegrol20810,69,4,35,2025-08-27 13:36:10,2026-03-23 14:14:27,Gerardo Mercier:69,
,CONFIRMAR_USO_HISTORICO_STOCK_LECTURAS,juegrol23846,69,5,156,2025-08-27 13:36:10,2026-03-23 14:14:28,Gerardo Mercier:69,
,CONFIRMAR_USO_HISTORICO_STOCK_LECTURAS,juegrol23917,69,1,293,2025-08-27 13:36:10,2026-03-23 14:14:28,Gerardo Mercier:69,
,CONFIRMAR_USO_HISTORICO_STOCK_LECTURAS,juegrol24227,69,1,19,2025-08-27 13:36:10,2026-03-23 14:14:27,Gerardo Mercier:69,
,CONFIRMAR_USO_HISTORICO_STOCK_LECTURAS,juegrol24404b,69,1,7,2025-08-27 13:36:10,2026-03-23 14:14:27,Gerardo Mercier:69,
,CONFIRMAR_USO_HISTORICO_STOCK_LECTURAS,D811003,68,0,4,2025-08-21 12:52:59,2026-03-23 14:16:44,Gerardo Mercier:68,
,CONFIRMAR_USO_HISTORICO_STOCK_LECTURAS,DEPGIMMED090,68,0,2,2025-10-16 10:25:23,2026-04-27 10:14:19,Gerardo Mercier:43 | Jonathan Carvajal:25,
,CONFIRMAR_USO_HISTORICO_STOCK_LECTURAS,DEPGIMMED095,68,0,2,2025-10-16 10:25:23,2026-04-27 10:14:19,Gerardo Mercier:43 | Jonathan Carvajal:25,
,CONFIRMAR_USO_HISTORICO_STOCK_LECTURAS,JUEGBAS270,68,0,1,2025-08-27 13:36:10,2026-03-23 14:21:44,Gerardo Mercier:68,
,CONFIRMAR_USO_HISTORICO_STOCK_LECTURAS,JUEGBAS316,68,0,4,2025-09-02 08:54:58,2026-03-23 14:21:43,Gerardo Mercier:68,
,CONFIRMAR_USO_HISTORICO_STOCK_LECTURAS,JUEGBAS321,68,4,5,2025-09-02 08:54:58,2026-03-23 14:21:43,Gerardo Mercier:68,
,CONFIRMAR_USO_HISTORICO_STOCK_LECTURAS,JUEGGOD001,68,3,3,2025-09-02 08:54:58,2026-03-23 14:21:43,Gerardo Mercier:68,
,CONFIRMAR_USO_HISTORICO_STOCK_LECTURAS,JUEGLEA043,68,0,2,2025-09-02 08:54:58,2026-03-23 14:21:43,Gerardo Mercier:68,
,CONFIRMAR_USO_HISTORICO_STOCK_LECTURAS,JUEGLEA139,68,3,7,2025-09-02 08:54:58,2026-03-23 14:21:43,Gerardo Mercier:68,
,CONFIRMAR_USO_HISTORICO_STOCK_LECTURAS,JUEGLEA140,68,0,3,2025-09-02 08:54:58,2026-03-23 14:21:43,Gerardo Mercier:68,
,CONFIRMAR_USO_HISTORICO_STOCK_LECTURAS,JUEGLEA161,68,0,1,2025-09-02 08:54:58,2026-03-23 14:21:43,Gerardo Mercier:68,
,CONFIRMAR_USO_HISTORICO_STOCK_LECTURAS,JUEGLEA299,68,1,1,2025-09-02 08:54:58,2026-03-23 14:21:43,Gerardo Mercier:68,
,CONFIRMAR_USO_HISTORICO_STOCK_LECTURAS,JUEGLEA314,68,1,1,2025-09-02 08:54:58,2026-03-23 14:21:43,Gerardo Mercier:68,
,CONFIRMAR_USO_HISTORICO_STOCK_LECTURAS,JUEGLEA348,68,0,7,2025-09-02 08:54:58,2026-03-23 14:21:43,Gerardo Mercier:68,
,CONFIRMAR_USO_HISTORICO_STOCK_LECTURAS,JUEGLEA349,68,0,3,2025-09-02 08:54:58,2026-03-23 14:21:43,Gerardo Mercier:68,
,CONFIRMAR_USO_HISTORICO_STOCK_LECTURAS,JUEGROL20801,68,0,21,2025-08-27 13:34:21,2026-03-23 14:14:27,Gerardo Mercier:68,
,CONFIRMAR_USO_HISTORICO_STOCK_LECTURAS,JUEGROL20803,68,0,2873,2025-08-27 13:34:21,2026-03-31 17:49:32,Gerardo Mercier:66 | Jonathan Carvajal:2,
,CONFIRMAR_USO_HISTORICO_STOCK_LECTURAS,JUEGROL212A,68,0,559,2025-08-27 13:34:22,2026-03-23 14:14:28,Gerardo Mercier:68,
,CONFIRMAR_USO_HISTORICO_STOCK_LECTURAS,JUEGROL23054G,68,0,274,2025-08-27 13:34:21,2026-03-23 14:14:28,Gerardo Mercier:68,
,CONFIRMAR_USO_HISTORICO_STOCK_LECTURAS,JUEGROL23094,68,0,577,2025-08-27 13:34:22,2026-04-27 10:14:21,Gerardo Mercier:43 | Jonathan Carvajal:25,
,CONFIRMAR_USO_HISTORICO_STOCK_LECTURAS,JUEGROL23099,68,0,394,2025-08-27 13:34:22,2026-03-23 14:14:26,Gerardo Mercier:68,
,CONFIRMAR_USO_HISTORICO_STOCK_LECTURAS,JUEGROL23109,68,0,294,2025-08-27 13:34:21,2026-04-27 10:14:21,Gerardo Mercier:43 | Jonathan Carvajal:25,
,CONFIRMAR_USO_HISTORICO_STOCK_LECTURAS,JUEGROL23113,68,0,274,2025-08-27 13:34:22,2026-03-23 14:14:28,Gerardo Mercier:68,
,CONFIRMAR_USO_HISTORICO_STOCK_LECTURAS,JUEGROL23118,68,0,10,2025-08-27 13:34:22,2026-04-27 10:14:21,Gerardo Mercier:43 | Jonathan Carvajal:25,
,CONFIRMAR_USO_HISTORICO_STOCK_LECTURAS,JUEGROL23131,68,0,100,2025-08-27 13:34:23,2026-03-23 14:14:28,Gerardo Mercier:68,
,CONFIRMAR_USO_HISTORICO_STOCK_LECTURAS,JUEGROL23835,68,0,261,2025-08-27 13:34:22,2026-04-27 10:14:21,Gerardo Mercier:43 | Jonathan Carvajal:25,
,CONFIRMAR_USO_HISTORICO_STOCK_LECTURAS,JUEGROL23838,68,0,4,2025-08-27 13:34:23,2026-03-23 14:14:27,Gerardo Mercier:68,
,CONFIRMAR_USO_HISTORICO_STOCK_LECTURAS,JUEGROL23843,68,0,10,2025-08-27 13:34:22,2026-04-27 10:14:21,Gerardo Mercier:43 | Jonathan Carvajal:25,
,CONFIRMAR_USO_HISTORICO_STOCK_LECTURAS,JUEGROL23865,68,0,39,2025-08-27 13:34:23,2026-04-27 10:14:21,Gerardo Mercier:43 | Jonathan Carvajal:25,
,CONFIRMAR_USO_HISTORICO_STOCK_LECTURAS,JUEGROL23913,68,0,4,2025-08-27 13:34:23,2026-03-23 14:14:26,Gerardo Mercier:68,
,CONFIRMAR_USO_HISTORICO_STOCK_LECTURAS,JUEGROL23969-4,68,0,118,2025-08-27 13:34:22,2026-03-23 14:14:27,Gerardo Mercier:68,
,CONFIRMAR_USO_HISTORICO_STOCK_LECTURAS,JUEGROL24203,68,0,220,2025-08-27 13:34:22,2026-03-23 14:14:27,Gerardo Mercier:68,
,CONFIRMAR_USO_HISTORICO_STOCK_LECTURAS,JUEGROL24204,68,0,104,2025-08-27 13:34:22,2026-04-27 10:14:21,Gerardo Mercier:43 | Jonathan Carvajal:25,
,CONFIRMAR_USO_HISTORICO_STOCK_LECTURAS,JUEGROL401,68,0,4,2025-08-27 13:34:22,2026-04-27 10:14:22,Gerardo Mercier:43 | Jonathan Carvajal:25,
,CONFIRMAR_USO_HISTORICO_STOCK_LECTURAS,JUEGROL459,68,0,10,2025-08-27 13:34:22,2026-04-27 10:14:22,Gerardo Mercier:43 | Jonathan Carvajal:25,
,CONFIRMAR_USO_HISTORICO_STOCK_LECTURAS,JUEGROL470,68,0,14,2025-08-27 13:34:21,2026-04-27 10:14:22,Gerardo Mercier:43 | Jonathan Carvajal:25,
,CONFIRMAR_USO_HISTORICO_STOCK_LECTURAS,JUEGROL471,68,0,1300,2025-08-27 13:34:23,2026-04-27 10:14:22,Gerardo Mercier:43 | Jonathan Carvajal:25,
,CONFIRMAR_USO_HISTORICO_STOCK_LECTURAS,JUEGROLW06A139,68,0,1,2025-08-27 13:34:21,2026-03-23 14:14:27,Gerardo Mercier:68,
,CONFIRMAR_USO_HISTORICO_STOCK_LECTURAS,MERSET,68,0,10,2025-10-16 10:25:23,2026-04-27 10:14:23,Gerardo Mercier:43 | Jonathan Carvajal:25,
,CONFIRMAR_USO_HISTORICO_STOCK_LECTURAS,MUNDT009,68,0,8,2025-08-21 12:57:49,2026-03-23 14:18:04,Gerardo Mercier:68,
,CONFIRMAR_USO_HISTORICO_STOCK_LECTURAS,MUNDT020,68,0,15,2025-08-21 12:57:49,2026-03-23 14:18:04,Gerardo Mercier:68,
,CONFIRMAR_USO_HISTORICO_STOCK_LECTURAS,MUNDT036,68,0,10,2025-08-21 12:57:49,2026-03-23 14:18:04,Gerardo Mercier:68,
,CONFIRMAR_USO_HISTORICO_STOCK_LECTURAS,MUNDT040,68,0,27,2025-08-21 12:57:49,2026-03-23 14:18:04,Gerardo Mercier:68,
,CONFIRMAR_USO_HISTORICO_STOCK_LECTURAS,MUNDT042,68,0,21,2025-08-21 12:57:49,2026-03-23 14:18:04,Gerardo Mercier:68,
,CONFIRMAR_USO_HISTORICO_STOCK_LECTURAS,MUNDT051,68,0,13,2025-08-21 12:57:49,2026-03-23 14:18:04,Gerardo Mercier:68,
,CONFIRMAR_USO_HISTORICO_STOCK_LECTURAS,MUNDT055,68,0,9,2025-08-21 12:57:49,2026-03-23 14:18:04,Gerardo Mercier:68,
,CONFIRMAR_USO_HISTORICO_STOCK_LECTURAS,MUNDT09,68,0,5,2025-08-21 12:57:49,2026-03-23 14:18:04,Gerardo Mercier:68,
,CONFIRMAR_USO_HISTORICO_STOCK_LECTURAS,MUNDT112,68,0,7,2025-08-21 12:57:49,2026-03-23 14:18:04,Gerardo Mercier:68,
,CONFIRMAR_USO_HISTORICO_STOCK_LECTURAS,juegrol23060,68,59,61,2025-08-27 13:36:10,2026-03-23 14:14:28,Gerardo Mercier:68,
,CONFIRMAR_USO_HISTORICO_STOCK_LECTURAS,juegrol23062,68,20,22,2025-08-27 13:36:10,2026-03-23 14:14:27,Gerardo Mercier:68,
,CONFIRMAR_USO_HISTORICO_STOCK_LECTURAS,juegrol23064,68,14,131,2025-08-27 13:36:10,2026-03-23 14:14:28,Gerardo Mercier:68,
,CONFIRMAR_USO_HISTORICO_STOCK_LECTURAS,juegrol23065,68,17,78,2025-08-27 13:36:10,2026-03-23 14:14:28,Gerardo Mercier:68,
,CONFIRMAR_USO_HISTORICO_STOCK_LECTURAS,juegrol23071,68,29,282,2025-08-27 13:36:10,2026-03-23 14:14:28,Gerardo Mercier:68,
,CONFIRMAR_USO_HISTORICO_STOCK_LECTURAS,juegrol23072,68,2,101,2025-09-02 08:55:00,2026-03-23 14:14:28,Gerardo Mercier:68,
,CONFIRMAR_USO_HISTORICO_STOCK_LECTURAS,juegrol23104,68,38,69,2025-08-27 13:36:10,2026-03-23 14:14:27,Gerardo Mercier:68,
,CONFIRMAR_USO_HISTORICO_STOCK_LECTURAS,juegrol23106,68,27,27,2025-08-27 13:36:10,2026-03-23 14:14:27,Gerardo Mercier:68,
,CONFIRMAR_USO_HISTORICO_STOCK_LECTURAS,juegrol23842,68,0,10,2025-08-27 13:36:10,2026-03-23 14:14:27,Gerardo Mercier:68,
,CONFIRMAR_USO_HISTORICO_STOCK_LECTURAS,juegrol23854,68,65,67,2025-08-27 13:36:10,2026-03-23 14:14:28,Gerardo Mercier:68,
,CONFIRMAR_USO_HISTORICO_STOCK_LECTURAS,juegrol24077,68,3,7,2025-08-27 13:36:10,2026-03-23 14:14:27,Gerardo Mercier:68,
,CONFIRMAR_USO_HISTORICO_STOCK_LECTURAS,juegrol24218,68,2,328,2025-08-27 13:36:10,2026-04-27 10:14:21,Gerardo Mercier:43 | Jonathan Carvajal:25,
,CONFIRMAR_USO_HISTORICO_STOCK_LECTURAS,juegrol24263,68,78,79,2025-08-27 13:36:10,2026-03-23 14:14:28,Gerardo Mercier:68,
,CONFIRMAR_USO_HISTORICO_STOCK_LECTURAS,juegrol24313,68,16,115,2025-08-27 13:36:10,2026-03-23 14:14:28,Gerardo Mercier:68,
,CONFIRMAR_USO_HISTORICO_STOCK_LECTURAS,juegrol356,68,3,3,2025-08-27 13:36:10,2026-03-23 14:14:27,Gerardo Mercier:68,
,CONFIRMAR_USO_HISTORICO_STOCK_LECTURAS,mundt023,68,3,9,2025-08-21 12:59:31,2026-04-27 10:14:23,Gerardo Mercier:43 | Jonathan Carvajal:25,
,CONFIRMAR_USO_HISTORICO_STOCK_LECTURAS,301135,67,1,1,2025-10-21 12:45:40,2026-04-27 10:14:18,Gerardo Mercier:42 | Jonathan Carvajal:25,
,CONFIRMAR_USO_HISTORICO_STOCK_LECTURAS,301301,67,1,2,2025-10-21 12:45:40,2026-04-27 10:14:18,Gerardo Mercier:42 | Jonathan Carvajal:25,
,CONFIRMAR_USO_HISTORICO_STOCK_LECTURAS,6962,67,1,1,2025-10-21 12:45:40,2026-04-27 10:14:18,Gerardo Mercier:42 | Jonathan Carvajal:25,
,CONFIRMAR_USO_HISTORICO_STOCK_LECTURAS,BHS-VV,67,2,38,2025-08-21 12:59:31,2026-03-23 14:26:22,Gerardo Mercier:67,
,CONFIRMAR_USO_HISTORICO_STOCK_LECTURAS,D230033,67,1,8,2025-10-21 12:45:38,2026-04-27 10:14:19,Gerardo Mercier:42 | Jonathan Carvajal:25,
,CONFIRMAR_USO_HISTORICO_STOCK_LECTURAS,JPREGUNTOSO,67,1,2,2025-08-21 12:59:31,2026-03-23 14:26:20,Gerardo Mercier:67,
,CONFIRMAR_USO_HISTORICO_STOCK_LECTURAS,JUEGBHA019,67,1,1,2025-09-02 08:55:00,2026-03-23 14:21:41,Gerardo Mercier:67,
,CONFIRMAR_USO_HISTORICO_STOCK_LECTURAS,JUEGSH555,67,0,7,2025-09-02 08:54:59,2026-03-23 14:19:48,Gerardo Mercier:67,
,CONFIRMAR_USO_HISTORICO_STOCK_LECTURAS,VMR,67,0,4,2025-08-21 12:59:31,2026-03-23 14:26:20,Gerardo Mercier:67,
,CONFIRMAR_USO_HISTORICO_STOCK_LECTURAS,VSL,67,2,2,2025-08-21 12:59:31,2026-03-23 14:26:21,Gerardo Mercier:67,
,CONFIRMAR_USO_HISTORICO_STOCK_LECTURAS,d803008,67,0,5,2025-08-21 12:52:58,2026-04-27 10:14:19,Gerardo Mercier:42 | Jonathan Carvajal:25,
,CONFIRMAR_USO_HISTORICO_STOCK_LECTURAS,juegrol23054c,67,0,1,2025-09-02 08:55:00,2026-03-23 14:14:26,Gerardo Mercier:67,
,CONFIRMAR_USO_HISTORICO_STOCK_LECTURAS,juegrol23840,67,24,41,2025-09-02 08:54:58,2026-03-23 14:14:27,Gerardo Mercier:67,
,CONFIRMAR_USO_HISTORICO_STOCK_LECTURAS,juegrol23847-2,67,0,76,2025-08-27 13:36:10,2026-03-11 12:13:53,Gerardo Mercier:67,
,CONFIRMAR_USO_HISTORICO_STOCK_LECTURAS,juegrol24064,67,505,509,2025-09-02 08:54:58,2026-03-23 14:14:28,Gerardo Mercier:67,
,CONFIRMAR_USO_HISTORICO_STOCK_LECTURAS,juegsh1020,67,0,2,2025-09-02 08:54:58,2026-03-23 14:19:47,Gerardo Mercier:67,
,CONFIRMAR_USO_HISTORICO_STOCK_LECTURAS,juegsh1483,67,1,8,2025-09-02 08:54:58,2026-03-23 14:19:47,Gerardo Mercier:67,
,CONFIRMAR_USO_HISTORICO_STOCK_LECTURAS,juegsh1724,67,2,5,2025-09-02 08:54:58,2026-03-23 14:19:47,Gerardo Mercier:67,
,CONFIRMAR_USO_HISTORICO_STOCK_LECTURAS,juegsh357,67,1,3,2025-09-02 08:54:59,2026-03-23 14:19:48,Gerardo Mercier:67,
,CONFIRMAR_USO_HISTORICO_STOCK_LECTURAS,juegsh894,67,1,3,2025-09-02 08:54:59,2026-03-23 14:19:48,Gerardo Mercier:67,
,CONFIRMAR_USO_HISTORICO_STOCK_LECTURAS,juegzhe005,67,4,6,2025-09-02 08:54:58,2026-03-23 14:21:42,Gerardo Mercier:67,
,CONFIRMAR_USO_HISTORICO_STOCK_LECTURAS,juegzhe324,67,2,2,2025-09-02 08:54:59,2026-03-23 14:21:42,Gerardo Mercier:67,
,CONFIRMAR_USO_HISTORICO_STOCK_LECTURAS,mundt025,67,1,10,2025-08-21 12:59:31,2026-04-27 10:14:23,Gerardo Mercier:42 | Jonathan Carvajal:25,
,CONFIRMAR_USO_HISTORICO_STOCK_LECTURAS,BB32001038SXV,66,1,2,2025-09-02 08:55:00,2026-03-23 14:26:21,Gerardo Mercier:66,
,CONFIRMAR_USO_HISTORICO_STOCK_LECTURAS,CORTINAFIBSENSORY,66,0,184,2025-09-02 08:55:00,2026-03-23 14:26:22,Gerardo Mercier:66,
,CONFIRMAR_USO_HISTORICO_STOCK_LECTURAS,D101036,66,0,2,2025-08-21 12:52:58,2026-03-23 14:16:43,Gerardo Mercier:66,
,CONFIRMAR_USO_HISTORICO_STOCK_LECTURAS,D207005,66,3,8,2025-08-21 12:52:59,2026-03-23 14:16:44,Gerardo Mercier:66,
,CONFIRMAR_USO_HISTORICO_STOCK_LECTURAS,D207011,66,1,8,2025-08-21 12:52:59,2026-03-23 14:16:44,Gerardo Mercier:66,
,CONFIRMAR_USO_HISTORICO_STOCK_LECTURAS,D207017,66,4,15,2025-08-21 12:52:59,2026-03-23 14:16:44,Gerardo Mercier:66,
,CONFIRMAR_USO_HISTORICO_STOCK_LECTURAS,D207034,66,2,8,2025-08-21 12:52:59,2026-03-23 14:16:44,Gerardo Mercier:66,
,CONFIRMAR_USO_HISTORICO_STOCK_LECTURAS,D207035,66,3,14,2025-08-21 12:52:59,2026-03-23 14:16:44,Gerardo Mercier:66,
,CONFIRMAR_USO_HISTORICO_STOCK_LECTURAS,D207036,66,0,15,2025-08-21 12:52:59,2026-03-23 14:16:44,Gerardo Mercier:66,
,CONFIRMAR_USO_HISTORICO_STOCK_LECTURAS,D207038,66,3,20,2025-08-21 12:52:59,2026-03-23 14:16:44,Gerardo Mercier:66,
,CONFIRMAR_USO_HISTORICO_STOCK_LECTURAS,D207041,66,0,4,2025-08-21 12:52:59,2026-03-23 14:16:44,Gerardo Mercier:66,
,CONFIRMAR_USO_HISTORICO_STOCK_LECTURAS,D207042,66,1,5,2025-08-21 12:52:59,2026-03-23 14:16:44,Gerardo Mercier:66,
,CONFIRMAR_USO_HISTORICO_STOCK_LECTURAS,D207052,66,1,7,2025-08-21 12:52:59,2026-03-23 14:16:44,Gerardo Mercier:66,
,CONFIRMAR_USO_HISTORICO_STOCK_LECTURAS,D503012,66,2,5,2025-08-21 12:52:58,2026-03-23 14:16:43,Gerardo Mercier:66,
,CONFIRMAR_USO_HISTORICO_STOCK_LECTURAS,DEPGIMBAL096,66,0,7,2025-09-24 08:56:25,2026-04-27 10:14:19,Gerardo Mercier:41 | Jonathan Carvajal:25,
,CONFIRMAR_USO_HISTORICO_STOCK_LECTURAS,JUEGBAS247,66,0,1,2025-09-03 13:47:22,2026-03-23 14:21:41,Gerardo Mercier:66,
,CONFIRMAR_USO_HISTORICO_STOCK_LECTURAS,JUEGBAS260,66,0,2,2025-09-03 13:47:22,2026-03-23 14:21:44,Gerardo Mercier:66,
,CONFIRMAR_USO_HISTORICO_STOCK_LECTURAS,JUEGBAS522,66,0,1,2025-09-03 13:47:22,2026-03-23 14:21:42,Gerardo Mercier:66,
,CONFIRMAR_USO_HISTORICO_STOCK_LECTURAS,JUEGBAS532,66,1,1,2025-09-03 13:47:22,2026-03-23 14:21:42,Gerardo Mercier:66,
,CONFIRMAR_USO_HISTORICO_STOCK_LECTURAS,JUEGBHA017,66,1,2,2025-09-03 13:47:22,2026-03-23 14:21:42,Gerardo Mercier:66,
,CONFIRMAR_USO_HISTORICO_STOCK_LECTURAS,JUEGCAI010,66,1,2,2025-09-03 13:47:22,2026-03-23 14:21:43,Gerardo Mercier:66,
,CONFIRMAR_USO_HISTORICO_STOCK_LECTURAS,JUEGCAI022,66,3,3,2025-09-03 13:47:22,2026-03-23 14:21:42,Gerardo Mercier:66,
,CONFIRMAR_USO_HISTORICO_STOCK_LECTURAS,JUEGCAI057,66,1,1,2025-09-03 13:47:22,2026-03-23 14:21:44,Gerardo Mercier:66,
,CONFIRMAR_USO_HISTORICO_STOCK_LECTURAS,JUEGGOD013,66,1,2,2025-09-03 13:47:22,2026-03-23 14:21:44,Gerardo Mercier:66,
,CONFIRMAR_USO_HISTORICO_STOCK_LECTURAS,JUEGGOD048,66,13,13,2025-09-03 13:47:22,2026-03-23 14:21:44,Gerardo Mercier:66,
,CONFIRMAR_USO_HISTORICO_STOCK_LECTURAS,JUEGGOD050,66,0,1,2025-09-03 13:47:22,2026-03-23 14:21:41,Gerardo Mercier:66,
,CONFIRMAR_USO_HISTORICO_STOCK_LECTURAS,JUEGH2M057,66,6,6,2025-09-03 13:47:22,2026-03-23 14:21:44,Gerardo Mercier:66,
,CONFIRMAR_USO_HISTORICO_STOCK_LECTURAS,JUEGJAI236,66,0,1,2025-09-02 08:54:59,2026-03-23 14:19:45,Gerardo Mercier:66,
,CONFIRMAR_USO_HISTORICO_STOCK_LECTURAS,JUEGJAI415,66,0,8,2025-09-02 08:54:59,2026-03-23 14:19:46,Gerardo Mercier:66,
,CONFIRMAR_USO_HISTORICO_STOCK_LECTURAS,JUEGJAI518,66,0,2,2025-09-02 08:54:58,2026-03-23 14:19:46,Gerardo Mercier:66,
,CONFIRMAR_USO_HISTORICO_STOCK_LECTURAS,JUEGJAI521,66,0,1,2025-09-02 08:54:58,2026-03-23 14:19:46,Gerardo Mercier:66,
,CONFIRMAR_USO_HISTORICO_STOCK_LECTURAS,JUEGJAIAAN,66,0,4,2025-10-29 09:50:35,2026-04-27 10:14:21,Gerardo Mercier:41 | Jonathan Carvajal:25,
,CONFIRMAR_USO_HISTORICO_STOCK_LECTURAS,JUEGJAIBH,66,1,7,2025-10-29 09:50:35,2026-04-27 10:14:21,Gerardo Mercier:41 | Jonathan Carvajal:25,
,CONFIRMAR_USO_HISTORICO_STOCK_LECTURAS,JUEGLEA163,66,1,1,2025-09-03 13:47:22,2026-03-23 14:21:43,Gerardo Mercier:66,
,CONFIRMAR_USO_HISTORICO_STOCK_LECTURAS,JUEGLEA192,66,2,2,2025-09-03 13:47:22,2026-03-23 14:21:41,Gerardo Mercier:66,
,CONFIRMAR_USO_HISTORICO_STOCK_LECTURAS,JUEGLEA205-1,66,1,1,2025-09-03 13:47:22,2026-03-23 14:21:41,Gerardo Mercier:66,
,CONFIRMAR_USO_HISTORICO_STOCK_LECTURAS,JUEGLEA215,66,0,4,2025-09-03 13:47:22,2026-03-23 14:21:42,Gerardo Mercier:66,
,CONFIRMAR_USO_HISTORICO_STOCK_LECTURAS,JUEGLEA284-B,66,2,2,2025-09-03 13:47:22,2026-03-23 14:21:42,Gerardo Mercier:66,
,CONFIRMAR_USO_HISTORICO_STOCK_LECTURAS,JUEGLEA383,66,1,1,2025-09-03 13:47:22,2026-03-23 14:21:42,Gerardo Mercier:66,
,CONFIRMAR_USO_HISTORICO_STOCK_LECTURAS,JUEGROL032,66,0,2,2025-08-27 13:34:21,2026-03-23 14:14:26,Gerardo Mercier:66,
,CONFIRMAR_USO_HISTORICO_STOCK_LECTURAS,JUEGROL034,66,0,36,2025-08-27 13:34:21,2026-03-23 14:14:27,Gerardo Mercier:66,
,CONFIRMAR_USO_HISTORICO_STOCK_LECTURAS,JUEGROL20807,66,0,3330,2025-08-27 13:34:21,2026-03-23 14:14:28,Gerardo Mercier:66,
,CONFIRMAR_USO_HISTORICO_STOCK_LECTURAS,JUEGROL23092,66,0,583,2025-08-27 13:34:22,2026-03-23 14:14:27,Gerardo Mercier:66,
,CONFIRMAR_USO_HISTORICO_STOCK_LECTURAS,JUEGROL23112,66,0,1465,2025-08-27 13:34:23,2026-03-23 14:14:28,Gerardo Mercier:66,
,CONFIRMAR_USO_HISTORICO_STOCK_LECTURAS,JUEGROL23122,66,0,28,2025-08-27 13:34:22,2026-04-27 10:14:21,Gerardo Mercier:41 | Jonathan Carvajal:25,
,CONFIRMAR_USO_HISTORICO_STOCK_LECTURAS,JUEGROL24066,66,0,243,2025-08-27 13:34:22,2026-04-27 10:14:21,Gerardo Mercier:41 | Jonathan Carvajal:25,
,CONFIRMAR_USO_HISTORICO_STOCK_LECTURAS,JUEGROL466,66,0,14,2025-08-27 13:34:22,2026-03-23 14:14:27,Gerardo Mercier:66,
,CONFIRMAR_USO_HISTORICO_STOCK_LECTURAS,JUEGROLGYM-10,66,0,3,2025-08-27 13:34:22,2026-03-23 14:14:26,Gerardo Mercier:66,
,CONFIRMAR_USO_HISTORICO_STOCK_LECTURAS,JUEGROLGYM-4,66,0,5,2025-08-27 13:34:21,2026-03-23 14:14:27,Gerardo Mercier:66,
,CONFIRMAR_USO_HISTORICO_STOCK_LECTURAS,JUEGROLW10C602,66,0,5,2025-08-27 13:34:22,2026-04-27 10:14:22,Gerardo Mercier:41 | Jonathan Carvajal:25,
,CONFIRMAR_USO_HISTORICO_STOCK_LECTURAS,JUEGSH103,66,0,2,2025-09-02 08:54:59,2026-03-23 14:19:47,Gerardo Mercier:66,
,CONFIRMAR_USO_HISTORICO_STOCK_LECTURAS,JUEGSH198,66,0,1,2025-09-02 08:54:58,2026-03-23 14:19:48,Gerardo Mercier:66,
,CONFIRMAR_USO_HISTORICO_STOCK_LECTURAS,JUEGSH268,66,0,2,2025-09-02 08:54:58,2026-03-23 14:19:48,Gerardo Mercier:66,
,CONFIRMAR_USO_HISTORICO_STOCK_LECTURAS,JUEGSH354,66,3,3,2025-09-02 08:54:58,2026-03-23 14:19:48,Gerardo Mercier:66,
,CONFIRMAR_USO_HISTORICO_STOCK_LECTURAS,JUEGSH729,66,0,1,2025-09-02 08:54:59,2026-03-23 14:19:48,Gerardo Mercier:66,
,CONFIRMAR_USO_HISTORICO_STOCK_LECTURAS,JUEGSH770,66,1,2,2025-09-03 13:47:21,2026-03-23 14:19:48,Gerardo Mercier:66,
,CONFIRMAR_USO_HISTORICO_STOCK_LECTURAS,JUEGSH804,66,2,6,2025-09-02 08:54:59,2026-03-23 14:19:48,Gerardo Mercier:66,
,CONFIRMAR_USO_HISTORICO_STOCK_LECTURAS,JUEGSH900,66,5,6,2025-09-02 08:54:58,2026-03-23 14:19:48,Gerardo Mercier:66,
,CONFIRMAR_USO_HISTORICO_STOCK_LECTURAS,JUEGTEA045,66,1,1,2025-09-03 13:47:22,2026-03-23 14:21:44,Gerardo Mercier:66,
,CONFIRMAR_USO_HISTORICO_STOCK_LECTURAS,JUEGTEA068,66,0,3,2025-09-03 13:47:22,2026-03-23 14:21:42,Gerardo Mercier:66,
,CONFIRMAR_USO_HISTORICO_STOCK_LECTURAS,JUEGTOM002,66,1,2,2025-09-03 13:47:22,2026-03-23 14:21:41,Gerardo Mercier:66,
,CONFIRMAR_USO_HISTORICO_STOCK_LECTURAS,JUEGTOY004,66,1,1,2025-09-03 13:47:22,2026-03-23 14:21:41,Gerardo Mercier:66,
,CONFIRMAR_USO_HISTORICO_STOCK_LECTURAS,JUEGXIN004,66,3,6,2025-09-03 13:47:22,2026-03-23 14:21:42,Gerardo Mercier:66,
,CONFIRMAR_USO_HISTORICO_STOCK_LECTURAS,JUEGXIN007,66,1,1,2025-09-03 13:47:22,2026-03-23 14:21:42,Gerardo Mercier:66,
,CONFIRMAR_USO_HISTORICO_STOCK_LECTURAS,JUEGXIN009,66,2,2,2025-09-03 13:47:22,2026-03-23 14:21:42,Gerardo Mercier:66,
,CONFIRMAR_USO_HISTORICO_STOCK_LECTURAS,JUEGYIN002,66,1,1,2025-09-03 13:47:22,2026-03-23 14:21:42,Gerardo Mercier:66,
,CONFIRMAR_USO_HISTORICO_STOCK_LECTURAS,JUEGYIN042,66,0,3,2025-09-03 13:47:22,2026-03-23 14:21:41,Gerardo Mercier:66,
,CONFIRMAR_USO_HISTORICO_STOCK_LECTURAS,JUEGYIN119,66,0,2,2025-09-03 13:47:22,2026-03-23 14:21:41,Gerardo Mercier:66,
,CONFIRMAR_USO_HISTORICO_STOCK_LECTURAS,JUEGZHE089,66,2,2,2025-09-03 13:47:22,2026-03-23 14:21:41,Gerardo Mercier:66,
,CONFIRMAR_USO_HISTORICO_STOCK_LECTURAS,JUEGZHE339,66,4,4,2025-09-03 13:47:22,2026-03-23 14:21:44,Gerardo Mercier:66,
,CONFIRMAR_USO_HISTORICO_STOCK_LECTURAS,JUEGZHE348,66,0,2,2025-09-03 13:47:22,2026-03-23 14:21:41,Gerardo Mercier:66,
,CONFIRMAR_USO_HISTORICO_STOCK_LECTURAS,JUEGZHE361,66,1,1,2025-09-03 13:47:22,2026-03-23 14:21:41,Gerardo Mercier:66,
,CONFIRMAR_USO_HISTORICO_STOCK_LECTURAS,MLHAAL2,66,22,22,2025-08-27 13:36:10,2026-03-23 14:26:22,Gerardo Mercier:66,
,CONFIRMAR_USO_HISTORICO_STOCK_LECTURAS,VIPTM24085-1,66,5,912,2025-09-24 08:56:24,2026-04-27 10:14:24,Gerardo Mercier:41 | Jonathan Carvajal:25,
,CONFIRMAR_USO_HISTORICO_STOCK_LECTURAS,d401006,66,0,1,2025-08-21 12:52:58,2026-04-27 10:14:19,Gerardo Mercier:41 | Jonathan Carvajal:25,
,CONFIRMAR_USO_HISTORICO_STOCK_LECTURAS,juegcai033,66,0,1,2025-09-03 13:47:22,2026-03-23 14:21:42,Gerardo Mercier:66,
,CONFIRMAR_USO_HISTORICO_STOCK_LECTURAS,juegjai111,66,4,24,2025-09-02 08:54:58,2026-03-23 14:19:45,Gerardo Mercier:66,
,CONFIRMAR_USO_HISTORICO_STOCK_LECTURAS,juegjai158,66,5,7,2025-09-02 08:54:59,2026-03-23 14:19:45,Gerardo Mercier:66,
,CONFIRMAR_USO_HISTORICO_STOCK_LECTURAS,juegjai261,66,4,4,2025-09-02 08:54:58,2026-03-23 14:19:45,Gerardo Mercier:66,
,CONFIRMAR_USO_HISTORICO_STOCK_LECTURAS,juegjai317,66,3,3,2025-09-02 08:54:58,2026-03-23 14:19:45,Gerardo Mercier:66,
,CONFIRMAR_USO_HISTORICO_STOCK_LECTURAS,juegjai321,66,4,10,2025-09-02 08:54:58,2026-03-23 14:19:45,Gerardo Mercier:66,
,CONFIRMAR_USO_HISTORICO_STOCK_LECTURAS,juegjai389,66,0,5,2025-09-02 08:54:59,2026-03-23 14:19:46,Gerardo Mercier:66,
,CONFIRMAR_USO_HISTORICO_STOCK_LECTURAS,juegjai408,66,3,3,2025-09-02 08:54:58,2026-03-23 14:19:46,Gerardo Mercier:66,
,CONFIRMAR_USO_HISTORICO_STOCK_LECTURAS,juegjai430,66,5,5,2025-09-02 08:54:59,2026-03-23 14:19:46,Gerardo Mercier:66,
,CONFIRMAR_USO_HISTORICO_STOCK_LECTURAS,juegjai534,66,3,9,2025-09-02 08:54:58,2026-03-23 14:19:46,Gerardo Mercier:66,
,CONFIRMAR_USO_HISTORICO_STOCK_LECTURAS,juegjai558,66,9,9,2025-09-02 08:54:58,2026-03-23 14:19:46,Gerardo Mercier:66,
,CONFIRMAR_USO_HISTORICO_STOCK_LECTURAS,juegrol23969-3,66,14,55,2025-08-27 13:36:10,2026-03-23 14:14:27,Gerardo Mercier:66,
,CONFIRMAR_USO_HISTORICO_STOCK_LECTURAS,juegrol24259,66,0,100,2025-08-27 13:36:10,2026-04-27 10:14:21,Gerardo Mercier:41 | Jonathan Carvajal:25,
,CONFIRMAR_USO_HISTORICO_STOCK_LECTURAS,juegrol24402,66,4,215,2025-08-27 13:36:10,2026-04-27 10:14:21,Gerardo Mercier:41 | Jonathan Carvajal:25,
,CONFIRMAR_USO_HISTORICO_STOCK_LECTURAS,juegsh004,66,1,2,2025-09-02 08:54:58,2026-03-23 14:19:47,Gerardo Mercier:66,
,CONFIRMAR_USO_HISTORICO_STOCK_LECTURAS,juegsh1105,66,0,3,2025-09-02 08:54:58,2026-03-23 14:19:47,Gerardo Mercier:66,
,CONFIRMAR_USO_HISTORICO_STOCK_LECTURAS,juegsh1189,66,2,4,2025-09-02 08:54:58,2026-03-23 14:19:47,Gerardo Mercier:66,
,CONFIRMAR_USO_HISTORICO_STOCK_LECTURAS,juegsh1514,66,2,2,2025-09-02 08:54:58,2026-03-23 14:19:47,Gerardo Mercier:66,
,CONFIRMAR_USO_HISTORICO_STOCK_LECTURAS,juegsh216,66,2,2,2025-09-02 08:54:59,2026-03-23 14:19:48,Gerardo Mercier:66,
,CONFIRMAR_USO_HISTORICO_STOCK_LECTURAS,juegsh281,66,3,12,2025-09-02 08:54:59,2026-03-23 14:19:48,Gerardo Mercier:66,
,CONFIRMAR_USO_HISTORICO_STOCK_LECTURAS,juegsh376,66,0,1,2025-09-02 08:54:58,2026-03-23 14:19:48,Gerardo Mercier:66,
,CONFIRMAR_USO_HISTORICO_STOCK_LECTURAS,juegsh403,66,2,2,2025-09-02 08:54:59,2026-03-23 14:19:48,Gerardo Mercier:66,
,CONFIRMAR_USO_HISTORICO_STOCK_LECTURAS,juegsh419,66,3,4,2025-09-02 08:54:58,2026-03-23 14:19:48,Gerardo Mercier:66,
,CONFIRMAR_USO_HISTORICO_STOCK_LECTURAS,juegsh670,66,2,3,2025-09-02 08:54:59,2026-03-23 14:19:48,Gerardo Mercier:66,
,CONFIRMAR_USO_HISTORICO_STOCK_LECTURAS,juegsh781,66,6,6,2025-09-02 08:54:58,2026-03-23 14:19:48,Gerardo Mercier:66,
,CONFIRMAR_USO_HISTORICO_STOCK_LECTURAS,juegsh902,66,1,2,2025-09-02 08:54:58,2026-03-23 14:19:48,Gerardo Mercier:66,
,CONFIRMAR_USO_HISTORICO_STOCK_LECTURAS,558-72,65,4,4,2025-08-21 12:52:58,2026-03-23 14:16:44,Gerardo Mercier:65,
,CONFIRMAR_USO_HISTORICO_STOCK_LECTURAS,A6984,65,1,2,2025-08-21 12:52:59,2026-03-23 14:26:21,Gerardo Mercier:65,
,CONFIRMAR_USO_HISTORICO_STOCK_LECTURAS,AA-5360,65,0,4,2025-08-21 12:52:57,2026-03-23 14:26:19,Gerardo Mercier:65,
,CONFIRMAR_USO_HISTORICO_STOCK_LECTURAS,ANSAL-12235,65,0,1,2025-08-21 12:52:59,2026-03-23 14:26:19,Gerardo Mercier:65,
,CONFIRMAR_USO_HISTORICO_STOCK_LECTURAS,BB32006787CE,65,0,3,2025-09-02 08:55:00,2026-03-23 14:26:19,Gerardo Mercier:65,
,CONFIRMAR_USO_HISTORICO_STOCK_LECTURAS,C101038,65,9,9,2025-08-21 12:52:58,2026-03-23 14:16:43,Gerardo Mercier:65,
,CONFIRMAR_USO_HISTORICO_STOCK_LECTURAS,C107020,65,3,22,2025-08-21 12:52:58,2026-03-23 14:16:43,Gerardo Mercier:65,
,CONFIRMAR_USO_HISTORICO_STOCK_LECTURAS,C108014,65,0,2,2025-08-21 12:52:58,2026-03-23 14:16:43,Gerardo Mercier:65,
,CONFIRMAR_USO_HISTORICO_STOCK_LECTURAS,C111002-1,65,1,1,2025-08-21 12:52:59,2026-03-23 14:16:44,Gerardo Mercier:65,
,CONFIRMAR_USO_HISTORICO_STOCK_LECTURAS,C204003,65,0,11,2025-08-21 12:52:58,2026-03-23 14:16:43,Gerardo Mercier:65,
,CONFIRMAR_USO_HISTORICO_STOCK_LECTURAS,CONO18CM,65,8,12,2025-09-02 08:55:00,2026-03-23 14:26:22,Gerardo Mercier:65,
,CONFIRMAR_USO_HISTORICO_STOCK_LECTURAS,D101027,65,1,4,2025-08-21 12:52:58,2026-03-23 14:16:43,Gerardo Mercier:65,
,CONFIRMAR_USO_HISTORICO_STOCK_LECTURAS,D101033,65,3,3,2025-08-21 12:52:58,2026-03-23 14:16:42,Gerardo Mercier:65,
,CONFIRMAR_USO_HISTORICO_STOCK_LECTURAS,D101044,65,1,1,2025-08-21 12:52:58,2026-03-23 14:16:42,Gerardo Mercier:65,
,CONFIRMAR_USO_HISTORICO_STOCK_LECTURAS,D101045,65,0,5,2025-08-21 12:52:58,2026-03-23 14:16:43,Gerardo Mercier:65,
,CONFIRMAR_USO_HISTORICO_STOCK_LECTURAS,D103003,65,2,2,2025-08-21 12:52:59,2026-03-23 14:16:44,Gerardo Mercier:65,
,CONFIRMAR_USO_HISTORICO_STOCK_LECTURAS,D201054,65,1,2,2025-08-21 12:52:58,2026-03-23 14:16:43,Gerardo Mercier:65,
,CONFIRMAR_USO_HISTORICO_STOCK_LECTURAS,D207003,65,1,4,2025-08-21 12:52:59,2026-03-23 14:16:44,Gerardo Mercier:65,
,CONFIRMAR_USO_HISTORICO_STOCK_LECTURAS,D207006,65,1,4,2025-08-21 12:52:59,2026-03-23 14:16:44,Gerardo Mercier:65,
,CONFIRMAR_USO_HISTORICO_STOCK_LECTURAS,D207007,65,4,5,2025-08-21 12:52:59,2026-03-23 14:16:44,Gerardo Mercier:65,
,CONFIRMAR_USO_HISTORICO_STOCK_LECTURAS,D207009,65,1,4,2025-08-21 12:52:59,2026-03-23 14:16:44,Gerardo Mercier:65,
,CONFIRMAR_USO_HISTORICO_STOCK_LECTURAS,D207013,65,0,6,2025-08-21 12:52:59,2026-03-23 14:16:44,Gerardo Mercier:65,
,CONFIRMAR_USO_HISTORICO_STOCK_LECTURAS,D207014,65,0,4,2025-08-21 12:52:59,2026-03-23 14:16:44,Gerardo Mercier:65,
,CONFIRMAR_USO_HISTORICO_STOCK_LECTURAS,D207015,65,0,4,2025-08-21 12:52:59,2026-03-23 14:16:44,Gerardo Mercier:65,
,CONFIRMAR_USO_HISTORICO_STOCK_LECTURAS,D207016,65,0,3,2025-08-21 12:52:59,2026-03-23 14:16:44,Gerardo Mercier:65,
,CONFIRMAR_USO_HISTORICO_STOCK_LECTURAS,D207018,65,0,4,2025-08-21 12:52:59,2026-03-23 14:16:44,Gerardo Mercier:65,
,CONFIRMAR_USO_HISTORICO_STOCK_LECTURAS,D207030,65,3,3,2025-08-21 12:52:58,2026-03-23 14:16:42,Gerardo Mercier:65,
,CONFIRMAR_USO_HISTORICO_STOCK_LECTURAS,D207044,65,1,4,2025-08-21 12:52:59,2026-03-23 14:16:44,Gerardo Mercier:65,
,CONFIRMAR_USO_HISTORICO_STOCK_LECTURAS,D207048,65,2,2,2025-08-21 12:52:58,2026-03-23 14:16:42,Gerardo Mercier:65,
,CONFIRMAR_USO_HISTORICO_STOCK_LECTURAS,D207049,65,1,2,2025-08-21 12:52:58,2026-03-23 14:16:42,Gerardo Mercier:65,
,CONFIRMAR_USO_HISTORICO_STOCK_LECTURAS,D207050,65,1,1,2025-08-21 12:52:58,2026-03-23 14:16:42,Gerardo Mercier:65,
,CONFIRMAR_USO_HISTORICO_STOCK_LECTURAS,D207053,65,1,7,2025-08-21 12:52:59,2026-03-23 14:16:44,Gerardo Mercier:65,
,CONFIRMAR_USO_HISTORICO_STOCK_LECTURAS,D207057,65,2,2,2025-08-21 12:52:59,2026-03-23 14:16:44,Gerardo Mercier:65,
,CONFIRMAR_USO_HISTORICO_STOCK_LECTURAS,D207058,65,1,1,2025-08-21 12:52:59,2026-03-23 14:16:44,Gerardo Mercier:65,
,CONFIRMAR_USO_HISTORICO_STOCK_LECTURAS,D207059,65,2,3,2025-08-21 12:52:59,2026-03-23 14:16:44,Gerardo Mercier:65,
,CONFIRMAR_USO_HISTORICO_STOCK_LECTURAS,D207066,65,1,4,2025-08-21 12:52:59,2026-03-23 14:16:44,Gerardo Mercier:65,
,CONFIRMAR_USO_HISTORICO_STOCK_LECTURAS,D207067,65,2,2,2025-08-21 12:52:59,2026-03-23 14:16:44,Gerardo Mercier:65,
,CONFIRMAR_USO_HISTORICO_STOCK_LECTURAS,D207070,65,0,5,2025-08-21 12:52:59,2026-03-23 14:16:44,Gerardo Mercier:65,
,CONFIRMAR_USO_HISTORICO_STOCK_LECTURAS,D207088,65,0,2,2025-08-21 12:52:59,2026-03-23 14:16:44,Gerardo Mercier:65,
,CONFIRMAR_USO_HISTORICO_STOCK_LECTURAS,D207090,65,1,1,2025-08-21 12:52:59,2026-03-23 14:16:44,Gerardo Mercier:65,
,CONFIRMAR_USO_HISTORICO_STOCK_LECTURAS,D209012,65,1,1,2025-08-21 12:52:58,2026-03-23 14:16:43,Gerardo Mercier:65,
,CONFIRMAR_USO_HISTORICO_STOCK_LECTURAS,D209018,65,1,4,2025-08-21 12:52:58,2026-03-23 14:16:42,Gerardo Mercier:65,
,CONFIRMAR_USO_HISTORICO_STOCK_LECTURAS,D230002,65,1,1,2025-08-21 12:52:58,2026-03-23 14:16:44,Gerardo Mercier:65,
,CONFIRMAR_USO_HISTORICO_STOCK_LECTURAS,D230024,65,3,4,2025-08-21 12:52:58,2026-03-23 14:16:42,Gerardo Mercier:65,
,CONFIRMAR_USO_HISTORICO_STOCK_LECTURAS,D301026,65,1,1,2025-08-21 12:52:58,2026-03-23 14:16:43,Gerardo Mercier:65,
,CONFIRMAR_USO_HISTORICO_STOCK_LECTURAS,D304009,65,1,1,2025-08-21 12:52:59,2026-03-23 14:16:44,Gerardo Mercier:65,
,CONFIRMAR_USO_HISTORICO_STOCK_LECTURAS,D306022,65,5,5,2025-08-21 12:52:57,2026-03-23 14:16:42,Gerardo Mercier:65,
,CONFIRMAR_USO_HISTORICO_STOCK_LECTURAS,D402002,65,0,2,2025-08-21 12:52:58,2026-03-23 14:16:42,Gerardo Mercier:65,
,CONFIRMAR_USO_HISTORICO_STOCK_LECTURAS,D402004,65,1,2,2025-08-21 12:52:58,2026-03-23 14:16:43,Gerardo Mercier:65,
,CONFIRMAR_USO_HISTORICO_STOCK_LECTURAS,D501009,65,0,2,2025-08-21 12:52:58,2026-03-23 14:16:43,Gerardo Mercier:65,
,CONFIRMAR_USO_HISTORICO_STOCK_LECTURAS,D503004,65,0,3,2025-08-21 12:52:58,2026-03-23 14:16:43,Gerardo Mercier:65,
,CONFIRMAR_USO_HISTORICO_STOCK_LECTURAS,D503005,65,1,1,2025-08-21 12:52:58,2026-03-23 14:16:43,Gerardo Mercier:65,
,CONFIRMAR_USO_HISTORICO_STOCK_LECTURAS,D508002,65,2,3,2025-08-21 12:52:58,2026-03-23 14:16:42,Gerardo Mercier:65,
,CONFIRMAR_USO_HISTORICO_STOCK_LECTURAS,D701021,65,2,2,2025-08-21 12:52:58,2026-03-23 14:16:43,Gerardo Mercier:65,
,CONFIRMAR_USO_HISTORICO_STOCK_LECTURAS,D701026,65,1,3,2025-08-21 12:52:58,2026-03-23 14:16:42,Gerardo Mercier:65,
,CONFIRMAR_USO_HISTORICO_STOCK_LECTURAS,D701028,65,2,7,2025-08-21 12:52:58,2026-03-23 14:16:43,Gerardo Mercier:65,
,CONFIRMAR_USO_HISTORICO_STOCK_LECTURAS,D701033,65,0,4,2025-08-21 12:52:58,2026-03-23 14:16:42,Gerardo Mercier:65,
,CONFIRMAR_USO_HISTORICO_STOCK_LECTURAS,D701035,65,4,7,2025-08-21 12:52:58,2026-03-23 14:16:42,Gerardo Mercier:65,
,CONFIRMAR_USO_HISTORICO_STOCK_LECTURAS,D701036,65,1,2,2025-08-21 12:52:58,2026-03-23 14:16:42,Gerardo Mercier:65,
,CONFIRMAR_USO_HISTORICO_STOCK_LECTURAS,D701037,65,1,8,2025-08-21 12:52:58,2026-03-23 14:16:42,Gerardo Mercier:65,
,CONFIRMAR_USO_HISTORICO_STOCK_LECTURAS,D701045,65,1,5,2025-08-21 12:52:58,2026-03-23 14:16:42,Gerardo Mercier:65,
,CONFIRMAR_USO_HISTORICO_STOCK_LECTURAS,D701047,65,0,2,2025-08-21 12:52:58,2026-03-23 14:16:42,Gerardo Mercier:65,
,CONFIRMAR_USO_HISTORICO_STOCK_LECTURAS,D701054,65,1,1,2025-08-21 12:52:58,2026-03-23 14:16:42,Gerardo Mercier:65,
,CONFIRMAR_USO_HISTORICO_STOCK_LECTURAS,D701055,65,2,2,2025-08-21 12:52:58,2026-03-23 14:16:42,Gerardo Mercier:65,
,CONFIRMAR_USO_HISTORICO_STOCK_LECTURAS,D701056,65,1,1,2025-08-21 12:52:58,2026-03-23 14:16:42,Gerardo Mercier:65,
,CONFIRMAR_USO_HISTORICO_STOCK_LECTURAS,D701059,65,0,3,2025-08-21 12:52:58,2026-03-23 14:16:42,Gerardo Mercier:65,
,CONFIRMAR_USO_HISTORICO_STOCK_LECTURAS,D703007,65,2,2,2025-08-21 12:52:58,2026-03-23 14:16:42,Gerardo Mercier:65,
,CONFIRMAR_USO_HISTORICO_STOCK_LECTURAS,D703012,65,3,4,2025-08-21 12:52:58,2026-03-23 14:16:42,Gerardo Mercier:65,
,CONFIRMAR_USO_HISTORICO_STOCK_LECTURAS,D705009,65,2,2,2025-08-21 12:52:58,2026-03-23 14:16:43,Gerardo Mercier:65,
,CONFIRMAR_USO_HISTORICO_STOCK_LECTURAS,D705010,65,3,3,2025-08-21 12:52:58,2026-03-23 14:16:43,Gerardo Mercier:65,
,CONFIRMAR_USO_HISTORICO_STOCK_LECTURAS,D705038,65,0,2,2025-08-21 12:52:58,2026-03-23 14:16:42,Gerardo Mercier:65,
,CONFIRMAR_USO_HISTORICO_STOCK_LECTURAS,D705045,65,0,1,2025-08-21 12:52:58,2026-03-23 14:16:43,Gerardo Mercier:65,
,CONFIRMAR_USO_HISTORICO_STOCK_LECTURAS,D707024,65,2,2,2025-08-21 12:52:58,2026-03-23 14:16:43,Gerardo Mercier:65,
,CONFIRMAR_USO_HISTORICO_STOCK_LECTURAS,D708007,65,2,2,2025-08-21 12:52:58,2026-03-23 14:16:43,Gerardo Mercier:65,
,CONFIRMAR_USO_HISTORICO_STOCK_LECTURAS,D750005,65,3,5,2025-08-21 12:52:57,2026-03-23 14:16:42,Gerardo Mercier:65,
,CONFIRMAR_USO_HISTORICO_STOCK_LECTURAS,D750006,65,1,7,2025-08-21 12:52:57,2026-03-23 14:16:42,Gerardo Mercier:65,
,CONFIRMAR_USO_HISTORICO_STOCK_LECTURAS,D750011,65,0,5,2025-08-21 12:52:59,2026-03-23 14:16:44,Gerardo Mercier:65,
,CONFIRMAR_USO_HISTORICO_STOCK_LECTURAS,D780003,65,3,3,2025-08-21 12:52:58,2026-03-23 14:16:42,Gerardo Mercier:65,
,CONFIRMAR_USO_HISTORICO_STOCK_LECTURAS,D803011,65,0,17,2025-09-02 08:55:00,2026-03-23 14:16:44,Gerardo Mercier:65,
,CONFIRMAR_USO_HISTORICO_STOCK_LECTURAS,D803021,65,1,4,2025-09-02 08:55:00,2026-03-23 14:16:44,Gerardo Mercier:65,
,CONFIRMAR_USO_HISTORICO_STOCK_LECTURAS,D811004,65,1,3,2025-08-21 12:52:59,2026-03-23 14:16:43,Gerardo Mercier:65,
,CONFIRMAR_USO_HISTORICO_STOCK_LECTURAS,D880002,65,1,3,2025-08-21 12:52:59,2026-03-23 14:16:44,Gerardo Mercier:65,
,CONFIRMAR_USO_HISTORICO_STOCK_LECTURAS,D880003,65,0,4,2025-08-21 12:52:59,2026-03-23 14:16:44,Gerardo Mercier:65,
,CONFIRMAR_USO_HISTORICO_STOCK_LECTURAS,D880005,65,1,1,2025-08-21 12:52:58,2026-03-23 14:16:42,Gerardo Mercier:65,
,CONFIRMAR_USO_HISTORICO_STOCK_LECTURAS,D880007,65,1,9,2025-08-21 12:52:59,2026-03-23 14:16:44,Gerardo Mercier:65,
,CONFIRMAR_USO_HISTORICO_STOCK_LECTURAS,DASEWINGW001,65,1,2,2025-08-21 12:52:58,2026-03-23 14:16:43,Gerardo Mercier:65,
,CONFIRMAR_USO_HISTORICO_STOCK_LECTURAS,DBP076,65,1,5,2025-10-29 09:50:36,2026-04-27 10:14:19,Gerardo Mercier:40 | Jonathan Carvajal:25,
,CONFIRMAR_USO_HISTORICO_STOCK_LECTURAS,DEPFITRUE001,65,1,2,2025-10-29 09:50:36,2026-04-27 10:14:19,Gerardo Mercier:40 | Jonathan Carvajal:25,
,CONFIRMAR_USO_HISTORICO_STOCK_LECTURAS,E0884,65,1,4,2025-08-21 12:52:57,2026-03-23 14:16:42,Gerardo Mercier:65,
,CONFIRMAR_USO_HISTORICO_STOCK_LECTURAS,EA-1256438P,65,1,1,2025-09-02 08:55:00,2026-03-23 14:26:20,Gerardo Mercier:65,
,CONFIRMAR_USO_HISTORICO_STOCK_LECTURAS,F1079,65,1,5,2025-08-21 12:52:59,2026-03-23 14:26:21,Gerardo Mercier:65,
,CONFIRMAR_USO_HISTORICO_STOCK_LECTURAS,F1260,65,1,2,2025-08-21 12:52:59,2026-03-23 14:16:41,Gerardo Mercier:65,
,CONFIRMAR_USO_HISTORICO_STOCK_LECTURAS,HMET123,65,0,1,2025-09-02 08:55:00,2026-03-23 14:26:19,Gerardo Mercier:65,
,CONFIRMAR_USO_HISTORICO_STOCK_LECTURAS,INSTTAL020,65,0,3,2025-11-04 09:21:35,2026-04-27 10:14:20,Gerardo Mercier:40 | Jonathan Carvajal:25,
,CONFIRMAR_USO_HISTORICO_STOCK_LECTURAS,JUEGBAS254-326,65,1,1,2025-09-04 08:57:51,2026-03-23 14:21:44,Gerardo Mercier:65,
,CONFIRMAR_USO_HISTORICO_STOCK_LECTURAS,JUEGBAS511,65,0,1,2025-09-04 08:57:51,2026-03-23 14:21:44,Gerardo Mercier:65,
,CONFIRMAR_USO_HISTORICO_STOCK_LECTURAS,JUEGBAS551,65,1,4,2025-09-04 08:57:51,2026-03-23 14:21:44,Gerardo Mercier:65,
,CONFIRMAR_USO_HISTORICO_STOCK_LECTURAS,JUEGLEA190,65,0,1,2025-09-04 08:57:51,2026-03-23 14:21:41,Gerardo Mercier:65,
,CONFIRMAR_USO_HISTORICO_STOCK_LECTURAS,JUEGLEA327,65,1,2,2025-09-04 08:57:51,2026-03-23 14:21:44,Gerardo Mercier:65,
,CONFIRMAR_USO_HISTORICO_STOCK_LECTURAS,JUEGPLAS1282,65,0,23,2025-09-02 08:55:00,2026-03-23 14:26:22,Gerardo Mercier:65,
,CONFIRMAR_USO_HISTORICO_STOCK_LECTURAS,JUEGROL007,65,0,12,2025-08-27 13:34:21,2026-04-27 10:14:21,Gerardo Mercier:40 | Jonathan Carvajal:25,
,CONFIRMAR_USO_HISTORICO_STOCK_LECTURAS,JUEGROL119,65,0,48,2025-08-27 13:34:22,2026-04-27 10:14:21,Gerardo Mercier:40 | Jonathan Carvajal:25,
,CONFIRMAR_USO_HISTORICO_STOCK_LECTURAS,JUEGROL121,65,0,40,2025-08-27 13:34:22,2026-04-27 10:14:21,Gerardo Mercier:40 | Jonathan Carvajal:25,
,CONFIRMAR_USO_HISTORICO_STOCK_LECTURAS,JUEGROL20805,65,0,630,2025-08-27 13:34:21,2026-03-23 14:14:28,Gerardo Mercier:65,
,CONFIRMAR_USO_HISTORICO_STOCK_LECTURAS,JUEGROL23053,65,0,13,2025-08-27 13:34:22,2026-03-23 14:14:27,Gerardo Mercier:65,
,CONFIRMAR_USO_HISTORICO_STOCK_LECTURAS,JUEGROL23054A,65,0,216,2025-08-27 13:34:21,2026-03-23 14:14:28,Gerardo Mercier:65,
,CONFIRMAR_USO_HISTORICO_STOCK_LECTURAS,JUEGROL23054F,65,0,22,2025-08-27 13:34:23,2026-03-23 14:14:26,Gerardo Mercier:65,
,CONFIRMAR_USO_HISTORICO_STOCK_LECTURAS,JUEGROL23078-1,65,0,103,2025-08-27 13:34:21,2026-04-27 10:14:21,Gerardo Mercier:40 | Jonathan Carvajal:25,
,CONFIRMAR_USO_HISTORICO_STOCK_LECTURAS,JUEGROL23079-2,65,0,100,2025-08-27 13:34:22,2026-04-27 10:14:21,Gerardo Mercier:40 | Jonathan Carvajal:25,
,CONFIRMAR_USO_HISTORICO_STOCK_LECTURAS,JUEGROL23080,65,0,100,2025-08-27 13:34:22,2026-04-27 10:14:21,Gerardo Mercier:40 | Jonathan Carvajal:25,
,CONFIRMAR_USO_HISTORICO_STOCK_LECTURAS,JUEGROL23081,65,0,101,2025-08-27 13:34:23,2026-04-27 10:14:21,Gerardo Mercier:40 | Jonathan Carvajal:25,
,CONFIRMAR_USO_HISTORICO_STOCK_LECTURAS,JUEGROL23082,65,0,100,2025-08-27 13:34:21,2026-04-27 10:14:21,Gerardo Mercier:40 | Jonathan Carvajal:25,
,CONFIRMAR_USO_HISTORICO_STOCK_LECTURAS,JUEGROL23083,65,0,121,2025-08-27 13:34:23,2026-04-27 10:14:21,Gerardo Mercier:40 | Jonathan Carvajal:25,
,CONFIRMAR_USO_HISTORICO_STOCK_LECTURAS,JUEGROL23084,65,0,124,2025-08-27 13:34:23,2026-04-27 10:14:21,Gerardo Mercier:40 | Jonathan Carvajal:25,
,CONFIRMAR_USO_HISTORICO_STOCK_LECTURAS,JUEGROL23085,65,0,219,2025-08-27 13:34:21,2026-04-27 10:14:21,Gerardo Mercier:40 | Jonathan Carvajal:25,
,CONFIRMAR_USO_HISTORICO_STOCK_LECTURAS,JUEGROL23087,65,0,121,2025-08-27 13:34:23,2026-04-27 10:14:21,Gerardo Mercier:40 | Jonathan Carvajal:25,
,CONFIRMAR_USO_HISTORICO_STOCK_LECTURAS,JUEGROL23088,65,0,100,2025-08-27 13:34:23,2026-04-27 10:14:21,Gerardo Mercier:40 | Jonathan Carvajal:25,
,CONFIRMAR_USO_HISTORICO_STOCK_LECTURAS,JUEGROL23089,65,0,225,2025-08-27 13:34:23,2026-04-27 10:14:21,Gerardo Mercier:40 | Jonathan Carvajal:25,
,CONFIRMAR_USO_HISTORICO_STOCK_LECTURAS,JUEGROL23101-3,65,0,86,2025-08-27 13:34:21,2026-04-27 10:14:21,Gerardo Mercier:40 | Jonathan Carvajal:25,
,CONFIRMAR_USO_HISTORICO_STOCK_LECTURAS,JUEGROL23102,65,0,60,2025-08-27 13:34:21,2026-04-27 10:14:21,Gerardo Mercier:40 | Jonathan Carvajal:25,
,CONFIRMAR_USO_HISTORICO_STOCK_LECTURAS,JUEGROL23110-1,65,0,60,2025-08-27 13:34:23,2026-04-27 10:14:21,Gerardo Mercier:40 | Jonathan Carvajal:25,
,CONFIRMAR_USO_HISTORICO_STOCK_LECTURAS,JUEGROL23832,65,0,191,2025-08-27 13:34:23,2026-04-27 10:14:21,Gerardo Mercier:40 | Jonathan Carvajal:25,
,CONFIRMAR_USO_HISTORICO_STOCK_LECTURAS,JUEGROL23834,65,0,60,2025-08-27 13:34:23,2026-04-27 10:14:21,Gerardo Mercier:40 | Jonathan Carvajal:25,
,CONFIRMAR_USO_HISTORICO_STOCK_LECTURAS,JUEGROL23853-1,65,0,99,2025-08-27 13:34:22,2026-04-27 10:14:21,Gerardo Mercier:40 | Jonathan Carvajal:25,
,CONFIRMAR_USO_HISTORICO_STOCK_LECTURAS,JUEGROL23918,65,0,102,2025-08-27 13:34:21,2026-04-27 10:14:21,Gerardo Mercier:40 | Jonathan Carvajal:25,
,CONFIRMAR_USO_HISTORICO_STOCK_LECTURAS,JUEGSH1462,65,1,3,2025-11-03 09:56:26,2026-04-27 10:14:22,Gerardo Mercier:40 | Jonathan Carvajal:25,
,CONFIRMAR_USO_HISTORICO_STOCK_LECTURAS,JUEGSH1719,65,0,4,2025-11-03 09:56:26,2026-04-27 10:14:22,Gerardo Mercier:40 | Jonathan Carvajal:25,
,CONFIRMAR_USO_HISTORICO_STOCK_LECTURAS,JUEGSH233,65,1,3,2025-11-03 09:56:26,2026-04-27 10:14:22,Gerardo Mercier:40 | Jonathan Carvajal:25,
,CONFIRMAR_USO_HISTORICO_STOCK_LECTURAS,JUEGSTA057,65,0,1,2025-09-04 08:57:47,2026-03-23 14:21:41,Gerardo Mercier:65,
,CONFIRMAR_USO_HISTORICO_STOCK_LECTURAS,JUEGZHE035,65,1,1,2025-09-04 08:57:51,2026-03-23 14:21:44,Gerardo Mercier:65,
,CONFIRMAR_USO_HISTORICO_STOCK_LECTURAS,JUEGZHE176,65,1,2,2025-09-04 08:57:51,2026-03-23 14:21:44,Gerardo Mercier:65,
,CONFIRMAR_USO_HISTORICO_STOCK_LECTURAS,ML-BANTUB,65,1,6,2025-10-29 09:50:36,2026-04-27 10:14:23,Gerardo Mercier:40 | Jonathan Carvajal:25,
,CONFIRMAR_USO_HISTORICO_STOCK_LECTURAS,NCD06003,65,0,2,2025-08-21 12:52:20,2026-03-23 14:16:43,Gerardo Mercier:65,
,CONFIRMAR_USO_HISTORICO_STOCK_LECTURAS,NCD06011,65,3,4,2025-08-21 12:52:58,2026-03-23 14:16:43,Gerardo Mercier:65,
,CONFIRMAR_USO_HISTORICO_STOCK_LECTURAS,PAPATPAT088,65,1,3,2025-10-29 09:50:36,2026-04-27 10:14:23,Gerardo Mercier:40 | Jonathan Carvajal:25,
,CONFIRMAR_USO_HISTORICO_STOCK_LECTURAS,PT-EV00608,65,2,6,2025-08-21 12:52:57,2026-03-23 14:16:42,Gerardo Mercier:65,
,CONFIRMAR_USO_HISTORICO_STOCK_LECTURAS,PT-EV00609,65,4,6,2025-08-21 12:52:57,2026-03-23 14:16:42,Gerardo Mercier:65,
,CONFIRMAR_USO_HISTORICO_STOCK_LECTURAS,PT-EV00636,65,6,6,2025-08-21 12:52:59,2026-03-23 14:16:44,Gerardo Mercier:65,
,CONFIRMAR_USO_HISTORICO_STOCK_LECTURAS,PUMAD3021-3,65,0,1,2025-09-02 08:54:58,2026-03-23 14:26:20,Gerardo Mercier:65,
,CONFIRMAR_USO_HISTORICO_STOCK_LECTURAS,SG444,65,0,3,2025-08-21 12:52:58,2026-03-23 14:16:44,Gerardo Mercier:65,
,CONFIRMAR_USO_HISTORICO_STOCK_LECTURAS,T201114,65,1,1,2025-08-21 12:52:58,2026-03-23 14:16:43,Gerardo Mercier:65,
,CONFIRMAR_USO_HISTORICO_STOCK_LECTURAS,T601006,65,0,3,2025-08-21 12:52:58,2026-03-23 14:16:44,Gerardo Mercier:65,
,CONFIRMAR_USO_HISTORICO_STOCK_LECTURAS,TERAUL037,65,1,3,2025-10-02 10:07:30,2026-03-23 14:26:21,Gerardo Mercier:65,
,CONFIRMAR_USO_HISTORICO_STOCK_LECTURAS,a2120,65,0,3,2025-08-21 12:52:58,2026-04-27 10:14:18,Gerardo Mercier:40 | Jonathan Carvajal:25,
,CONFIRMAR_USO_HISTORICO_STOCK_LECTURAS,b5521,65,0,1,2025-08-21 12:52:58,2026-03-23 14:16:41,Gerardo Mercier:65,
,CONFIRMAR_USO_HISTORICO_STOCK_LECTURAS,d101022,65,0,1,2025-08-21 12:52:58,2026-03-23 14:16:43,Gerardo Mercier:65,
,CONFIRMAR_USO_HISTORICO_STOCK_LECTURAS,d101038,65,0,1,2025-08-21 12:52:58,2026-03-23 14:16:43,Gerardo Mercier:65,
,CONFIRMAR_USO_HISTORICO_STOCK_LECTURAS,d101040,65,0,1,2025-08-21 12:52:58,2026-03-23 14:16:43,Gerardo Mercier:65,
,CONFIRMAR_USO_HISTORICO_STOCK_LECTURAS,d101053,65,3,3,2025-08-21 12:52:58,2026-03-23 14:16:43,Gerardo Mercier:65,
,CONFIRMAR_USO_HISTORICO_STOCK_LECTURAS,d101054,65,1,1,2025-08-21 12:52:58,2026-03-23 14:16:43,Gerardo Mercier:65,
,CONFIRMAR_USO_HISTORICO_STOCK_LECTURAS,d201034,65,0,1,2025-08-21 12:52:58,2026-03-23 14:16:43,Gerardo Mercier:65,
,CONFIRMAR_USO_HISTORICO_STOCK_LECTURAS,d207020,65,3,3,2025-08-21 12:52:58,2026-03-23 14:16:43,Gerardo Mercier:65,
,CONFIRMAR_USO_HISTORICO_STOCK_LECTURAS,d207026,65,1,1,2025-08-21 12:52:58,2026-03-23 14:16:43,Gerardo Mercier:65,
,CONFIRMAR_USO_HISTORICO_STOCK_LECTURAS,d207027,65,1,2,2025-08-21 12:52:58,2026-03-23 14:16:43,Gerardo Mercier:65,
,CONFIRMAR_USO_HISTORICO_STOCK_LECTURAS,d207028,65,10,16,2025-08-21 12:52:58,2026-03-23 14:16:43,Gerardo Mercier:65,
,CONFIRMAR_USO_HISTORICO_STOCK_LECTURAS,d207029,65,5,9,2025-08-21 12:52:58,2026-03-23 14:16:43,Gerardo Mercier:65,
,CONFIRMAR_USO_HISTORICO_STOCK_LECTURAS,d207032,65,3,3,2025-08-21 12:52:58,2026-03-23 14:16:43,Gerardo Mercier:65,
,CONFIRMAR_USO_HISTORICO_STOCK_LECTURAS,d207084,65,4,4,2025-08-21 12:52:58,2026-03-23 14:16:43,Gerardo Mercier:65,
,CONFIRMAR_USO_HISTORICO_STOCK_LECTURAS,d603008,65,0,3,2025-08-21 12:52:58,2026-03-23 14:16:43,Gerardo Mercier:65,
,CONFIRMAR_USO_HISTORICO_STOCK_LECTURAS,d705016,65,2,2,2025-08-21 12:52:58,2026-03-23 14:16:43,Gerardo Mercier:65,
,CONFIRMAR_USO_HISTORICO_STOCK_LECTURAS,d705070,65,2,2,2025-08-21 12:52:58,2026-03-23 14:16:43,Gerardo Mercier:65,
,CONFIRMAR_USO_HISTORICO_STOCK_LECTURAS,d705076,65,2,2,2025-08-21 12:52:58,2026-03-23 14:16:42,Gerardo Mercier:65,
,CONFIRMAR_USO_HISTORICO_STOCK_LECTURAS,d705085,65,1,1,2025-08-21 12:52:58,2026-03-23 14:16:42,Gerardo Mercier:65,
,CONFIRMAR_USO_HISTORICO_STOCK_LECTURAS,d707021,65,2,3,2025-08-21 12:52:58,2026-03-23 14:16:42,Gerardo Mercier:65,
,CONFIRMAR_USO_HISTORICO_STOCK_LECTURAS,d707032,65,0,1,2025-08-21 12:52:58,2026-03-23 14:16:43,Gerardo Mercier:65,
,CONFIRMAR_USO_HISTORICO_STOCK_LECTURAS,d801012,65,2,2,2025-08-21 12:52:59,2026-03-23 14:16:43,Gerardo Mercier:65,
,CONFIRMAR_USO_HISTORICO_STOCK_LECTURAS,d803006,65,0,1,2025-08-21 12:52:58,2026-03-23 14:16:43,Gerardo Mercier:65,
,CONFIRMAR_USO_HISTORICO_STOCK_LECTURAS,d807008,65,1,1,2025-08-21 12:52:58,2026-03-23 14:16:42,Gerardo Mercier:65,
,CONFIRMAR_USO_HISTORICO_STOCK_LECTURAS,d807020,65,1,1,2025-08-21 12:52:58,2026-03-23 14:16:43,Gerardo Mercier:65,
,CONFIRMAR_USO_HISTORICO_STOCK_LECTURAS,d807032,65,2,3,2025-08-21 12:52:59,2026-03-23 14:16:43,Gerardo Mercier:65,
,CONFIRMAR_USO_HISTORICO_STOCK_LECTURAS,d807033,65,2,2,2025-08-21 12:52:59,2026-03-23 14:16:43,Gerardo Mercier:65,
,CONFIRMAR_USO_HISTORICO_STOCK_LECTURAS,d807054,65,2,6,2025-08-21 12:52:58,2026-03-23 14:16:43,Gerardo Mercier:65,
,CONFIRMAR_USO_HISTORICO_STOCK_LECTURAS,d807057,65,2,2,2025-08-21 12:52:58,2026-03-23 14:16:44,Gerardo Mercier:65,
,CONFIRMAR_USO_HISTORICO_STOCK_LECTURAS,d807065,65,2,2,2025-08-21 12:52:58,2026-03-23 14:16:43,Gerardo Mercier:65,
,CONFIRMAR_USO_HISTORICO_STOCK_LECTURAS,d811017,65,1,1,2025-08-21 12:52:58,2026-03-23 14:16:44,Gerardo Mercier:65,
,CONFIRMAR_USO_HISTORICO_STOCK_LECTURAS,d901010,65,2,4,2025-08-21 12:52:59,2026-03-23 14:16:42,Gerardo Mercier:65,
,CONFIRMAR_USO_HISTORICO_STOCK_LECTURAS,d901016,65,18,18,2025-08-21 12:52:59,2026-03-23 14:16:44,Gerardo Mercier:65,
,CONFIRMAR_USO_HISTORICO_STOCK_LECTURAS,d901019,65,2,2,2025-08-21 12:52:58,2026-03-23 14:16:42,Gerardo Mercier:65,
,CONFIRMAR_USO_HISTORICO_STOCK_LECTURAS,d901027,65,0,1,2025-08-21 12:52:59,2026-03-23 14:16:44,Gerardo Mercier:65,
,CONFIRMAR_USO_HISTORICO_STOCK_LECTURAS,d902009,65,1,1,2025-08-21 12:52:58,2026-03-23 14:16:43,Gerardo Mercier:65,
,CONFIRMAR_USO_HISTORICO_STOCK_LECTURAS,f1259,65,0,2,2025-08-21 12:52:58,2026-03-23 14:16:41,Gerardo Mercier:65,
,CONFIRMAR_USO_HISTORICO_STOCK_LECTURAS,hasb-12204,65,0,2,2025-08-21 12:52:58,2026-03-23 14:26:19,Gerardo Mercier:65,
,CONFIRMAR_USO_HISTORICO_STOCK_LECTURAS,juegcai014,65,1,1,2025-09-04 08:57:51,2026-03-23 14:21:44,Gerardo Mercier:65,
,CONFIRMAR_USO_HISTORICO_STOCK_LECTURAS,juegint028,65,0,1,2025-09-04 08:57:51,2026-03-23 14:21:44,Gerardo Mercier:65,
,CONFIRMAR_USO_HISTORICO_STOCK_LECTURAS,juegjai220,65,0,1,2025-09-03 13:47:21,2026-03-23 14:19:45,Gerardo Mercier:65,
,CONFIRMAR_USO_HISTORICO_STOCK_LECTURAS,juegplo114,65,1,2,2025-09-04 08:57:51,2026-03-23 14:21:44,Gerardo Mercier:65,
,CONFIRMAR_USO_HISTORICO_STOCK_LECTURAS,juegyin124,65,1,1,2025-09-03 13:47:22,2026-04-27 10:14:22,Gerardo Mercier:40 | Jonathan Carvajal:25,
,CONFIRMAR_USO_HISTORICO_STOCK_LECTURAS,mk10032,65,1,1,2025-08-21 12:52:58,2026-03-23 14:16:44,Gerardo Mercier:65,
,CONFIRMAR_USO_HISTORICO_STOCK_LECTURAS,mlti3cer,65,5,6,2025-09-02 08:54:59,2026-03-23 14:26:22,Gerardo Mercier:65,
,CONFIRMAR_USO_HISTORICO_STOCK_LECTURAS,pumad4626,65,1,1,2025-09-02 08:54:58,2026-03-23 14:26:21,Gerardo Mercier:65,
,CONFIRMAR_USO_HISTORICO_STOCK_LECTURAS,r57015,65,7,8,2025-08-21 12:52:58,2026-03-23 14:16:43,Gerardo Mercier:65,
,CONFIRMAR_USO_HISTORICO_STOCK_LECTURAS,1170727,64,0,6,2025-09-25 10:44:47,2026-04-27 10:14:18,Gerardo Mercier:39 | Jonathan Carvajal:25,
,CONFIRMAR_USO_HISTORICO_STOCK_LECTURAS,6722,64,1,2,2025-09-02 08:55:00,2026-03-23 14:16:44,Gerardo Mercier:64,
,CONFIRMAR_USO_HISTORICO_STOCK_LECTURAS,AA-5010,64,0,5,2025-09-02 08:55:00,2026-03-23 14:26:22,Gerardo Mercier:64,
,CONFIRMAR_USO_HISTORICO_STOCK_LECTURAS,D101003,64,14,16,2025-09-02 08:55:00,2026-03-23 14:16:44,Gerardo Mercier:64,
,CONFIRMAR_USO_HISTORICO_STOCK_LECTURAS,D705039,64,1,2,2025-09-02 08:54:59,2026-03-23 14:16:42,Gerardo Mercier:64,
,CONFIRMAR_USO_HISTORICO_STOCK_LECTURAS,D803011-3,64,1,1,2025-09-02 08:55:00,2026-03-23 14:16:44,Gerardo Mercier:64,
,CONFIRMAR_USO_HISTORICO_STOCK_LECTURAS,D803024,64,4,10,2025-09-02 08:55:00,2026-03-23 14:16:44,Gerardo Mercier:64,
,CONFIRMAR_USO_HISTORICO_STOCK_LECTURAS,D803025,64,9,9,2025-09-02 08:55:00,2026-03-23 14:16:44,Gerardo Mercier:64,
,CONFIRMAR_USO_HISTORICO_STOCK_LECTURAS,D811021,64,1,13,2025-09-02 08:54:59,2026-03-23 14:16:44,Gerardo Mercier:64,
,CONFIRMAR_USO_HISTORICO_STOCK_LECTURAS,D901044,64,4,5,2025-09-02 08:55:00,2026-03-23 14:16:44,Gerardo Mercier:64,
,CONFIRMAR_USO_HISTORICO_STOCK_LECTURAS,HABALAMA014,64,7,14,2025-10-29 09:50:36,2026-03-23 14:26:22,Gerardo Mercier:64,
,CONFIRMAR_USO_HISTORICO_STOCK_LECTURAS,JUEGPLO193,64,0,1,2025-09-08 09:07:15,2026-03-23 14:21:42,Gerardo Mercier:64,
,CONFIRMAR_USO_HISTORICO_STOCK_LECTURAS,JUEGROL0903,64,1,51,2025-11-11 16:30:31,2026-04-27 10:14:21,Gerardo Mercier:39 | Jonathan Carvajal:25,
,CONFIRMAR_USO_HISTORICO_STOCK_LECTURAS,JUEGROL154,64,2,48,2025-11-11 16:30:31,2026-04-27 10:14:21,Gerardo Mercier:39 | Jonathan Carvajal:25,
,CONFIRMAR_USO_HISTORICO_STOCK_LECTURAS,JUEGROL200,64,4,20,2025-11-11 16:30:31,2026-04-27 10:14:21,Gerardo Mercier:39 | Jonathan Carvajal:25,
,CONFIRMAR_USO_HISTORICO_STOCK_LECTURAS,JUEGROL22112,64,1,96,2025-11-11 16:30:31,2026-04-27 10:14:21,Gerardo Mercier:39 | Jonathan Carvajal:25,
,CONFIRMAR_USO_HISTORICO_STOCK_LECTURAS,JUEGROL23015,64,1,60,2025-11-11 16:30:31,2026-04-27 10:14:21,Gerardo Mercier:39 | Jonathan Carvajal:25,
,CONFIRMAR_USO_HISTORICO_STOCK_LECTURAS,JUEGROL23027,64,2,200,2025-11-11 16:30:31,2026-04-27 10:14:21,Gerardo Mercier:39 | Jonathan Carvajal:25,
,CONFIRMAR_USO_HISTORICO_STOCK_LECTURAS,JUEGROL23115,64,0,655,2025-08-27 13:34:22,2026-03-23 14:14:28,Gerardo Mercier:64,
,CONFIRMAR_USO_HISTORICO_STOCK_LECTURAS,JUEGROL23140B,64,0,100,2025-11-11 16:30:31,2026-04-27 10:14:21,Gerardo Mercier:39 | Jonathan Carvajal:25,
,CONFIRMAR_USO_HISTORICO_STOCK_LECTURAS,JUEGROL23142,64,0,165,2025-08-27 13:34:22,2026-03-23 14:14:28,Gerardo Mercier:64,
,CONFIRMAR_USO_HISTORICO_STOCK_LECTURAS,JUEGROL23150,64,2,97,2025-11-11 16:30:31,2026-04-27 10:14:21,Gerardo Mercier:39 | Jonathan Carvajal:25,
,CONFIRMAR_USO_HISTORICO_STOCK_LECTURAS,JUEGROL25819,64,1,60,2025-11-11 16:30:31,2026-04-27 10:14:21,Gerardo Mercier:39 | Jonathan Carvajal:25,
,CONFIRMAR_USO_HISTORICO_STOCK_LECTURAS,JUEGROL25822,64,2,60,2025-11-11 16:30:31,2026-04-27 10:14:22,Gerardo Mercier:39 | Jonathan Carvajal:25,
,CONFIRMAR_USO_HISTORICO_STOCK_LECTURAS,JUEGROL25835,64,1,178,2025-11-11 16:30:31,2026-04-27 10:14:22,Gerardo Mercier:39 | Jonathan Carvajal:25,
,CONFIRMAR_USO_HISTORICO_STOCK_LECTURAS,JUEGROL25837,64,0,48,2025-11-11 16:30:31,2026-04-27 10:14:22,Gerardo Mercier:39 | Jonathan Carvajal:25,
,CONFIRMAR_USO_HISTORICO_STOCK_LECTURAS,JUEGROL25839,64,4,50,2025-11-11 16:30:31,2026-04-27 10:14:22,Gerardo Mercier:39 | Jonathan Carvajal:25,
,CONFIRMAR_USO_HISTORICO_STOCK_LECTURAS,JUEGROL25844,64,2,100,2025-11-11 16:30:31,2026-04-27 10:14:22,Gerardo Mercier:39 | Jonathan Carvajal:25,
,CONFIRMAR_USO_HISTORICO_STOCK_LECTURAS,JUEGROL25847,64,2,50,2025-11-11 16:30:31,2026-04-27 10:14:22,Gerardo Mercier:39 | Jonathan Carvajal:25,
,CONFIRMAR_USO_HISTORICO_STOCK_LECTURAS,JUEGROL25848,64,1,100,2025-11-11 16:30:31,2026-04-27 10:14:22,Gerardo Mercier:39 | Jonathan Carvajal:25,
,CONFIRMAR_USO_HISTORICO_STOCK_LECTURAS,JUEGROL282A,64,3,71,2025-11-11 16:30:31,2026-04-27 10:14:22,Gerardo Mercier:39 | Jonathan Carvajal:25,
,CONFIRMAR_USO_HISTORICO_STOCK_LECTURAS,JUEGROL464,64,0,11,2025-08-27 13:34:22,2026-04-27 10:14:22,Gerardo Mercier:44 | Jonathan Carvajal:20,
,CONFIRMAR_USO_HISTORICO_STOCK_LECTURAS,JUEGROL827,64,2,12,2025-11-11 16:30:31,2026-04-27 10:14:22,Gerardo Mercier:39 | Jonathan Carvajal:25,
,CONFIRMAR_USO_HISTORICO_STOCK_LECTURAS,JUEGROLR223,64,1,9,2025-11-11 16:30:31,2026-04-27 10:14:22,Gerardo Mercier:39 | Jonathan Carvajal:25,
,CONFIRMAR_USO_HISTORICO_STOCK_LECTURAS,JUEGROLR232,64,2,24,2025-11-11 16:30:31,2026-04-27 10:14:22,Gerardo Mercier:39 | Jonathan Carvajal:25,
,CONFIRMAR_USO_HISTORICO_STOCK_LECTURAS,JUEGROLR242,64,1,4,2025-11-11 16:30:31,2026-04-27 10:14:22,Gerardo Mercier:39 | Jonathan Carvajal:25,
,CONFIRMAR_USO_HISTORICO_STOCK_LECTURAS,a510016,64,2,2,2025-09-02 08:54:59,2026-03-23 14:16:43,Gerardo Mercier:64,
,CONFIRMAR_USO_HISTORICO_STOCK_LECTURAS,d101004,64,1,6,2025-08-21 12:52:58,2026-04-27 10:14:18,Gerardo Mercier:39 | Jonathan Carvajal:25,
,CONFIRMAR_USO_HISTORICO_STOCK_LECTURAS,d203008,64,1,3,2025-08-21 12:52:58,2026-04-27 10:14:19,Gerardo Mercier:39 | Jonathan Carvajal:25,
,CONFIRMAR_USO_HISTORICO_STOCK_LECTURAS,d701015,64,1,3,2025-08-21 12:52:58,2026-04-27 10:14:19,Gerardo Mercier:39 | Jonathan Carvajal:25,
,CONFIRMAR_USO_HISTORICO_STOCK_LECTURAS,d803009,64,1,5,2025-08-21 12:52:58,2026-04-27 10:14:19,Gerardo Mercier:39 | Jonathan Carvajal:25,
,CONFIRMAR_USO_HISTORICO_STOCK_LECTURAS,juegrol23133,64,0,62,2025-08-27 13:36:10,2026-04-27 10:14:21,Gerardo Mercier:39 | Jonathan Carvajal:25,
,CONFIRMAR_USO_HISTORICO_STOCK_LECTURAS,juegrol23915a,64,4,52,2025-09-02 08:55:00,2026-03-23 14:14:27,Gerardo Mercier:64,
,CONFIRMAR_USO_HISTORICO_STOCK_LECTURAS,23241,63,1,3,2025-09-24 08:56:24,2026-04-27 10:14:18,Gerardo Mercier:38 | Jonathan Carvajal:25,
,CONFIRMAR_USO_HISTORICO_STOCK_LECTURAS,4804,63,1,2,2025-09-24 08:56:24,2026-04-27 10:14:18,Gerardo Mercier:38 | Jonathan Carvajal:25,
,CONFIRMAR_USO_HISTORICO_STOCK_LECTURAS,CINTAME1,63,1,1,2025-09-04 08:57:51,2026-03-23 14:26:20,Gerardo Mercier:63,
,CONFIRMAR_USO_HISTORICO_STOCK_LECTURAS,D701031,63,0,9,2025-08-21 12:52:20,2026-04-27 10:14:19,Gerardo Mercier:38 | Jonathan Carvajal:25,
,CONFIRMAR_USO_HISTORICO_STOCK_LECTURAS,D807062,63,0,3,2025-10-07 11:56:09,2026-04-27 10:14:19,Gerardo Mercier:48 | Jonathan Carvajal:15,
,CONFIRMAR_USO_HISTORICO_STOCK_LECTURAS,JUEGJAILAG,63,1,2,2025-11-11 16:30:33,2026-04-27 10:14:21,Gerardo Mercier:38 | Jonathan Carvajal:25,
,CONFIRMAR_USO_HISTORICO_STOCK_LECTURAS,JUEGLEA522,63,1,1,2025-10-07 11:56:11,2026-04-27 10:14:21,Gerardo Mercier:51 | Jonathan Carvajal:12,
,CONFIRMAR_USO_HISTORICO_STOCK_LECTURAS,JUEGROL23141,63,0,93,2025-08-27 13:34:23,2026-03-23 14:14:28,Gerardo Mercier:63,
,CONFIRMAR_USO_HISTORICO_STOCK_LECTURAS,JUEGROL25828,63,0,100,2025-11-11 16:30:31,2026-04-24 16:25:32,Gerardo Mercier:39 | Jonathan Carvajal:24,
,CONFIRMAR_USO_HISTORICO_STOCK_LECTURAS,JUEGSTA001,63,0,1,2025-09-09 09:06:29,2026-03-23 14:21:42,Gerardo Mercier:63,
,CONFIRMAR_USO_HISTORICO_STOCK_LECTURAS,R60765,63,1,3,2025-09-24 08:56:27,2026-04-27 10:14:23,Gerardo Mercier:38 | Jonathan Carvajal:25,
,CONFIRMAR_USO_HISTORICO_STOCK_LECTURAS,SENSORYCASCADALATERAL,63,15,56,2025-09-08 09:07:15,2026-03-23 14:26:22,Gerardo Mercier:63,
,CONFIRMAR_USO_HISTORICO_STOCK_LECTURAS,AC00019-0000,62,2,2,2025-09-08 09:07:15,2026-03-23 14:26:21,Gerardo Mercier:62,
,CONFIRMAR_USO_HISTORICO_STOCK_LECTURAS,BORRHOL001,62,0,4,2025-10-08 08:59:31,2026-04-27 10:14:18,Gerardo Mercier:50 | Jonathan Carvajal:12,
,CONFIRMAR_USO_HISTORICO_STOCK_LECTURAS,D201051,62,2,2,2025-11-11 16:30:32,2026-04-27 10:14:18,Gerardo Mercier:37 | Jonathan Carvajal:25,
,CONFIRMAR_USO_HISTORICO_STOCK_LECTURAS,D807021,62,1,1,2025-09-04 08:57:49,2026-03-23 14:16:43,Gerardo Mercier:62,
,CONFIRMAR_USO_HISTORICO_STOCK_LECTURAS,D902004,62,3,4,2025-11-11 16:30:32,2026-04-27 10:14:19,Gerardo Mercier:37 | Jonathan Carvajal:25,
,CONFIRMAR_USO_HISTORICO_STOCK_LECTURAS,HB735700,62,0,1,2025-09-08 09:07:15,2026-03-23 14:26:20,Gerardo Mercier:62,
,CONFIRMAR_USO_HISTORICO_STOCK_LECTURAS,HBQQ27,62,0,1,2025-09-08 09:07:15,2026-03-23 14:26:19,Gerardo Mercier:62,
,CONFIRMAR_USO_HISTORICO_STOCK_LECTURAS,HBQQ29,62,0,1,2025-09-08 09:07:15,2026-03-23 14:26:19,Gerardo Mercier:62,
,CONFIRMAR_USO_HISTORICO_STOCK_LECTURAS,HBQQ30,62,0,1,2025-09-08 09:07:15,2026-03-23 14:26:19,Gerardo Mercier:62,
,CONFIRMAR_USO_HISTORICO_STOCK_LECTURAS,JUEGBHA061,62,0,3,2025-08-27 13:36:10,2026-01-14 08:59:02,Gerardo Mercier:62,
,CONFIRMAR_USO_HISTORICO_STOCK_LECTURAS,JUEGROL019,62,0,121,2025-08-27 13:34:22,2026-03-23 14:14:28,Gerardo Mercier:62,
,CONFIRMAR_USO_HISTORICO_STOCK_LECTURAS,JUEGROL23112-1,62,195,850,2025-09-11 12:25:03,2026-03-23 14:14:28,Gerardo Mercier:62,
,CONFIRMAR_USO_HISTORICO_STOCK_LECTURAS,JUEGROL25040,62,69,70,2025-09-10 09:00:19,2026-03-23 14:14:28,Gerardo Mercier:62,
,CONFIRMAR_USO_HISTORICO_STOCK_LECTURAS,JUEGSTA025-1,62,3,3,2025-08-27 13:36:10,2026-01-14 08:59:02,Gerardo Mercier:62,
,CONFIRMAR_USO_HISTORICO_STOCK_LECTURAS,JUEGUSL167,62,0,2,2025-09-29 08:58:04,2026-04-27 10:14:22,Gerardo Mercier:37 | Jonathan Carvajal:25,
,CONFIRMAR_USO_HISTORICO_STOCK_LECTURAS,MMSI-SILLA-6T,62,1,3,2025-09-08 09:07:15,2026-03-23 14:26:21,Gerardo Mercier:62,
,CONFIRMAR_USO_HISTORICO_STOCK_LECTURAS,MMSI-SILLA3AA,62,1,1,2025-09-08 09:07:15,2026-03-23 14:26:20,Gerardo Mercier:62,
,CONFIRMAR_USO_HISTORICO_STOCK_LECTURAS,PINTHOL001,62,2,2,2025-10-08 08:59:31,2026-04-27 10:14:23,Gerardo Mercier:50 | Jonathan Carvajal:12,
,CONFIRMAR_USO_HISTORICO_STOCK_LECTURAS,20650068,61,11,13,2025-10-07 11:56:11,2026-04-27 10:14:18,Gerardo Mercier:49 | Jonathan Carvajal:12,
,CONFIRMAR_USO_HISTORICO_STOCK_LECTURAS,JUEGBAS305,61,0,2,2025-09-24 08:56:25,2026-03-23 14:21:44,Gerardo Mercier:61,
,CONFIRMAR_USO_HISTORICO_STOCK_LECTURAS,JUEGBAS424,61,4,9,2025-09-11 12:25:07,2026-03-23 14:21:42,Gerardo Mercier:61,
,CONFIRMAR_USO_HISTORICO_STOCK_LECTURAS,JUEGROL019B,61,0,5,2025-08-27 13:34:22,2026-03-23 14:14:26,Gerardo Mercier:61,
,CONFIRMAR_USO_HISTORICO_STOCK_LECTURAS,JUEGROL036,61,0,39,2025-08-27 13:34:22,2026-03-23 14:14:27,Gerardo Mercier:61,
,CONFIRMAR_USO_HISTORICO_STOCK_LECTURAS,JUEGROL10150,61,0,117,2025-08-27 13:34:21,2026-03-23 14:14:28,Gerardo Mercier:61,
,CONFIRMAR_USO_HISTORICO_STOCK_LECTURAS,JUEGROL10160,61,0,147,2025-08-27 13:34:21,2026-03-23 14:14:27,Gerardo Mercier:61,
,CONFIRMAR_USO_HISTORICO_STOCK_LECTURAS,JUEGROL10170,61,0,58,2025-08-27 13:34:21,2026-03-23 14:14:27,Gerardo Mercier:61,
,CONFIRMAR_USO_HISTORICO_STOCK_LECTURAS,JUEGROL10180,61,0,77,2025-08-27 13:34:21,2026-03-23 14:14:28,Gerardo Mercier:61,
,CONFIRMAR_USO_HISTORICO_STOCK_LECTURAS,JUEGROL24211,61,0,44,2025-08-27 13:34:21,2026-03-23 14:14:27,Gerardo Mercier:61,
,CONFIRMAR_USO_HISTORICO_STOCK_LECTURAS,JUEGSH1131,61,0,6,2025-11-14 10:08:38,2026-04-27 10:14:22,Gerardo Mercier:36 | Jonathan Carvajal:25,
,CONFIRMAR_USO_HISTORICO_STOCK_LECTURAS,d207080,61,0,2,2025-08-21 12:52:58,2026-02-10 16:56:32,Gerardo Mercier:61,
,CONFIRMAR_USO_HISTORICO_STOCK_LECTURAS,ATRICUB001,60,0,1,2025-09-24 08:59:24,2026-03-23 14:21:42,Gerardo Mercier:60,
,CONFIRMAR_USO_HISTORICO_STOCK_LECTURAS,D801011,60,0,1,2025-08-27 13:36:10,2026-01-09 09:04:28,Gerardo Mercier:60,
,CONFIRMAR_USO_HISTORICO_STOCK_LECTURAS,D807014,60,1,11,2025-11-14 10:08:37,2026-04-27 10:14:19,Gerardo Mercier:35 | Jonathan Carvajal:25,
,CONFIRMAR_USO_HISTORICO_STOCK_LECTURAS,JUEGBAS229,60,1,4,2025-09-24 08:59:26,2026-03-23 14:21:44,Gerardo Mercier:60,
,CONFIRMAR_USO_HISTORICO_STOCK_LECTURAS,JUEGBAS265,60,9,13,2025-09-24 08:59:26,2026-03-23 14:21:44,Gerardo Mercier:60,
,CONFIRMAR_USO_HISTORICO_STOCK_LECTURAS,JUEGBAS266,60,0,7,2025-09-24 08:59:26,2026-03-23 14:21:44,Gerardo Mercier:60,
,CONFIRMAR_USO_HISTORICO_STOCK_LECTURAS,JUEGBAS273,60,4,5,2025-09-24 08:59:26,2026-03-23 14:21:44,Gerardo Mercier:60,
,CONFIRMAR_USO_HISTORICO_STOCK_LECTURAS,JUEGBAS463,60,0,2,2025-09-24 08:59:26,2026-03-23 14:21:44,Gerardo Mercier:60,
,CONFIRMAR_USO_HISTORICO_STOCK_LECTURAS,JUEGBAS523,60,1,1,2025-09-24 08:59:26,2026-03-23 14:21:44,Gerardo Mercier:60,
,CONFIRMAR_USO_HISTORICO_STOCK_LECTURAS,JUEGBAS546,60,0,1,2025-09-24 08:59:26,2026-03-23 14:21:44,Gerardo Mercier:60,
,CONFIRMAR_USO_HISTORICO_STOCK_LECTURAS,JUEGCAI007,60,0,1,2025-09-24 08:59:26,2026-03-23 14:21:44,Gerardo Mercier:60,
,CONFIRMAR_USO_HISTORICO_STOCK_LECTURAS,JUEGCAI020,60,1,1,2025-09-24 08:59:26,2026-03-23 14:21:44,Gerardo Mercier:60,
,CONFIRMAR_USO_HISTORICO_STOCK_LECTURAS,JUEGGRE040,60,1,1,2025-09-24 08:59:26,2026-03-23 14:21:44,Gerardo Mercier:60,
,CONFIRMAR_USO_HISTORICO_STOCK_LECTURAS,JUEGHAN057,60,0,2,2025-09-03 13:47:22,2026-01-14 08:59:02,Gerardo Mercier:60,
,CONFIRMAR_USO_HISTORICO_STOCK_LECTURAS,JUEGINT008,60,1,1,2025-09-24 08:59:26,2026-03-23 14:21:44,Gerardo Mercier:60,
,CONFIRMAR_USO_HISTORICO_STOCK_LECTURAS,JUEGINT030,60,1,2,2025-09-24 08:59:26,2026-03-23 14:21:44,Gerardo Mercier:60,
,CONFIRMAR_USO_HISTORICO_STOCK_LECTURAS,JUEGINT128,60,1,1,2025-09-24 08:59:26,2026-03-23 14:21:44,Gerardo Mercier:60,
,CONFIRMAR_USO_HISTORICO_STOCK_LECTURAS,JUEGLEA066,60,1,1,2025-09-24 08:59:26,2026-03-23 14:21:44,Gerardo Mercier:60,
,CONFIRMAR_USO_HISTORICO_STOCK_LECTURAS,JUEGLEA267,60,2,2,2025-09-24 08:59:26,2026-03-23 14:21:44,Gerardo Mercier:60,
,CONFIRMAR_USO_HISTORICO_STOCK_LECTURAS,JUEGLEA582,60,0,1,2025-09-24 08:59:26,2026-03-23 14:21:44,Gerardo Mercier:60,
,CONFIRMAR_USO_HISTORICO_STOCK_LECTURAS,JUEGLUE021,60,1,1,2025-09-24 08:59:26,2026-03-23 14:21:44,Gerardo Mercier:60,
,CONFIRMAR_USO_HISTORICO_STOCK_LECTURAS,JUEGMIN136,60,1,1,2025-09-24 08:59:26,2026-03-23 14:21:44,Gerardo Mercier:60,
,CONFIRMAR_USO_HISTORICO_STOCK_LECTURAS,JUEGONY001,60,1,1,2025-09-24 08:59:26,2026-03-23 14:21:44,Gerardo Mercier:60,
,CONFIRMAR_USO_HISTORICO_STOCK_LECTURAS,JUEGPLO007,60,1,1,2025-09-24 08:59:26,2026-03-23 14:21:44,Gerardo Mercier:60,
,CONFIRMAR_USO_HISTORICO_STOCK_LECTURAS,JUEGPLO122,60,2,2,2025-09-24 08:59:26,2026-03-23 14:21:44,Gerardo Mercier:60,
,CONFIRMAR_USO_HISTORICO_STOCK_LECTURAS,JUEGQIA022,60,1,1,2025-09-24 08:59:26,2026-03-23 14:21:44,Gerardo Mercier:60,
,CONFIRMAR_USO_HISTORICO_STOCK_LECTURAS,JUEGROL23119,60,0,1,2025-08-27 13:34:21,2026-03-23 14:14:26,Gerardo Mercier:60,
,CONFIRMAR_USO_HISTORICO_STOCK_LECTURAS,JUEGROL23120,60,0,500,2025-08-27 13:34:22,2026-03-23 14:14:28,Gerardo Mercier:60,
,CONFIRMAR_USO_HISTORICO_STOCK_LECTURAS,JUEGROL24223,60,0,503,2025-08-27 13:34:22,2026-03-23 14:14:28,Gerardo Mercier:60,
,CONFIRMAR_USO_HISTORICO_STOCK_LECTURAS,JUEGROL24225,60,0,500,2025-08-27 13:34:21,2026-03-23 14:14:28,Gerardo Mercier:60,
,CONFIRMAR_USO_HISTORICO_STOCK_LECTURAS,JUEGSH14247,60,1,2,2025-11-17 10:27:40,2026-04-27 10:14:22,Gerardo Mercier:35 | Jonathan Carvajal:25,
,CONFIRMAR_USO_HISTORICO_STOCK_LECTURAS,JUEGSH916,60,1,4,2025-11-17 10:27:40,2026-04-27 10:14:22,Gerardo Mercier:35 | Jonathan Carvajal:25,
,CONFIRMAR_USO_HISTORICO_STOCK_LECTURAS,JUEGTEA021,60,1,1,2025-09-24 08:59:26,2026-03-23 14:21:44,Gerardo Mercier:60,
,CONFIRMAR_USO_HISTORICO_STOCK_LECTURAS,JUEGTIM025,60,0,8,2025-09-24 08:59:26,2026-03-23 14:21:44,Gerardo Mercier:60,
,CONFIRMAR_USO_HISTORICO_STOCK_LECTURAS,JUEGUSL116-1,60,1,1,2025-09-24 08:59:26,2026-03-23 14:21:42,Gerardo Mercier:60,
,CONFIRMAR_USO_HISTORICO_STOCK_LECTURAS,JUEGXIN010,60,0,1,2025-09-24 08:59:26,2026-03-23 14:21:44,Gerardo Mercier:60,
,CONFIRMAR_USO_HISTORICO_STOCK_LECTURAS,JUEGZHE344,60,3,3,2025-09-24 08:59:26,2026-03-23 14:21:41,Gerardo Mercier:60,
,CONFIRMAR_USO_HISTORICO_STOCK_LECTURAS,LAMPSENSORYLED,60,25,220,2025-09-11 12:25:03,2026-03-23 14:26:22,Gerardo Mercier:60,
,CONFIRMAR_USO_HISTORICO_STOCK_LECTURAS,LTSALDA960-1,60,5,44,2025-09-30 10:53:30,2026-03-23 14:21:44,Gerardo Mercier:60,
,CONFIRMAR_USO_HISTORICO_STOCK_LECTURAS,juegbas320,60,0,1,2025-09-24 08:59:26,2026-03-23 14:21:44,Gerardo Mercier:60,
,CONFIRMAR_USO_HISTORICO_STOCK_LECTURAS,jueglea570,60,0,1,2025-09-24 08:59:26,2026-03-23 14:21:44,Gerardo Mercier:60,
,CONFIRMAR_USO_HISTORICO_STOCK_LECTURAS,pt-ev01154,60,0,2,2025-08-21 12:52:59,2026-01-09 09:04:28,Gerardo Mercier:60,
,CONFIRMAR_USO_HISTORICO_STOCK_LECTURAS,98831,59,1,5,2025-11-17 10:27:40,2026-04-27 10:14:18,Gerardo Mercier:34 | Jonathan Carvajal:25,
,CONFIRMAR_USO_HISTORICO_STOCK_LECTURAS,D905008,59,1,1,2025-08-21 12:52:59,2026-01-09 09:04:28,Gerardo Mercier:59,
,CONFIRMAR_USO_HISTORICO_STOCK_LECTURAS,GREDMAN001,59,18,40,2025-10-14 09:06:59,2026-04-27 10:14:20,Gerardo Mercier:47 | Jonathan Carvajal:12,
,CONFIRMAR_USO_HISTORICO_STOCK_LECTURAS,JUEGANA108,59,1,1,2025-09-24 09:02:35,2026-03-23 14:21:44,Gerardo Mercier:59,
,CONFIRMAR_USO_HISTORICO_STOCK_LECTURAS,JUEGBAS357,59,0,1,2025-09-24 09:02:35,2026-03-23 14:21:44,Gerardo Mercier:59,
,CONFIRMAR_USO_HISTORICO_STOCK_LECTURAS,JUEGBAS553,59,1,1,2025-09-24 09:02:35,2026-03-23 14:21:41,Gerardo Mercier:59,
,CONFIRMAR_USO_HISTORICO_STOCK_LECTURAS,JUEGBHA008,59,0,3,2025-09-24 09:02:35,2026-03-23 14:21:44,Gerardo Mercier:59,
,CONFIRMAR_USO_HISTORICO_STOCK_LECTURAS,JUEGBHA020,59,0,6,2025-09-24 08:56:25,2026-03-23 14:21:41,Gerardo Mercier:59,
,CONFIRMAR_USO_HISTORICO_STOCK_LECTURAS,JUEGCAI001,59,1,1,2025-09-24 09:02:35,2026-03-23 14:21:43,Gerardo Mercier:59,
,CONFIRMAR_USO_HISTORICO_STOCK_LECTURAS,JUEGCUB028,59,0,1,2025-09-24 09:02:35,2026-03-23 14:21:44,Gerardo Mercier:59,
,CONFIRMAR_USO_HISTORICO_STOCK_LECTURAS,JUEGCUB038,59,0,1,2025-09-24 09:02:35,2026-03-23 14:21:44,Gerardo Mercier:59,
,CONFIRMAR_USO_HISTORICO_STOCK_LECTURAS,JUEGFUN001,59,7,7,2025-09-24 09:02:35,2026-03-23 14:21:41,Gerardo Mercier:59,
,CONFIRMAR_USO_HISTORICO_STOCK_LECTURAS,JUEGFUN002,59,1,1,2025-09-24 09:02:35,2026-03-23 14:21:41,Gerardo Mercier:59,
,CONFIRMAR_USO_HISTORICO_STOCK_LECTURAS,JUEGFUN003,59,1,1,2025-09-24 09:02:35,2026-03-23 14:21:41,Gerardo Mercier:59,
,CONFIRMAR_USO_HISTORICO_STOCK_LECTURAS,JUEGFUN059,59,2,2,2025-09-24 09:02:35,2026-03-23 14:21:41,Gerardo Mercier:59,
,CONFIRMAR_USO_HISTORICO_STOCK_LECTURAS,JUEGFUN060,59,5,13,2025-09-24 09:02:35,2026-03-23 14:21:41,Gerardo Mercier:59,
,CONFIRMAR_USO_HISTORICO_STOCK_LECTURAS,JUEGFUN081,59,2,4,2025-09-24 09:02:35,2026-03-23 14:21:41,Gerardo Mercier:59,
,CONFIRMAR_USO_HISTORICO_STOCK_LECTURAS,JUEGFUN083,59,2,3,2025-09-24 09:02:35,2026-03-23 14:21:41,Gerardo Mercier:59,
,CONFIRMAR_USO_HISTORICO_STOCK_LECTURAS,JUEGGOD032,59,1,1,2025-09-24 09:02:35,2026-03-23 14:21:42,Gerardo Mercier:59,
,CONFIRMAR_USO_HISTORICO_STOCK_LECTURAS,JUEGGOD033,59,1,1,2025-09-24 09:02:35,2026-03-23 14:21:42,Gerardo Mercier:59,
,CONFIRMAR_USO_HISTORICO_STOCK_LECTURAS,JUEGGOD043,59,1,1,2025-09-24 09:02:35,2026-03-23 14:21:44,Gerardo Mercier:59,
,CONFIRMAR_USO_HISTORICO_STOCK_LECTURAS,JUEGLEA254,59,0,1,2025-09-24 09:02:35,2026-03-23 14:21:43,Gerardo Mercier:59,
,CONFIRMAR_USO_HISTORICO_STOCK_LECTURAS,JUEGLEA317,59,1,1,2025-09-24 09:02:35,2026-03-23 14:21:41,Gerardo Mercier:59,
,CONFIRMAR_USO_HISTORICO_STOCK_LECTURAS,JUEGLEA318,59,1,1,2025-09-24 09:02:35,2026-03-23 14:21:41,Gerardo Mercier:59,
,CONFIRMAR_USO_HISTORICO_STOCK_LECTURAS,JUEGLEA523,59,1,1,2025-09-24 09:02:35,2026-03-23 14:21:44,Gerardo Mercier:59,
,CONFIRMAR_USO_HISTORICO_STOCK_LECTURAS,JUEGROL23136,59,0,867,2025-08-27 13:34:21,2026-03-23 14:14:28,Gerardo Mercier:59,
,CONFIRMAR_USO_HISTORICO_STOCK_LECTURAS,JUEGROL24254,59,1,500,2025-09-24 09:02:33,2026-03-23 14:14:28,Gerardo Mercier:59,
,CONFIRMAR_USO_HISTORICO_STOCK_LECTURAS,JUEGYIN048-1,59,0,5,2025-09-24 09:02:35,2026-03-23 14:21:41,Gerardo Mercier:59,
,CONFIRMAR_USO_HISTORICO_STOCK_LECTURAS,juegcai025,59,0,1,2025-09-04 08:57:51,2026-01-14 08:59:02,Gerardo Mercier:59,
,CONFIRMAR_USO_HISTORICO_STOCK_LECTURAS,D207012,58,0,5,2025-08-21 12:52:20,2026-03-23 14:16:44,Gerardo Mercier:58,
,CONFIRMAR_USO_HISTORICO_STOCK_LECTURAS,D207060,58,0,8,2025-08-21 12:52:20,2026-03-23 14:16:42,Gerardo Mercier:58,
,CONFIRMAR_USO_HISTORICO_STOCK_LECTURAS,D801010,58,1,2,2025-11-18 10:02:31,2026-04-27 10:14:19,Gerardo Mercier:33 | Jonathan Carvajal:25,
,CONFIRMAR_USO_HISTORICO_STOCK_LECTURAS,JUEGBAS335,58,0,5,2025-09-25 10:44:47,2026-03-23 14:21:41,Gerardo Mercier:58,
,CONFIRMAR_USO_HISTORICO_STOCK_LECTURAS,JUEGBAS402,58,0,3,2025-09-25 10:44:47,2026-03-23 14:21:41,Gerardo Mercier:58,
,CONFIRMAR_USO_HISTORICO_STOCK_LECTURAS,JUEGBAS471-1,58,1,1,2025-09-25 10:44:47,2026-03-23 14:21:44,Gerardo Mercier:58,
,CONFIRMAR_USO_HISTORICO_STOCK_LECTURAS,JUEGBHA043-1,58,1,1,2025-09-25 10:44:48,2026-03-23 14:21:41,Gerardo Mercier:58,
,CONFIRMAR_USO_HISTORICO_STOCK_LECTURAS,JUEGBHA045,58,3,9,2025-09-25 10:44:48,2026-03-23 14:21:41,Gerardo Mercier:58,
,CONFIRMAR_USO_HISTORICO_STOCK_LECTURAS,JUEGDUP072,58,5,5,2025-09-25 10:44:48,2026-03-23 14:21:41,Gerardo Mercier:58,
,CONFIRMAR_USO_HISTORICO_STOCK_LECTURAS,JUEGPLAS000134,58,4,4,2025-09-25 10:44:48,2026-03-23 14:21:41,Gerardo Mercier:58,
,CONFIRMAR_USO_HISTORICO_STOCK_LECTURAS,JUEGROL651,58,10,12,2025-11-11 16:30:31,2026-04-27 10:14:22,Gerardo Mercier:39 | Jonathan Carvajal:19,
,CONFIRMAR_USO_HISTORICO_STOCK_LECTURAS,JUEGXIN001,58,1,1,2025-09-25 10:44:48,2026-03-23 14:21:41,Gerardo Mercier:58,
,CONFIRMAR_USO_HISTORICO_STOCK_LECTURAS,JUEGYIN149,58,1,1,2025-09-25 10:44:48,2026-03-23 14:21:41,Gerardo Mercier:58,
,CONFIRMAR_USO_HISTORICO_STOCK_LECTURAS,LAMIJMI010,58,3,3,2025-09-25 10:44:48,2026-03-23 14:21:41,Gerardo Mercier:58,
,CONFIRMAR_USO_HISTORICO_STOCK_LECTURAS,LAMIJMI015,58,7,7,2025-09-25 10:44:48,2026-03-23 14:21:41,Gerardo Mercier:58,
,CONFIRMAR_USO_HISTORICO_STOCK_LECTURAS,MAPAJMI002,58,1,1,2025-09-25 10:44:48,2026-03-23 14:21:41,Gerardo Mercier:58,
,CONFIRMAR_USO_HISTORICO_STOCK_LECTURAS,PELOBRU007,58,0,3,2025-09-25 10:44:48,2026-03-23 14:21:41,Gerardo Mercier:58,
,CONFIRMAR_USO_HISTORICO_STOCK_LECTURAS,d705029,58,1,2,2025-08-21 12:52:58,2026-01-07 08:50:05,Gerardo Mercier:58,
,CONFIRMAR_USO_HISTORICO_STOCK_LECTURAS,ARENBEI007,57,0,10,2025-10-13 12:29:28,2026-04-27 10:14:18,Gerardo Mercier:48 | Jonathan Carvajal:9,
,CONFIRMAR_USO_HISTORICO_STOCK_LECTURAS,D301002,57,0,2,2025-09-24 08:59:25,2026-03-23 14:16:43,Gerardo Mercier:57,
,CONFIRMAR_USO_HISTORICO_STOCK_LECTURAS,JUEGBAS233,57,1,2,2025-09-24 08:56:25,2026-03-23 14:21:42,Gerardo Mercier:57,
,CONFIRMAR_USO_HISTORICO_STOCK_LECTURAS,JUEGCAI029,57,1,1,2025-09-26 09:05:48,2026-03-23 14:21:42,Gerardo Mercier:57,
,CONFIRMAR_USO_HISTORICO_STOCK_LECTURAS,JUEGCUB055,57,1,2,2025-09-26 09:05:48,2026-03-23 14:21:42,Gerardo Mercier:57,
,CONFIRMAR_USO_HISTORICO_STOCK_LECTURAS,JUEGCUB069,57,2,3,2025-09-26 09:05:48,2026-03-23 14:21:42,Gerardo Mercier:57,
,CONFIRMAR_USO_HISTORICO_STOCK_LECTURAS,JUEGFUN038,57,1,1,2025-09-26 09:05:48,2026-03-23 14:21:42,Gerardo Mercier:57,
,CONFIRMAR_USO_HISTORICO_STOCK_LECTURAS,JUEGFUN065,57,1,1,2025-09-26 09:05:48,2026-03-23 14:21:42,Gerardo Mercier:57,
,CONFIRMAR_USO_HISTORICO_STOCK_LECTURAS,JUEGFUN075,57,1,1,2025-09-26 09:05:48,2026-03-23 14:21:42,Gerardo Mercier:57,
,CONFIRMAR_USO_HISTORICO_STOCK_LECTURAS,JUEGGEN031,57,1,1,2025-09-26 09:05:48,2026-03-23 14:21:42,Gerardo Mercier:57,
,CONFIRMAR_USO_HISTORICO_STOCK_LECTURAS,JUEGGEN033,57,1,1,2025-09-26 09:05:48,2026-03-23 14:21:42,Gerardo Mercier:57,
,CONFIRMAR_USO_HISTORICO_STOCK_LECTURAS,JUEGGEN049,57,0,1,2025-09-24 08:56:25,2026-03-23 14:21:42,Gerardo Mercier:57,
,CONFIRMAR_USO_HISTORICO_STOCK_LECTURAS,JUEGINT149,57,0,1,2025-09-26 09:05:48,2026-03-23 14:21:42,Gerardo Mercier:57,
,CONFIRMAR_USO_HISTORICO_STOCK_LECTURAS,JUEGMIN024,57,0,2,2025-09-26 09:05:48,2026-03-23 14:21:41,Gerardo Mercier:57,
,CONFIRMAR_USO_HISTORICO_STOCK_LECTURAS,JUEGMIN025,57,3,4,2025-09-26 09:05:48,2026-03-23 14:21:41,Gerardo Mercier:57,
,CONFIRMAR_USO_HISTORICO_STOCK_LECTURAS,JUEGMIN027,57,8,10,2025-09-26 09:05:48,2026-03-23 14:21:41,Gerardo Mercier:57,
,CONFIRMAR_USO_HISTORICO_STOCK_LECTURAS,JUEGMIN028,57,0,1,2025-09-26 09:05:48,2026-03-23 14:21:41,Gerardo Mercier:57,
,CONFIRMAR_USO_HISTORICO_STOCK_LECTURAS,JUEGMIN162,57,3,3,2025-09-26 09:05:48,2026-03-23 14:21:41,Gerardo Mercier:57,
,CONFIRMAR_USO_HISTORICO_STOCK_LECTURAS,JUEGROLB001,57,0,34,2025-08-27 13:34:23,2026-03-23 14:14:27,Gerardo Mercier:57,
,CONFIRMAR_USO_HISTORICO_STOCK_LECTURAS,JUEGYIN053,57,1,2,2025-09-26 09:05:48,2026-03-23 14:21:42,Gerardo Mercier:57,
,CONFIRMAR_USO_HISTORICO_STOCK_LECTURAS,PIZACUB006,57,1,1,2025-09-26 09:05:48,2026-03-23 14:21:42,Gerardo Mercier:57,
,CONFIRMAR_USO_HISTORICO_STOCK_LECTURAS,PIZACUB007,57,7,9,2025-09-26 09:05:48,2026-03-23 14:21:42,Gerardo Mercier:57,
,CONFIRMAR_USO_HISTORICO_STOCK_LECTURAS,PIZACUB141,57,2,2,2025-09-26 09:05:48,2026-03-23 14:21:42,Gerardo Mercier:57,
,CONFIRMAR_USO_HISTORICO_STOCK_LECTURAS,PIZACUB211,57,14,24,2025-09-26 09:05:48,2026-03-23 14:21:42,Gerardo Mercier:57,
,CONFIRMAR_USO_HISTORICO_STOCK_LECTURAS,T401058,57,0,3,2025-09-24 08:59:25,2026-03-23 14:16:44,Gerardo Mercier:57,
,CONFIRMAR_USO_HISTORICO_STOCK_LECTURAS,d101005,57,0,1,2025-08-21 12:52:58,2026-04-27 10:14:18,Gerardo Mercier:32 | Jonathan Carvajal:25,
,CONFIRMAR_USO_HISTORICO_STOCK_LECTURAS,d101011,57,0,2,2025-08-21 12:52:58,2026-04-27 10:14:18,Gerardo Mercier:32 | Jonathan Carvajal:25,
,CONFIRMAR_USO_HISTORICO_STOCK_LECTURAS,d807061,57,1,4,2025-08-21 12:52:58,2026-04-27 10:14:19,Gerardo Mercier:32 | Jonathan Carvajal:25,
,CONFIRMAR_USO_HISTORICO_STOCK_LECTURAS,4014585,56,1,5,2025-09-03 13:47:23,2026-04-27 10:14:18,Gerardo Mercier:31 | Jonathan Carvajal:25,
,CONFIRMAR_USO_HISTORICO_STOCK_LECTURAS,BALAANA002,56,1,1,2025-09-29 08:58:04,2026-03-23 14:21:42,Gerardo Mercier:56,
,CONFIRMAR_USO_HISTORICO_STOCK_LECTURAS,D101041,56,0,1,2025-09-24 09:02:33,2026-03-23 14:16:44,Gerardo Mercier:56,
,CONFIRMAR_USO_HISTORICO_STOCK_LECTURAS,GRANCAPITAL,56,1,5,2025-09-24 09:02:34,2026-03-23 14:26:22,Gerardo Mercier:56,
,CONFIRMAR_USO_HISTORICO_STOCK_LECTURAS,JUEGBAS189,56,1,1,2025-09-29 08:58:04,2026-03-23 14:21:42,Gerardo Mercier:56,
,CONFIRMAR_USO_HISTORICO_STOCK_LECTURAS,JUEGFUN019,56,1,2,2025-09-29 08:58:04,2026-03-23 14:21:42,Gerardo Mercier:56,
,CONFIRMAR_USO_HISTORICO_STOCK_LECTURAS,JUEGGOD011,56,1,2,2025-09-29 08:58:04,2026-03-23 14:21:42,Gerardo Mercier:56,
,CONFIRMAR_USO_HISTORICO_STOCK_LECTURAS,JUEGGOD014,56,0,1,2025-09-29 08:58:04,2026-03-23 14:21:42,Gerardo Mercier:56,
,CONFIRMAR_USO_HISTORICO_STOCK_LECTURAS,JUEGGRE092,56,1,1,2025-09-29 08:58:04,2026-03-23 14:21:42,Gerardo Mercier:56,
,CONFIRMAR_USO_HISTORICO_STOCK_LECTURAS,JUEGJAI1234,56,1,11,2025-11-20 14:51:01,2026-04-27 10:14:20,Gerardo Mercier:31 | Jonathan Carvajal:25,
,CONFIRMAR_USO_HISTORICO_STOCK_LECTURAS,JUEGLEA007,56,1,2,2025-09-29 08:58:04,2026-03-23 14:21:42,Gerardo Mercier:56,
,CONFIRMAR_USO_HISTORICO_STOCK_LECTURAS,JUEGLEA016,56,1,1,2025-09-29 08:58:04,2026-03-23 14:21:42,Gerardo Mercier:56,
,CONFIRMAR_USO_HISTORICO_STOCK_LECTURAS,JUEGLEA107,56,0,1,2025-09-29 08:58:04,2026-03-23 14:21:42,Gerardo Mercier:56,
,CONFIRMAR_USO_HISTORICO_STOCK_LECTURAS,JUEGLEA127,56,0,2,2025-09-29 08:58:04,2026-03-23 14:21:42,Gerardo Mercier:56,
,CONFIRMAR_USO_HISTORICO_STOCK_LECTURAS,JUEGLEA223,56,0,1,2025-09-29 08:58:04,2026-03-23 14:21:42,Gerardo Mercier:56,
,CONFIRMAR_USO_HISTORICO_STOCK_LECTURAS,JUEGLEA251,56,1,1,2025-09-29 08:58:04,2026-03-23 14:21:42,Gerardo Mercier:56,
,CONFIRMAR_USO_HISTORICO_STOCK_LECTURAS,JUEGLEA312,56,1,1,2025-09-29 08:58:04,2026-03-23 14:21:42,Gerardo Mercier:56,
,CONFIRMAR_USO_HISTORICO_STOCK_LECTURAS,JUEGLEA319,56,0,1,2025-09-29 08:58:04,2026-03-23 14:21:42,Gerardo Mercier:56,
,CONFIRMAR_USO_HISTORICO_STOCK_LECTURAS,JUEGLEA432,56,1,1,2025-09-29 08:58:04,2026-03-23 14:21:42,Gerardo Mercier:56,
,CONFIRMAR_USO_HISTORICO_STOCK_LECTURAS,JUEGMIN019,56,1,2,2025-09-29 08:58:04,2026-03-23 14:21:42,Gerardo Mercier:56,
,CONFIRMAR_USO_HISTORICO_STOCK_LECTURAS,JUEGPLAS1041,56,1,3,2025-09-25 10:44:48,2026-03-23 14:26:21,Gerardo Mercier:56,
,CONFIRMAR_USO_HISTORICO_STOCK_LECTURAS,JUEGPLAS1204,56,11,11,2025-09-25 10:44:48,2026-03-23 14:26:22,Gerardo Mercier:56,
,CONFIRMAR_USO_HISTORICO_STOCK_LECTURAS,JUEGPLO002,56,1,2,2025-09-29 08:58:04,2026-03-23 14:21:42,Gerardo Mercier:56,
,CONFIRMAR_USO_HISTORICO_STOCK_LECTURAS,JUEGPLO034,56,0,3,2025-09-29 08:58:04,2026-03-23 14:21:42,Gerardo Mercier:56,
,CONFIRMAR_USO_HISTORICO_STOCK_LECTURAS,JUEGQIA028,56,1,1,2025-09-29 08:58:04,2026-03-23 14:21:42,Gerardo Mercier:56,
,CONFIRMAR_USO_HISTORICO_STOCK_LECTURAS,JUEGROL24243,56,0,4129,2025-08-27 13:34:22,2026-04-27 10:14:21,Gerardo Mercier:31 | Jonathan Carvajal:25,
,CONFIRMAR_USO_HISTORICO_STOCK_LECTURAS,JUEGTEA005,56,1,1,2025-09-29 08:58:04,2026-03-23 14:21:42,Gerardo Mercier:56,
,CONFIRMAR_USO_HISTORICO_STOCK_LECTURAS,JUEGTEA078,56,1,1,2025-09-29 08:58:04,2026-03-23 14:21:42,Gerardo Mercier:56,
,CONFIRMAR_USO_HISTORICO_STOCK_LECTURAS,JUEGTIM027,56,1,1,2025-09-29 08:58:04,2026-03-23 14:21:42,Gerardo Mercier:56,
,CONFIRMAR_USO_HISTORICO_STOCK_LECTURAS,JUEGUSL237,56,1,1,2025-09-29 08:58:04,2026-03-23 14:21:42,Gerardo Mercier:56,
,CONFIRMAR_USO_HISTORICO_STOCK_LECTURAS,JUEGWIS005,56,28,28,2025-09-29 08:58:04,2026-03-23 14:21:42,Gerardo Mercier:56,
,CONFIRMAR_USO_HISTORICO_STOCK_LECTURAS,JUEGYIN030,56,1,1,2025-09-29 08:58:04,2026-03-23 14:21:42,Gerardo Mercier:56,
,CONFIRMAR_USO_HISTORICO_STOCK_LECTURAS,JUEGYIN035,56,3,4,2025-09-29 08:58:04,2026-03-23 14:21:42,Gerardo Mercier:56,
,CONFIRMAR_USO_HISTORICO_STOCK_LECTURAS,JUEGYIN039,56,1,7,2025-09-29 08:58:04,2026-03-23 14:21:42,Gerardo Mercier:56,
,CONFIRMAR_USO_HISTORICO_STOCK_LECTURAS,JUEGYIN091,56,1,2,2025-09-29 08:58:04,2026-03-23 14:21:42,Gerardo Mercier:56,
,CONFIRMAR_USO_HISTORICO_STOCK_LECTURAS,JUEGYIN099,56,0,1,2025-09-29 08:58:04,2026-03-23 14:21:42,Gerardo Mercier:56,
,CONFIRMAR_USO_HISTORICO_STOCK_LECTURAS,JUEGYIN101,56,1,1,2025-09-29 08:58:04,2026-03-23 14:21:42,Gerardo Mercier:56,
,CONFIRMAR_USO_HISTORICO_STOCK_LECTURAS,JUEGYIN120,56,0,2,2025-09-29 08:58:04,2026-03-23 14:21:42,Gerardo Mercier:56,
,CONFIRMAR_USO_HISTORICO_STOCK_LECTURAS,JUEGZHE007,56,1,4,2025-09-29 08:58:04,2026-03-23 14:21:42,Gerardo Mercier:56,
,CONFIRMAR_USO_HISTORICO_STOCK_LECTURAS,JUEGZHE074,56,1,1,2025-09-29 08:58:04,2026-03-23 14:21:42,Gerardo Mercier:56,
,CONFIRMAR_USO_HISTORICO_STOCK_LECTURAS,JUEGZHE125,56,1,3,2025-09-29 08:58:04,2026-03-23 14:21:42,Gerardo Mercier:56,
,CONFIRMAR_USO_HISTORICO_STOCK_LECTURAS,JUEGZHE225,56,1,1,2025-09-29 08:58:04,2026-03-23 14:21:42,Gerardo Mercier:56,
,CONFIRMAR_USO_HISTORICO_STOCK_LECTURAS,JUEGZHE239,56,1,1,2025-09-29 08:58:04,2026-03-23 14:21:42,Gerardo Mercier:56,
,CONFIRMAR_USO_HISTORICO_STOCK_LECTURAS,JUEGZHE240,56,2,2,2025-09-29 08:58:04,2026-03-23 14:21:42,Gerardo Mercier:56,
,CONFIRMAR_USO_HISTORICO_STOCK_LECTURAS,JUEGZHE241,56,4,4,2025-09-29 08:58:04,2026-03-23 14:21:42,Gerardo Mercier:56,
,CONFIRMAR_USO_HISTORICO_STOCK_LECTURAS,JUEGZHE242,56,1,1,2025-09-29 08:58:04,2026-03-23 14:21:42,Gerardo Mercier:56,
,CONFIRMAR_USO_HISTORICO_STOCK_LECTURAS,JUEGZHE260,56,2,2,2025-09-29 08:58:04,2026-03-23 14:21:42,Gerardo Mercier:56,
,CONFIRMAR_USO_HISTORICO_STOCK_LECTURAS,JUEGZHE382,56,1,2,2025-09-29 08:58:04,2026-03-23 14:21:42,Gerardo Mercier:56,
,CONFIRMAR_USO_HISTORICO_STOCK_LECTURAS,T401050,56,0,2,2025-09-24 09:02:34,2026-03-23 14:16:43,Gerardo Mercier:56,
,CONFIRMAR_USO_HISTORICO_STOCK_LECTURAS,d101035,56,1,5,2025-08-21 12:52:58,2026-04-27 10:14:18,Gerardo Mercier:31 | Jonathan Carvajal:25,
,CONFIRMAR_USO_HISTORICO_STOCK_LECTURAS,e9383,56,1,2,2025-08-21 12:52:58,2026-04-27 10:14:19,Gerardo Mercier:31 | Jonathan Carvajal:25,
,CONFIRMAR_USO_HISTORICO_STOCK_LECTURAS,juegrol23105,56,36,39,2025-08-27 13:36:10,2025-12-30 08:56:35,Gerardo Mercier:56,
,CONFIRMAR_USO_HISTORICO_STOCK_LECTURAS,pt-ev00601,56,0,5,2025-08-21 12:52:59,2026-04-27 10:14:23,Gerardo Mercier:31 | Jonathan Carvajal:25,
,CONFIRMAR_USO_HISTORICO_STOCK_LECTURAS,218AFA335,55,1,3,2025-11-20 14:51:03,2026-04-27 10:14:18,Gerardo Mercier:30 | Jonathan Carvajal:25,
,CONFIRMAR_USO_HISTORICO_STOCK_LECTURAS,E5044,55,3,6,2025-10-29 09:50:34,2026-04-27 10:14:19,Gerardo Mercier:40 | Jonathan Carvajal:15,
,CONFIRMAR_USO_HISTORICO_STOCK_LECTURAS,JUEGBAS541,55,1,1,2025-09-30 10:53:30,2026-03-23 14:21:42,Gerardo Mercier:55,
,CONFIRMAR_USO_HISTORICO_STOCK_LECTURAS,JUEGFUN030,55,1,1,2025-09-30 10:53:30,2026-03-23 14:21:42,Gerardo Mercier:55,
,CONFIRMAR_USO_HISTORICO_STOCK_LECTURAS,JUEGGRE078,55,3,3,2025-09-30 10:53:30,2026-03-23 14:21:42,Gerardo Mercier:55,
,CONFIRMAR_USO_HISTORICO_STOCK_LECTURAS,JUEGINV010,55,1,1,2025-09-30 10:53:30,2026-03-23 14:21:42,Gerardo Mercier:55,
,CONFIRMAR_USO_HISTORICO_STOCK_LECTURAS,JUEGJAID5,55,1,8,2025-11-25 09:14:38,2026-04-27 10:14:21,Gerardo Mercier:30 | Jonathan Carvajal:25,
,CONFIRMAR_USO_HISTORICO_STOCK_LECTURAS,JUEGJAIMTR,55,0,3,2025-11-25 09:14:38,2026-04-27 10:14:21,Gerardo Mercier:30 | Jonathan Carvajal:25,
,CONFIRMAR_USO_HISTORICO_STOCK_LECTURAS,JUEGLEA326,55,1,1,2025-09-30 10:53:30,2026-03-23 14:21:44,Gerardo Mercier:55,
,CONFIRMAR_USO_HISTORICO_STOCK_LECTURAS,JUEGMIN018,55,1,1,2025-09-30 10:53:30,2026-03-23 14:21:42,Gerardo Mercier:55,
,CONFIRMAR_USO_HISTORICO_STOCK_LECTURAS,JUEGPLO028,55,2,2,2025-09-30 10:53:30,2026-03-23 14:21:42,Gerardo Mercier:55,
,CONFIRMAR_USO_HISTORICO_STOCK_LECTURAS,JUEGPLO028A,55,2,4,2025-09-30 10:53:30,2026-03-23 14:21:42,Gerardo Mercier:55,
,CONFIRMAR_USO_HISTORICO_STOCK_LECTURAS,JUEGPLO070,55,2,3,2025-09-30 10:53:30,2026-03-23 14:21:42,Gerardo Mercier:55,
,CONFIRMAR_USO_HISTORICO_STOCK_LECTURAS,JUEGPLO075,55,4,4,2025-09-30 10:53:30,2026-03-23 14:21:42,Gerardo Mercier:55,
,CONFIRMAR_USO_HISTORICO_STOCK_LECTURAS,JUEGPLO121,55,2,2,2025-09-30 10:53:30,2026-03-23 14:21:42,Gerardo Mercier:55,
,CONFIRMAR_USO_HISTORICO_STOCK_LECTURAS,JUEGROL23138,55,0,285,2025-08-27 13:34:22,2026-04-27 10:14:21,Gerardo Mercier:30 | Jonathan Carvajal:25,
,CONFIRMAR_USO_HISTORICO_STOCK_LECTURAS,JUEGSH1605,55,1,4,2025-11-25 09:14:38,2026-04-27 10:14:22,Gerardo Mercier:30 | Jonathan Carvajal:25,
,CONFIRMAR_USO_HISTORICO_STOCK_LECTURAS,JUEGSON211,55,1,1,2025-09-30 10:53:30,2026-03-23 14:21:42,Gerardo Mercier:55,
,CONFIRMAR_USO_HISTORICO_STOCK_LECTURAS,JUEGTEA092-1,55,1,1,2025-09-30 10:53:30,2026-03-23 14:21:42,Gerardo Mercier:55,
,CONFIRMAR_USO_HISTORICO_STOCK_LECTURAS,JUEGWIS033-1,55,8,9,2025-09-30 10:53:30,2026-03-23 14:21:42,Gerardo Mercier:55,
,CONFIRMAR_USO_HISTORICO_STOCK_LECTURAS,JUEGYIN021,55,1,2,2025-09-30 10:53:30,2026-03-23 14:21:42,Gerardo Mercier:55,
,CONFIRMAR_USO_HISTORICO_STOCK_LECTURAS,JUEGYIN023-3,55,3,3,2025-09-30 10:53:30,2026-03-23 14:21:42,Gerardo Mercier:55,
,CONFIRMAR_USO_HISTORICO_STOCK_LECTURAS,JUEGYIN034-2,55,1,1,2025-09-30 10:53:30,2026-03-23 14:21:42,Gerardo Mercier:55,
,CONFIRMAR_USO_HISTORICO_STOCK_LECTURAS,JUEGYIN047,55,1,3,2025-09-30 10:53:30,2026-03-23 14:21:42,Gerardo Mercier:55,
,CONFIRMAR_USO_HISTORICO_STOCK_LECTURAS,JUEGYIN066-1,55,4,5,2025-09-30 10:53:30,2026-03-23 14:21:42,Gerardo Mercier:55,
,CONFIRMAR_USO_HISTORICO_STOCK_LECTURAS,JUEGYIN097,55,0,1,2025-09-30 10:53:30,2026-03-23 14:21:42,Gerardo Mercier:55,
,CONFIRMAR_USO_HISTORICO_STOCK_LECTURAS,JUEGYIN101-1,55,6,8,2025-09-30 10:53:30,2026-03-23 14:21:42,Gerardo Mercier:55,
,CONFIRMAR_USO_HISTORICO_STOCK_LECTURAS,JUEGYIN107-1,55,21,96,2025-09-30 10:53:30,2026-03-23 14:21:42,Gerardo Mercier:55,
,CONFIRMAR_USO_HISTORICO_STOCK_LECTURAS,JUEGYIN163,55,2,2,2025-09-30 10:53:30,2026-03-23 14:21:42,Gerardo Mercier:55,
,CONFIRMAR_USO_HISTORICO_STOCK_LECTURAS,LTBRIBA007-2,55,21,38,2025-09-30 10:53:30,2026-03-23 14:21:42,Gerardo Mercier:55,
,CONFIRMAR_USO_HISTORICO_STOCK_LECTURAS,LTBRIBA035-1,55,2,85,2025-09-30 10:53:30,2026-03-23 14:21:42,Gerardo Mercier:55,
,CONFIRMAR_USO_HISTORICO_STOCK_LECTURAS,LTSALDA147-1,55,18,21,2025-09-30 10:53:30,2026-03-23 14:21:42,Gerardo Mercier:55,
,CONFIRMAR_USO_HISTORICO_STOCK_LECTURAS,LTSALDA589,55,6,6,2025-09-30 10:53:30,2026-03-23 14:21:42,Gerardo Mercier:55,
,CONFIRMAR_USO_HISTORICO_STOCK_LECTURAS,LTSALDA849,55,14,14,2025-09-30 10:53:30,2026-03-23 14:21:42,Gerardo Mercier:55,
,CONFIRMAR_USO_HISTORICO_STOCK_LECTURAS,MK-102B,55,1,1,2025-09-26 09:05:48,2026-03-23 14:26:20,Gerardo Mercier:55,
,CONFIRMAR_USO_HISTORICO_STOCK_LECTURAS,STICLON008,55,8,8,2025-09-30 10:53:30,2026-03-23 14:21:42,Gerardo Mercier:55,
,CONFIRMAR_USO_HISTORICO_STOCK_LECTURAS,STICLON011,55,22,22,2025-09-30 10:53:30,2026-03-23 14:21:42,Gerardo Mercier:55,
,CONFIRMAR_USO_HISTORICO_STOCK_LECTURAS,STICLON116,55,9,9,2025-09-30 10:53:30,2026-03-23 14:21:42,Gerardo Mercier:55,
,CONFIRMAR_USO_HISTORICO_STOCK_LECTURAS,d401004,55,1,2,2025-08-21 12:52:58,2025-12-30 08:56:36,Gerardo Mercier:55,
,CONFIRMAR_USO_HISTORICO_STOCK_LECTURAS,d603002,55,1,2,2025-08-21 12:52:58,2025-12-30 08:56:37,Gerardo Mercier:55,
,CONFIRMAR_USO_HISTORICO_STOCK_LECTURAS,d705020,55,1,3,2025-08-21 12:52:58,2025-12-30 08:56:37,Gerardo Mercier:55,
,CONFIRMAR_USO_HISTORICO_STOCK_LECTURAS,d707012,55,2,12,2025-08-21 12:52:58,2025-12-30 08:56:37,Gerardo Mercier:55,
,CONFIRMAR_USO_HISTORICO_STOCK_LECTURAS,ncd04001,55,1,1,2025-08-21 12:52:58,2025-12-30 08:56:38,Gerardo Mercier:55,
,CONFIRMAR_USO_HISTORICO_STOCK_LECTURAS,17557,54,2,5,2025-09-24 08:56:24,2026-04-27 10:14:18,Gerardo Mercier:29 | Jonathan Carvajal:25,
,CONFIRMAR_USO_HISTORICO_STOCK_LECTURAS,D301023,54,1,1,2025-09-29 08:58:04,2026-03-23 14:16:44,Gerardo Mercier:54,
,CONFIRMAR_USO_HISTORICO_STOCK_LECTURAS,DEPPINPEL049,54,0,1,2025-11-25 09:14:40,2026-04-27 10:14:19,Gerardo Mercier:29 | Jonathan Carvajal:25,
,CONFIRMAR_USO_HISTORICO_STOCK_LECTURAS,ERIZO1,54,1,6,2025-11-25 09:14:40,2026-04-27 10:14:20,Gerardo Mercier:29 | Jonathan Carvajal:25,
,CONFIRMAR_USO_HISTORICO_STOCK_LECTURAS,GIACCCLA004,54,2,7,2025-11-25 09:14:40,2026-04-27 10:14:20,Gerardo Mercier:29 | Jonathan Carvajal:25,
,CONFIRMAR_USO_HISTORICO_STOCK_LECTURAS,JA0345158,54,1,1,2025-09-26 09:05:47,2026-03-23 14:26:20,Gerardo Mercier:54,
,CONFIRMAR_USO_HISTORICO_STOCK_LECTURAS,JUEGLUE022,54,2,5,2025-09-24 08:56:26,2026-03-23 14:21:42,Gerardo Mercier:54,
,CONFIRMAR_USO_HISTORICO_STOCK_LECTURAS,JUEGO1,54,1,1,2025-09-26 09:05:47,2026-03-23 14:26:20,Gerardo Mercier:54,
,CONFIRMAR_USO_HISTORICO_STOCK_LECTURAS,JUEGROL20855,54,0,5,2025-08-27 13:34:22,2026-03-23 14:14:27,Gerardo Mercier:54,
,CONFIRMAR_USO_HISTORICO_STOCK_LECTURAS,JUEGROL23867,54,0,10,2025-08-27 13:34:21,2026-04-27 10:14:21,Gerardo Mercier:29 | Jonathan Carvajal:25,
,CONFIRMAR_USO_HISTORICO_STOCK_LECTURAS,JUEGROL25842,54,2,306,2025-11-11 16:30:31,2026-04-15 17:54:25,Gerardo Mercier:39 | Jonathan Carvajal:15,
,CONFIRMAR_USO_HISTORICO_STOCK_LECTURAS,JUEGROL804,54,0,3,2025-08-27 13:34:22,2026-03-23 14:14:27,Gerardo Mercier:54,
,CONFIRMAR_USO_HISTORICO_STOCK_LECTURAS,LAMIJMI025,54,1,2,2025-09-24 08:56:27,2026-03-23 14:21:42,Gerardo Mercier:54,
,CONFIRMAR_USO_HISTORICO_STOCK_LECTURAS,LUPASHI001,54,2,16,2025-10-09 14:23:06,2026-03-23 14:21:44,Gerardo Mercier:54,
,CONFIRMAR_USO_HISTORICO_STOCK_LECTURAS,d207024,54,3,8,2025-08-21 12:52:58,2025-12-30 08:56:36,Gerardo Mercier:54,
,CONFIRMAR_USO_HISTORICO_STOCK_LECTURAS,d207079,54,0,2,2025-08-21 12:52:58,2025-12-30 08:56:36,Gerardo Mercier:54,
,CONFIRMAR_USO_HISTORICO_STOCK_LECTURAS,d605002,54,0,1,2025-08-21 12:52:58,2025-12-30 08:56:37,Gerardo Mercier:54,
,CONFIRMAR_USO_HISTORICO_STOCK_LECTURAS,d705075,54,2,2,2025-08-21 12:52:58,2025-12-30 08:56:37,Gerardo Mercier:54,
,CONFIRMAR_USO_HISTORICO_STOCK_LECTURAS,d705077,54,2,2,2025-08-21 12:52:58,2025-12-30 08:56:37,Gerardo Mercier:54,
,CONFIRMAR_USO_HISTORICO_STOCK_LECTURAS,d705078,54,0,1,2025-08-21 12:52:58,2025-12-30 08:56:37,Gerardo Mercier:54,
,CONFIRMAR_USO_HISTORICO_STOCK_LECTURAS,juegjai301,54,2,5,2025-09-02 08:54:58,2025-12-30 08:56:38,Gerardo Mercier:54,
,CONFIRMAR_USO_HISTORICO_STOCK_LECTURAS,juegjaic4,54,5,5,2025-09-02 08:54:58,2025-12-30 08:56:38,Gerardo Mercier:54,
,CONFIRMAR_USO_HISTORICO_STOCK_LECTURAS,mk03164,54,1,1,2025-08-21 12:52:58,2025-12-30 08:56:38,Gerardo Mercier:54,
,CONFIRMAR_USO_HISTORICO_STOCK_LECTURAS,CORTMAG004,53,1,1,2025-10-02 10:07:30,2026-03-23 14:21:42,Gerardo Mercier:53,
,CONFIRMAR_USO_HISTORICO_STOCK_LECTURAS,DADODAD001-3,53,5,5,2025-10-02 10:07:30,2026-03-23 14:21:42,Gerardo Mercier:53,
,CONFIRMAR_USO_HISTORICO_STOCK_LECTURAS,DGB002,53,1,7,2025-11-26 10:09:38,2026-04-27 10:14:19,Gerardo Mercier:28 | Jonathan Carvajal:25,
,CONFIRMAR_USO_HISTORICO_STOCK_LECTURAS,DLN001,53,1,13,2025-11-26 10:09:38,2026-04-27 10:14:19,Gerardo Mercier:28 | Jonathan Carvajal:25,
,CONFIRMAR_USO_HISTORICO_STOCK_LECTURAS,DRP001,53,1,1,2025-11-26 10:09:38,2026-04-27 10:14:19,Gerardo Mercier:28 | Jonathan Carvajal:25,
,CONFIRMAR_USO_HISTORICO_STOCK_LECTURAS,HUINCHACM,53,29,29,2025-09-30 10:53:30,2026-03-23 14:26:22,Gerardo Mercier:53,
,CONFIRMAR_USO_HISTORICO_STOCK_LECTURAS,IMANEDU003,53,2,2,2025-10-02 10:07:30,2026-03-23 14:21:42,Gerardo Mercier:53,
,CONFIRMAR_USO_HISTORICO_STOCK_LECTURAS,JUEGBAS313,53,0,1,2025-12-01 10:22:46,2026-04-27 10:14:20,Gerardo Mercier:28 | Jonathan Carvajal:25,
,CONFIRMAR_USO_HISTORICO_STOCK_LECTURAS,JUEGBAS338-1,53,10,10,2025-10-02 10:07:30,2026-03-23 14:21:42,Gerardo Mercier:53,
,CONFIRMAR_USO_HISTORICO_STOCK_LECTURAS,JUEGBAS367,53,0,2,2025-10-02 10:07:30,2026-03-23 14:21:42,Gerardo Mercier:53,
,CONFIRMAR_USO_HISTORICO_STOCK_LECTURAS,JUEGBAS421,53,1,1,2025-10-02 10:07:30,2026-03-23 14:21:42,Gerardo Mercier:53,
,CONFIRMAR_USO_HISTORICO_STOCK_LECTURAS,JUEGBAS495,53,1,2,2025-10-02 10:07:30,2026-03-23 14:21:42,Gerardo Mercier:53,
,CONFIRMAR_USO_HISTORICO_STOCK_LECTURAS,JUEGCUB110,53,2,4,2025-10-02 10:07:30,2026-03-23 14:21:42,Gerardo Mercier:53,
,CONFIRMAR_USO_HISTORICO_STOCK_LECTURAS,JUEGDOM003,53,0,2,2025-10-02 10:07:30,2026-03-23 14:21:42,Gerardo Mercier:53,
,CONFIRMAR_USO_HISTORICO_STOCK_LECTURAS,JUEGFUN018,53,1,1,2025-10-02 10:07:30,2026-03-23 14:21:42,Gerardo Mercier:53,
,CONFIRMAR_USO_HISTORICO_STOCK_LECTURAS,JUEGFUN036A,53,8,30,2025-10-02 10:07:30,2026-03-23 14:21:42,Gerardo Mercier:53,
,CONFIRMAR_USO_HISTORICO_STOCK_LECTURAS,JUEGFUN055,53,0,1,2025-10-02 10:07:30,2026-03-23 14:21:42,Gerardo Mercier:53,
,CONFIRMAR_USO_HISTORICO_STOCK_LECTURAS,JUEGFUN082,53,1,1,2025-10-02 10:07:30,2026-03-23 14:21:42,Gerardo Mercier:53,
,CONFIRMAR_USO_HISTORICO_STOCK_LECTURAS,JUEGGRE058,53,1,1,2025-10-02 10:07:30,2026-03-23 14:21:42,Gerardo Mercier:53,
,CONFIRMAR_USO_HISTORICO_STOCK_LECTURAS,JUEGGRE064,53,3,4,2025-10-02 10:07:30,2026-03-23 14:21:42,Gerardo Mercier:53,
,CONFIRMAR_USO_HISTORICO_STOCK_LECTURAS,JUEGHAN003,53,1,1,2025-10-02 10:07:30,2026-03-23 14:21:42,Gerardo Mercier:53,
,CONFIRMAR_USO_HISTORICO_STOCK_LECTURAS,JUEGHAN006,53,4,4,2025-10-02 10:07:30,2026-03-23 14:21:42,Gerardo Mercier:53,
,CONFIRMAR_USO_HISTORICO_STOCK_LECTURAS,JUEGHAN062,53,1,1,2025-10-02 10:07:30,2026-03-23 14:21:42,Gerardo Mercier:53,
,CONFIRMAR_USO_HISTORICO_STOCK_LECTURAS,JUEGHAN065,53,1,1,2025-10-02 10:07:30,2026-03-23 14:21:42,Gerardo Mercier:53,
,CONFIRMAR_USO_HISTORICO_STOCK_LECTURAS,JUEGHAN095,53,1,1,2025-10-02 10:07:30,2026-03-23 14:21:42,Gerardo Mercier:53,
,CONFIRMAR_USO_HISTORICO_STOCK_LECTURAS,JUEGHAN098,53,0,1,2025-10-02 10:07:30,2026-03-23 14:21:42,Gerardo Mercier:53,
,CONFIRMAR_USO_HISTORICO_STOCK_LECTURAS,JUEGJAIBC,53,1,5,2025-11-27 09:58:14,2026-04-27 10:14:21,Gerardo Mercier:28 | Jonathan Carvajal:25,
,CONFIRMAR_USO_HISTORICO_STOCK_LECTURAS,JUEGJAIPUG,53,2,8,2025-11-27 09:58:14,2026-04-27 10:14:21,Gerardo Mercier:28 | Jonathan Carvajal:25,
,CONFIRMAR_USO_HISTORICO_STOCK_LECTURAS,JUEGJAITNU,53,1,6,2025-11-27 09:58:14,2026-04-27 10:14:21,Gerardo Mercier:28 | Jonathan Carvajal:25,
,CONFIRMAR_USO_HISTORICO_STOCK_LECTURAS,JUEGLEA078,53,1,1,2025-10-02 10:07:30,2026-03-23 14:21:42,Gerardo Mercier:53,
,CONFIRMAR_USO_HISTORICO_STOCK_LECTURAS,JUEGPLAS158758,53,1,52,2025-11-26 10:09:38,2026-04-27 10:14:21,Gerardo Mercier:28 | Jonathan Carvajal:25,
,CONFIRMAR_USO_HISTORICO_STOCK_LECTURAS,JUEGPLO077,53,1,1,2025-10-02 10:07:30,2026-03-23 14:21:42,Gerardo Mercier:53,
,CONFIRMAR_USO_HISTORICO_STOCK_LECTURAS,JUEGROL23058,53,0,4,2025-08-27 13:34:22,2026-04-27 10:14:21,Gerardo Mercier:28 | Jonathan Carvajal:25,
,CONFIRMAR_USO_HISTORICO_STOCK_LECTURAS,JUEGROL23140A,53,0,103,2025-08-27 13:34:22,2026-04-27 10:14:21,Gerardo Mercier:28 | Jonathan Carvajal:25,
,CONFIRMAR_USO_HISTORICO_STOCK_LECTURAS,JUEGROL24237,53,0,39,2025-08-27 13:34:21,2026-04-27 10:14:21,Gerardo Mercier:28 | Jonathan Carvajal:25,
,CONFIRMAR_USO_HISTORICO_STOCK_LECTURAS,JUEGROL24239,53,5,17,2025-11-27 09:58:13,2026-04-27 10:14:21,Gerardo Mercier:28 | Jonathan Carvajal:25,
,CONFIRMAR_USO_HISTORICO_STOCK_LECTURAS,JUEGROL24309,53,0,9,2025-08-27 13:34:22,2026-04-27 10:14:21,Gerardo Mercier:28 | Jonathan Carvajal:25,
,CONFIRMAR_USO_HISTORICO_STOCK_LECTURAS,JUEGROL24311,53,0,64,2025-08-27 13:34:23,2026-04-27 10:14:21,Gerardo Mercier:28 | Jonathan Carvajal:25,
,CONFIRMAR_USO_HISTORICO_STOCK_LECTURAS,JUEGSH1103,53,0,3,2025-11-27 09:58:14,2026-04-27 10:14:22,Gerardo Mercier:28 | Jonathan Carvajal:25,
,CONFIRMAR_USO_HISTORICO_STOCK_LECTURAS,JUEGSH1432,53,1,8,2025-11-27 09:58:14,2026-04-27 10:14:22,Gerardo Mercier:28 | Jonathan Carvajal:25,
,CONFIRMAR_USO_HISTORICO_STOCK_LECTURAS,JUEGSON036,53,5,5,2025-10-02 10:07:30,2026-03-23 14:21:42,Gerardo Mercier:53,
,CONFIRMAR_USO_HISTORICO_STOCK_LECTURAS,JUEGSON037,53,3,3,2025-10-02 10:07:30,2026-03-23 14:21:42,Gerardo Mercier:53,
,CONFIRMAR_USO_HISTORICO_STOCK_LECTURAS,JUEGSON185,53,2,2,2025-10-02 10:07:30,2026-03-23 14:21:42,Gerardo Mercier:53,
,CONFIRMAR_USO_HISTORICO_STOCK_LECTURAS,JUEGWIS021,53,1,1,2025-10-02 10:07:30,2026-03-23 14:21:42,Gerardo Mercier:53,
,CONFIRMAR_USO_HISTORICO_STOCK_LECTURAS,JUEGYIN012,53,0,3,2025-10-02 10:07:30,2026-03-23 14:21:42,Gerardo Mercier:53,
,CONFIRMAR_USO_HISTORICO_STOCK_LECTURAS,JUEGYIN015,53,2,2,2025-10-02 10:07:30,2026-03-23 14:21:42,Gerardo Mercier:53,
,CONFIRMAR_USO_HISTORICO_STOCK_LECTURAS,JUEGYIN018,53,3,3,2025-10-02 10:07:30,2026-03-23 14:21:42,Gerardo Mercier:53,
,CONFIRMAR_USO_HISTORICO_STOCK_LECTURAS,JUEGYIN033,53,0,4,2025-10-02 10:07:30,2026-03-23 14:21:42,Gerardo Mercier:53,
,CONFIRMAR_USO_HISTORICO_STOCK_LECTURAS,JUEGYIN034,53,1,1,2025-10-02 10:07:30,2026-03-23 14:21:42,Gerardo Mercier:53,
,CONFIRMAR_USO_HISTORICO_STOCK_LECTURAS,JUEGYIN043,53,0,2,2025-10-02 10:07:30,2026-03-23 14:21:42,Gerardo Mercier:53,
,CONFIRMAR_USO_HISTORICO_STOCK_LECTURAS,JUEGYIN061,53,35,35,2025-10-02 10:07:30,2026-03-23 14:21:42,Gerardo Mercier:53,
,CONFIRMAR_USO_HISTORICO_STOCK_LECTURAS,JUEGYIN110,53,1,1,2025-10-02 10:07:30,2026-03-23 14:21:44,Gerardo Mercier:53,
,CONFIRMAR_USO_HISTORICO_STOCK_LECTURAS,JUEGYIN127,53,0,2,2025-10-02 10:07:30,2026-03-23 14:21:42,Gerardo Mercier:53,
,CONFIRMAR_USO_HISTORICO_STOCK_LECTURAS,JUEGZHE179,53,1,1,2025-10-02 10:07:30,2026-03-23 14:21:41,Gerardo Mercier:53,
,CONFIRMAR_USO_HISTORICO_STOCK_LECTURAS,JUEGZHE359,53,1,1,2025-10-02 10:07:30,2026-03-23 14:21:42,Gerardo Mercier:53,
,CONFIRMAR_USO_HISTORICO_STOCK_LECTURAS,LAMIJMI016,53,3,4,2025-10-02 10:07:30,2026-03-23 14:21:42,Gerardo Mercier:53,
,CONFIRMAR_USO_HISTORICO_STOCK_LECTURAS,LAMIJMI024,53,1,1,2025-10-02 10:07:30,2026-03-23 14:21:42,Gerardo Mercier:53,
,CONFIRMAR_USO_HISTORICO_STOCK_LECTURAS,NAIPBAS002,53,0,3,2025-10-02 10:07:30,2026-03-23 14:21:42,Gerardo Mercier:53,
,CONFIRMAR_USO_HISTORICO_STOCK_LECTURAS,S201003,53,4,5,2025-09-30 10:53:30,2026-03-23 14:16:44,Gerardo Mercier:53,
,CONFIRMAR_USO_HISTORICO_STOCK_LECTURAS,SALTARINA,53,0,3,2025-11-26 10:09:38,2026-04-27 10:14:23,Gerardo Mercier:28 | Jonathan Carvajal:25,
,CONFIRMAR_USO_HISTORICO_STOCK_LECTURAS,VOBALENT008,53,1,3,2025-11-26 10:09:38,2026-04-27 10:14:24,Gerardo Mercier:28 | Jonathan Carvajal:25,
,CONFIRMAR_USO_HISTORICO_STOCK_LECTURAS,VOBALPRO003,53,1,8,2025-11-26 10:09:38,2026-04-27 10:14:24,Gerardo Mercier:28 | Jonathan Carvajal:25,
,CONFIRMAR_USO_HISTORICO_STOCK_LECTURAS,d201028,53,1,1,2025-08-21 12:52:58,2026-04-27 10:14:18,Gerardo Mercier:28 | Jonathan Carvajal:25,
,CONFIRMAR_USO_HISTORICO_STOCK_LECTURAS,d207086,53,2,6,2025-08-21 12:52:58,2026-04-27 10:14:19,Gerardo Mercier:28 | Jonathan Carvajal:25,
,CONFIRMAR_USO_HISTORICO_STOCK_LECTURAS,juegjai210,53,1,1,2025-09-03 13:47:21,2025-12-30 08:56:38,Gerardo Mercier:53,
,CONFIRMAR_USO_HISTORICO_STOCK_LECTURAS,juegrol25004,53,20,325,2025-09-02 08:54:58,2025-12-26 10:48:16,Gerardo Mercier:53,
,CONFIRMAR_USO_HISTORICO_STOCK_LECTURAS,BABALAMA020,52,0,1,2025-11-27 09:58:16,2026-04-27 10:14:18,Gerardo Mercier:27 | Jonathan Carvajal:25,
,CONFIRMAR_USO_HISTORICO_STOCK_LECTURAS,BABALAMA021,52,1,2,2025-11-27 09:58:16,2026-04-27 10:14:18,Gerardo Mercier:27 | Jonathan Carvajal:25,
,CONFIRMAR_USO_HISTORICO_STOCK_LECTURAS,D450023,52,1,4,2025-09-30 10:53:28,2026-03-23 14:16:44,Gerardo Mercier:52,
,CONFIRMAR_USO_HISTORICO_STOCK_LECTURAS,D807029,52,0,2,2025-11-27 09:58:13,2026-04-27 10:14:19,Gerardo Mercier:27 | Jonathan Carvajal:25,
,CONFIRMAR_USO_HISTORICO_STOCK_LECTURAS,DADODAD020,52,0,7,2025-10-03 09:26:17,2026-03-23 14:21:42,Gerardo Mercier:52,
,CONFIRMAR_USO_HISTORICO_STOCK_LECTURAS,DEPBASBAL056,52,1,1,2025-11-27 09:58:16,2026-04-27 10:14:19,Gerardo Mercier:27 | Jonathan Carvajal:25,
,CONFIRMAR_USO_HISTORICO_STOCK_LECTURAS,DEPBASBAL113,52,1,1,2025-11-27 09:58:16,2026-04-27 10:14:19,Gerardo Mercier:27 | Jonathan Carvajal:25,
,CONFIRMAR_USO_HISTORICO_STOCK_LECTURAS,DEPBASBAL115,52,0,7,2025-11-27 09:58:16,2026-04-27 10:14:19,Gerardo Mercier:27 | Jonathan Carvajal:25,
,CONFIRMAR_USO_HISTORICO_STOCK_LECTURAS,DEPFUTBAL201,52,1,6,2025-11-27 09:58:16,2026-04-27 10:14:19,Gerardo Mercier:27 | Jonathan Carvajal:25,
,CONFIRMAR_USO_HISTORICO_STOCK_LECTURAS,DEPFUTBAL301,52,1,17,2025-11-27 09:58:16,2026-04-27 10:14:19,Gerardo Mercier:27 | Jonathan Carvajal:25,
,CONFIRMAR_USO_HISTORICO_STOCK_LECTURAS,HABALAMA005,52,1,2,2025-11-27 09:58:16,2026-04-27 10:14:20,Gerardo Mercier:27 | Jonathan Carvajal:25,
,CONFIRMAR_USO_HISTORICO_STOCK_LECTURAS,HABALENT028,52,1,1,2025-11-27 09:58:16,2026-04-27 10:14:20,Gerardo Mercier:27 | Jonathan Carvajal:25,
,CONFIRMAR_USO_HISTORICO_STOCK_LECTURAS,JUEGBAS338,52,2,2,2025-10-03 09:26:17,2026-03-23 14:21:42,Gerardo Mercier:52,
,CONFIRMAR_USO_HISTORICO_STOCK_LECTURAS,JUEGBAS467,52,1,1,2025-10-03 09:26:17,2026-03-23 14:21:42,Gerardo Mercier:52,
,CONFIRMAR_USO_HISTORICO_STOCK_LECTURAS,JUEGBAS588-1,52,2,3,2025-10-03 09:26:17,2026-03-23 14:21:42,Gerardo Mercier:52,
,CONFIRMAR_USO_HISTORICO_STOCK_LECTURAS,JUEGEQ081,52,1,4,2025-09-24 08:56:25,2026-04-27 10:14:20,Gerardo Mercier:27 | Jonathan Carvajal:25,
,CONFIRMAR_USO_HISTORICO_STOCK_LECTURAS,JUEGFUN024,52,1,2,2025-10-03 09:26:17,2026-03-23 14:21:42,Gerardo Mercier:52,
,CONFIRMAR_USO_HISTORICO_STOCK_LECTURAS,JUEGHAN010,52,1,3,2025-09-24 08:56:25,2026-03-23 14:21:42,Gerardo Mercier:52,
,CONFIRMAR_USO_HISTORICO_STOCK_LECTURAS,JUEGLEA103,52,1,1,2025-10-03 09:26:17,2026-03-23 14:21:42,Gerardo Mercier:52,
,CONFIRMAR_USO_HISTORICO_STOCK_LECTURAS,JUEGPLAS1063,52,1,1,2025-11-27 09:58:16,2026-04-27 10:14:21,Gerardo Mercier:27 | Jonathan Carvajal:25,
,CONFIRMAR_USO_HISTORICO_STOCK_LECTURAS,JUEGPLO004,52,2,2,2025-10-03 09:26:17,2026-03-23 14:21:42,Gerardo Mercier:52,
,CONFIRMAR_USO_HISTORICO_STOCK_LECTURAS,JUEGPLO005,52,1,2,2025-10-03 09:26:17,2026-03-23 14:21:42,Gerardo Mercier:52,
,CONFIRMAR_USO_HISTORICO_STOCK_LECTURAS,JUEGPLO047,52,1,1,2025-10-03 09:26:17,2026-03-23 14:21:42,Gerardo Mercier:52,
,CONFIRMAR_USO_HISTORICO_STOCK_LECTURAS,JUEGPLO078,52,0,6,2025-10-03 09:26:17,2026-03-23 14:21:42,Gerardo Mercier:52,
,CONFIRMAR_USO_HISTORICO_STOCK_LECTURAS,JUEGPLO176,52,2,10,2025-10-03 09:26:17,2026-03-23 14:21:42,Gerardo Mercier:52,
,CONFIRMAR_USO_HISTORICO_STOCK_LECTURAS,JUEGSH1066,52,1,4,2025-12-01 10:22:44,2026-04-27 10:14:22,Gerardo Mercier:27 | Jonathan Carvajal:25,
,CONFIRMAR_USO_HISTORICO_STOCK_LECTURAS,JUEGSH1811,52,0,2,2025-12-01 10:22:45,2026-04-27 10:14:22,Gerardo Mercier:27 | Jonathan Carvajal:25,
,CONFIRMAR_USO_HISTORICO_STOCK_LECTURAS,JUEGYIN072,52,1,1,2025-10-03 09:26:17,2026-03-23 14:21:42,Gerardo Mercier:52,
,CONFIRMAR_USO_HISTORICO_STOCK_LECTURAS,JUEGYIN103,52,3,3,2025-10-03 09:26:17,2026-03-23 14:21:42,Gerardo Mercier:52,
,CONFIRMAR_USO_HISTORICO_STOCK_LECTURAS,JUEGYIN109,52,5,5,2025-10-03 09:26:17,2026-03-23 14:21:42,Gerardo Mercier:52,
,CONFIRMAR_USO_HISTORICO_STOCK_LECTURAS,JUEGYIN126,52,0,13,2025-10-03 09:26:17,2026-03-23 14:21:42,Gerardo Mercier:52,
,CONFIRMAR_USO_HISTORICO_STOCK_LECTURAS,NAIPBAS003,52,1,1,2025-10-03 09:26:17,2026-03-23 14:21:42,Gerardo Mercier:52,
,CONFIRMAR_USO_HISTORICO_STOCK_LECTURAS,NUMEROS1,52,1,2,2025-11-27 09:58:16,2026-04-27 10:14:23,Gerardo Mercier:27 | Jonathan Carvajal:25,
,CONFIRMAR_USO_HISTORICO_STOCK_LECTURAS,d101028,52,1,2,2025-08-21 12:52:58,2026-04-27 10:14:18,Gerardo Mercier:27 | Jonathan Carvajal:25,
,CONFIRMAR_USO_HISTORICO_STOCK_LECTURAS,juegsh302,52,1,2,2025-09-02 08:54:58,2025-12-26 10:48:18,Gerardo Mercier:52,
,CONFIRMAR_USO_HISTORICO_STOCK_LECTURAS,18244555,51,1,2,2025-12-01 10:22:46,2026-04-27 10:14:18,Gerardo Mercier:26 | Jonathan Carvajal:25,
,CONFIRMAR_USO_HISTORICO_STOCK_LECTURAS,18244556,51,1,2,2025-12-01 10:22:46,2026-04-27 10:14:18,Gerardo Mercier:26 | Jonathan Carvajal:25,
,CONFIRMAR_USO_HISTORICO_STOCK_LECTURAS,2018D-876,51,2,7,2025-12-01 10:22:46,2026-04-27 10:14:18,Gerardo Mercier:26 | Jonathan Carvajal:25,
,CONFIRMAR_USO_HISTORICO_STOCK_LECTURAS,2018D-878,51,1,10,2025-12-01 10:22:46,2026-04-27 10:14:18,Gerardo Mercier:26 | Jonathan Carvajal:25,
,CONFIRMAR_USO_HISTORICO_STOCK_LECTURAS,2549,51,1,5,2025-12-01 10:22:46,2026-04-27 10:14:18,Gerardo Mercier:26 | Jonathan Carvajal:25,
,CONFIRMAR_USO_HISTORICO_STOCK_LECTURAS,326001445,51,2,8,2025-09-24 08:56:25,2026-04-27 10:14:18,Gerardo Mercier:26 | Jonathan Carvajal:25,
,CONFIRMAR_USO_HISTORICO_STOCK_LECTURAS,3958859,51,1,9,2025-12-01 10:22:46,2026-04-27 10:14:18,Gerardo Mercier:26 | Jonathan Carvajal:25,
,CONFIRMAR_USO_HISTORICO_STOCK_LECTURAS,88136,51,1,1,2025-12-01 10:22:46,2026-04-27 10:14:18,Gerardo Mercier:26 | Jonathan Carvajal:25,
,CONFIRMAR_USO_HISTORICO_STOCK_LECTURAS,88137,51,1,1,2025-12-01 10:22:46,2026-04-27 10:14:18,Gerardo Mercier:26 | Jonathan Carvajal:25,
,CONFIRMAR_USO_HISTORICO_STOCK_LECTURAS,C1009,51,1,3,2025-10-01 09:39:28,2026-03-23 14:16:44,Gerardo Mercier:51,
,CONFIRMAR_USO_HISTORICO_STOCK_LECTURAS,JHTOY-633,51,1,6,2025-12-01 10:22:46,2026-04-27 10:14:20,Gerardo Mercier:26 | Jonathan Carvajal:25,
,CONFIRMAR_USO_HISTORICO_STOCK_LECTURAS,JHTOY-685-2,51,1,2,2025-12-01 10:22:46,2026-04-27 10:14:20,Gerardo Mercier:26 | Jonathan Carvajal:25,
,CONFIRMAR_USO_HISTORICO_STOCK_LECTURAS,JUEG-1345675,51,1,3,2025-10-02 10:07:30,2026-03-23 14:26:21,Gerardo Mercier:51,
,CONFIRMAR_USO_HISTORICO_STOCK_LECTURAS,JUEGBHA052,51,2,7,2025-10-07 11:56:11,2026-03-23 14:21:41,Gerardo Mercier:51,
,CONFIRMAR_USO_HISTORICO_STOCK_LECTURAS,JUEGDUP017,51,1,1,2025-10-07 11:56:11,2026-03-23 14:21:42,Gerardo Mercier:51,
,CONFIRMAR_USO_HISTORICO_STOCK_LECTURAS,JUEGHAN011,51,2,2,2025-10-07 11:56:11,2026-03-23 14:21:42,Gerardo Mercier:51,
,CONFIRMAR_USO_HISTORICO_STOCK_LECTURAS,JUEGHAN024,51,2,2,2025-10-07 11:56:11,2026-03-23 14:21:42,Gerardo Mercier:51,
,CONFIRMAR_USO_HISTORICO_STOCK_LECTURAS,JUEGHAN035,51,1,2,2025-10-07 11:56:11,2026-03-23 14:21:42,Gerardo Mercier:51,
,CONFIRMAR_USO_HISTORICO_STOCK_LECTURAS,JUEGLEA013,51,1,1,2025-10-07 11:56:11,2026-03-23 14:21:42,Gerardo Mercier:51,
,CONFIRMAR_USO_HISTORICO_STOCK_LECTURAS,JUEGLEA369,51,1,1,2025-10-07 11:56:11,2026-03-23 14:21:42,Gerardo Mercier:51,
,CONFIRMAR_USO_HISTORICO_STOCK_LECTURAS,JUEGSH596,51,0,12,2025-12-02 09:16:21,2026-04-27 10:14:22,Gerardo Mercier:26 | Jonathan Carvajal:25,
,CONFIRMAR_USO_HISTORICO_STOCK_LECTURAS,JUEGSOFT149,51,1,2,2025-12-01 10:22:46,2026-04-27 10:14:22,Gerardo Mercier:26 | Jonathan Carvajal:25,
,CONFIRMAR_USO_HISTORICO_STOCK_LECTURAS,JUEGTEA051,51,1,2,2025-10-07 11:56:11,2026-03-23 14:21:42,Gerardo Mercier:51,
,CONFIRMAR_USO_HISTORICO_STOCK_LECTURAS,JUEGYIN038,51,0,1,2025-10-07 11:56:11,2026-03-23 14:21:42,Gerardo Mercier:51,
,CONFIRMAR_USO_HISTORICO_STOCK_LECTURAS,JUEGYIN087,51,0,2,2025-10-07 11:56:11,2026-03-23 14:21:42,Gerardo Mercier:51,
,CONFIRMAR_USO_HISTORICO_STOCK_LECTURAS,MSN19034,51,1,2,2025-12-01 10:22:46,2026-04-27 10:14:23,Gerardo Mercier:26 | Jonathan Carvajal:25,
,CONFIRMAR_USO_HISTORICO_STOCK_LECTURAS,MSN20010,51,2,8,2025-12-01 10:22:46,2026-04-27 10:14:23,Gerardo Mercier:26 | Jonathan Carvajal:25,
,CONFIRMAR_USO_HISTORICO_STOCK_LECTURAS,MSN20020,51,3,8,2025-12-01 10:22:46,2026-04-27 10:14:23,Gerardo Mercier:26 | Jonathan Carvajal:25,
,CONFIRMAR_USO_HISTORICO_STOCK_LECTURAS,PIZACUB022,51,1,1,2025-10-07 11:56:11,2026-03-23 14:21:42,Gerardo Mercier:51,
,CONFIRMAR_USO_HISTORICO_STOCK_LECTURAS,PT-EV00520,51,0,6,2025-10-01 09:39:28,2026-03-23 14:16:44,Gerardo Mercier:51,
,CONFIRMAR_USO_HISTORICO_STOCK_LECTURAS,PUMAD7020,51,1,1,2025-12-02 09:16:22,2026-04-27 10:14:23,Gerardo Mercier:26 | Jonathan Carvajal:25,
,CONFIRMAR_USO_HISTORICO_STOCK_LECTURAS,TIZAHIG004,51,11,14,2025-10-07 11:56:11,2026-03-23 14:21:42,Gerardo Mercier:51,
,CONFIRMAR_USO_HISTORICO_STOCK_LECTURAS,TIZAHOL003,51,10,10,2025-10-07 11:56:11,2026-03-23 14:21:42,Gerardo Mercier:51,
,CONFIRMAR_USO_HISTORICO_STOCK_LECTURAS,TORSEDU002,51,1,1,2025-10-07 11:56:11,2026-03-23 14:21:42,Gerardo Mercier:51,
,CONFIRMAR_USO_HISTORICO_STOCK_LECTURAS,VIPTM568,51,48,72,2025-10-02 10:07:30,2026-03-23 14:26:22,Gerardo Mercier:51,
,CONFIRMAR_USO_HISTORICO_STOCK_LECTURAS,d750003,51,1,5,2025-08-21 12:52:58,2026-04-27 10:14:19,Gerardo Mercier:26 | Jonathan Carvajal:25,
,CONFIRMAR_USO_HISTORICO_STOCK_LECTURAS,juegjai312,51,0,5,2025-09-02 08:54:58,2025-12-23 08:47:08,Gerardo Mercier:51,
,CONFIRMAR_USO_HISTORICO_STOCK_LECTURAS,mundt031,51,0,10,2025-08-21 12:59:31,2026-04-27 10:14:23,Gerardo Mercier:26 | Jonathan Carvajal:25,
,CONFIRMAR_USO_HISTORICO_STOCK_LECTURAS,2018D-1312,50,1,8,2025-12-02 09:16:23,2026-04-27 10:14:18,Gerardo Mercier:25 | Jonathan Carvajal:25,
,CONFIRMAR_USO_HISTORICO_STOCK_LECTURAS,311018019,50,1,1,2025-12-02 09:16:22,2026-04-27 10:14:18,Gerardo Mercier:25 | Jonathan Carvajal:25,
,CONFIRMAR_USO_HISTORICO_STOCK_LECTURAS,346006550,50,1,1,2025-12-02 09:16:23,2026-04-27 10:14:18,Gerardo Mercier:25 | Jonathan Carvajal:25,
,CONFIRMAR_USO_HISTORICO_STOCK_LECTURAS,346006607,50,1,1,2025-12-02 09:16:23,2026-04-27 10:14:18,Gerardo Mercier:25 | Jonathan Carvajal:25,
,CONFIRMAR_USO_HISTORICO_STOCK_LECTURAS,3907499,50,1,4,2025-12-02 09:16:23,2026-04-27 10:14:18,Gerardo Mercier:25 | Jonathan Carvajal:25,
,CONFIRMAR_USO_HISTORICO_STOCK_LECTURAS,4191842,50,1,2,2025-12-02 09:16:22,2026-04-27 10:14:18,Gerardo Mercier:25 | Jonathan Carvajal:25,
,CONFIRMAR_USO_HISTORICO_STOCK_LECTURAS,784927,50,0,2,2025-12-02 09:16:23,2026-04-27 10:14:18,Gerardo Mercier:25 | Jonathan Carvajal:25,
,CONFIRMAR_USO_HISTORICO_STOCK_LECTURAS,AC7349,50,1,1,2025-12-02 09:16:23,2026-04-27 10:14:18,Gerardo Mercier:25 | Jonathan Carvajal:25,
,CONFIRMAR_USO_HISTORICO_STOCK_LECTURAS,ACCOHOL002,50,5,6,2025-10-08 08:59:31,2026-03-23 14:21:42,Gerardo Mercier:50,
,CONFIRMAR_USO_HISTORICO_STOCK_LECTURAS,ADHEBEI002,50,0,1,2025-10-08 08:59:31,2026-03-23 14:21:42,Gerardo Mercier:50,
,CONFIRMAR_USO_HISTORICO_STOCK_LECTURAS,BL-20507,50,1,1,2025-12-02 09:16:23,2026-04-27 10:14:18,Gerardo Mercier:25 | Jonathan Carvajal:25,
,CONFIRMAR_USO_HISTORICO_STOCK_LECTURAS,BL-20508,50,1,1,2025-12-02 09:16:23,2026-04-27 10:14:18,Gerardo Mercier:25 | Jonathan Carvajal:25,
,CONFIRMAR_USO_HISTORICO_STOCK_LECTURAS,COMPBEI001,50,5,9,2025-10-08 08:59:31,2026-03-23 14:21:42,Gerardo Mercier:50,
,CONFIRMAR_USO_HISTORICO_STOCK_LECTURAS,ESPADAN012,50,1,2,2025-10-08 08:59:31,2026-03-23 14:21:42,Gerardo Mercier:50,
,CONFIRMAR_USO_HISTORICO_STOCK_LECTURAS,JUEGBAS090,50,3,3,2025-10-08 08:59:31,2026-03-23 14:21:42,Gerardo Mercier:50,
,CONFIRMAR_USO_HISTORICO_STOCK_LECTURAS,JUEGCAN,50,1,2,2025-12-04 09:34:50,2026-04-27 10:14:20,Gerardo Mercier:25 | Jonathan Carvajal:25,
,CONFIRMAR_USO_HISTORICO_STOCK_LECTURAS,JUEGEX008,50,3,3,2025-10-08 08:59:31,2026-03-23 14:21:42,Gerardo Mercier:50,
,CONFIRMAR_USO_HISTORICO_STOCK_LECTURAS,JUEGJAI313,50,1,42,2025-12-04 09:34:50,2026-04-27 10:14:20,Gerardo Mercier:25 | Jonathan Carvajal:25,
,CONFIRMAR_USO_HISTORICO_STOCK_LECTURAS,JUEGPLO107,50,1,1,2025-10-08 08:59:31,2026-03-23 14:21:42,Gerardo Mercier:50,
,CONFIRMAR_USO_HISTORICO_STOCK_LECTURAS,JUEGROL24264,50,0,2,2025-08-27 13:34:22,2026-03-23 14:14:26,Gerardo Mercier:50,
,CONFIRMAR_USO_HISTORICO_STOCK_LECTURAS,JUEGROL463,50,0,3,2025-08-27 13:34:23,2026-03-23 14:14:27,Gerardo Mercier:50,
,CONFIRMAR_USO_HISTORICO_STOCK_LECTURAS,JUEGROL731,50,0,9,2025-08-27 13:34:21,2026-03-23 14:14:27,Gerardo Mercier:50,
,CONFIRMAR_USO_HISTORICO_STOCK_LECTURAS,JUEGSH179,50,1,25,2025-12-04 09:34:50,2026-04-27 10:14:22,Gerardo Mercier:25 | Jonathan Carvajal:25,
,CONFIRMAR_USO_HISTORICO_STOCK_LECTURAS,JUEGSH1880,50,0,4,2025-12-04 09:34:50,2026-04-27 10:14:22,Gerardo Mercier:25 | Jonathan Carvajal:25,
,CONFIRMAR_USO_HISTORICO_STOCK_LECTURAS,JUEGSH590,50,2,6,2025-12-04 09:34:50,2026-04-27 10:14:22,Gerardo Mercier:25 | Jonathan Carvajal:25,
,CONFIRMAR_USO_HISTORICO_STOCK_LECTURAS,JUEMES022,50,2,5,2025-10-03 09:26:17,2026-03-23 14:26:22,Gerardo Mercier:50,
,CONFIRMAR_USO_HISTORICO_STOCK_LECTURAS,LAPIBEI009,50,1,38,2025-10-08 08:59:31,2026-03-23 14:21:42,Gerardo Mercier:50,
,CONFIRMAR_USO_HISTORICO_STOCK_LECTURAS,LAPIHOL002,50,1,1,2025-10-08 08:59:31,2026-03-23 14:21:42,Gerardo Mercier:50,
,CONFIRMAR_USO_HISTORICO_STOCK_LECTURAS,LIMPBEI001,50,1,1,2025-10-08 08:59:31,2026-03-23 14:21:42,Gerardo Mercier:50,
,CONFIRMAR_USO_HISTORICO_STOCK_LECTURAS,PINCDAN014,50,1,1,2025-10-08 08:59:31,2026-03-23 14:21:42,Gerardo Mercier:50,
,CONFIRMAR_USO_HISTORICO_STOCK_LECTURAS,PINTBEI001,50,2,3,2025-10-08 08:59:31,2026-03-23 14:21:42,Gerardo Mercier:50,
,CONFIRMAR_USO_HISTORICO_STOCK_LECTURAS,PINTBEI002,50,8,8,2025-10-08 08:59:31,2026-03-23 14:21:42,Gerardo Mercier:50,
,CONFIRMAR_USO_HISTORICO_STOCK_LECTURAS,PINTNIK003,50,1,1,2025-10-08 08:59:31,2026-03-23 14:21:42,Gerardo Mercier:50,
,CONFIRMAR_USO_HISTORICO_STOCK_LECTURAS,PLASDAN001,50,6,6,2025-10-08 08:59:31,2026-03-23 14:21:42,Gerardo Mercier:50,
,CONFIRMAR_USO_HISTORICO_STOCK_LECTURAS,RODIDAN020,50,1,1,2025-10-08 08:59:31,2026-03-23 14:21:42,Gerardo Mercier:50,
,CONFIRMAR_USO_HISTORICO_STOCK_LECTURAS,SP101,50,1,4,2025-12-02 09:16:23,2026-04-27 10:14:24,Gerardo Mercier:25 | Jonathan Carvajal:25,
,CONFIRMAR_USO_HISTORICO_STOCK_LECTURAS,TEMPXIN001,50,6,6,2025-10-08 08:59:31,2026-03-23 14:21:42,Gerardo Mercier:50,
,CONFIRMAR_USO_HISTORICO_STOCK_LECTURAS,TIJEDAS017,50,26,26,2025-10-08 08:59:31,2026-03-23 14:21:42,Gerardo Mercier:50,
,CONFIRMAR_USO_HISTORICO_STOCK_LECTURAS,TIJEHOL001,50,9,11,2025-10-08 08:59:31,2026-03-23 14:21:42,Gerardo Mercier:50,
,CONFIRMAR_USO_HISTORICO_STOCK_LECTURAS,TRANBEI002,50,1,1,2025-10-08 08:59:31,2026-03-23 14:21:42,Gerardo Mercier:50,
,CONFIRMAR_USO_HISTORICO_STOCK_LECTURAS,YM1260,50,3,8,2025-12-02 09:16:23,2026-04-27 10:14:24,Gerardo Mercier:25 | Jonathan Carvajal:25,
,CONFIRMAR_USO_HISTORICO_STOCK_LECTURAS,d807058,50,0,1,2025-08-21 12:52:59,2026-04-27 10:14:19,Gerardo Mercier:25 | Jonathan Carvajal:25,
,CONFIRMAR_USO_HISTORICO_STOCK_LECTURAS,1064,49,1,5,2025-12-04 09:34:52,2026-04-27 10:14:18,Jonathan Carvajal:25 | Gerardo Mercier:24,
,CONFIRMAR_USO_HISTORICO_STOCK_LECTURAS,1065,49,1,2,2025-12-04 09:34:52,2026-04-27 10:14:18,Jonathan Carvajal:25 | Gerardo Mercier:24,
,CONFIRMAR_USO_HISTORICO_STOCK_LECTURAS,ACK1131270117,49,1,1,2025-10-07 11:56:11,2026-03-23 14:26:20,Gerardo Mercier:49,
,CONFIRMAR_USO_HISTORICO_STOCK_LECTURAS,CARTCHI064,49,1,1,2025-10-09 14:23:06,2026-03-23 14:21:42,Gerardo Mercier:49,
,CONFIRMAR_USO_HISTORICO_STOCK_LECTURAS,D201052,49,0,2,2025-12-04 09:34:47,2026-04-27 10:14:18,Jonathan Carvajal:25 | Gerardo Mercier:24,
,CONFIRMAR_USO_HISTORICO_STOCK_LECTURAS,D807043,49,1,1,2025-12-04 09:34:49,2026-04-27 10:14:19,Jonathan Carvajal:25 | Gerardo Mercier:24,
,CONFIRMAR_USO_HISTORICO_STOCK_LECTURAS,D905001,49,1,19,2025-12-04 09:34:50,2026-04-27 10:14:19,Jonathan Carvajal:25 | Gerardo Mercier:24,
,CONFIRMAR_USO_HISTORICO_STOCK_LECTURAS,ESPADAN012-1,49,42,42,2025-10-09 14:23:06,2026-03-23 14:21:42,Gerardo Mercier:49,
,CONFIRMAR_USO_HISTORICO_STOCK_LECTURAS,JHTOY-629,49,1,1,2025-12-04 09:34:52,2026-04-27 10:14:20,Jonathan Carvajal:25 | Gerardo Mercier:24,
,CONFIRMAR_USO_HISTORICO_STOCK_LECTURAS,JUEGBAS261,49,2,2,2025-10-09 14:23:06,2026-03-23 14:21:42,Gerardo Mercier:49,
,CONFIRMAR_USO_HISTORICO_STOCK_LECTURAS,JUEGCAI019,49,2,6,2025-10-09 14:23:06,2026-03-23 14:21:42,Gerardo Mercier:49,
,CONFIRMAR_USO_HISTORICO_STOCK_LECTURAS,JUEGDAD041,49,35,35,2025-10-09 14:23:06,2026-03-23 14:21:42,Gerardo Mercier:49,
,CONFIRMAR_USO_HISTORICO_STOCK_LECTURAS,JUEGINT148,49,0,1,2025-10-09 14:23:06,2026-03-23 14:21:44,Gerardo Mercier:49,
,CONFIRMAR_USO_HISTORICO_STOCK_LECTURAS,JUEGJMI053,49,0,1,2025-10-09 14:23:06,2026-03-23 14:21:44,Gerardo Mercier:49,
,CONFIRMAR_USO_HISTORICO_STOCK_LECTURAS,JUEGLEA423,49,0,2,2025-10-09 14:23:06,2026-03-23 14:21:43,Gerardo Mercier:49,
,CONFIRMAR_USO_HISTORICO_STOCK_LECTURAS,JUEGQIA067,49,2,2,2025-10-09 14:23:06,2026-03-23 14:21:42,Gerardo Mercier:49,
,CONFIRMAR_USO_HISTORICO_STOCK_LECTURAS,JUEGQIA089,49,1,1,2025-10-09 14:23:06,2026-03-23 14:21:42,Gerardo Mercier:49,
,CONFIRMAR_USO_HISTORICO_STOCK_LECTURAS,JUEGROL24206,49,0,297,2025-08-27 13:34:23,2026-03-23 14:14:28,Gerardo Mercier:49,
,CONFIRMAR_USO_HISTORICO_STOCK_LECTURAS,JUEGROL24217,49,0,29,2025-08-27 13:34:22,2026-04-27 10:14:21,Gerardo Mercier:28 | Jonathan Carvajal:21,
,CONFIRMAR_USO_HISTORICO_STOCK_LECTURAS,JUEGROL712,49,0,39,2025-08-27 13:34:22,2026-03-23 14:14:27,Gerardo Mercier:49,
,CONFIRMAR_USO_HISTORICO_STOCK_LECTURAS,JUEGYIN009,49,0,1,2025-10-09 14:23:06,2026-03-23 14:21:42,Gerardo Mercier:49,
,CONFIRMAR_USO_HISTORICO_STOCK_LECTURAS,LK27006012,49,0,3,2025-10-07 11:56:11,2026-03-23 14:26:19,Gerardo Mercier:49,
,CONFIRMAR_USO_HISTORICO_STOCK_LECTURAS,MSN15032C,49,1,3,2025-12-04 09:34:52,2026-04-27 10:14:23,Jonathan Carvajal:25 | Gerardo Mercier:24,
,CONFIRMAR_USO_HISTORICO_STOCK_LECTURAS,PAPECHI005,49,1,1,2025-10-09 14:23:06,2026-03-23 14:21:42,Gerardo Mercier:49,
,CONFIRMAR_USO_HISTORICO_STOCK_LECTURAS,PAPECHI050,49,1,1,2025-10-09 14:23:06,2026-03-23 14:21:42,Gerardo Mercier:49,
,CONFIRMAR_USO_HISTORICO_STOCK_LECTURAS,PAPECHI057,49,1,1,2025-10-09 14:23:06,2026-03-23 14:21:42,Gerardo Mercier:49,
,CONFIRMAR_USO_HISTORICO_STOCK_LECTURAS,PAPECHI189,49,3,3,2025-10-09 14:23:06,2026-03-23 14:21:42,Gerardo Mercier:49,
,CONFIRMAR_USO_HISTORICO_STOCK_LECTURAS,PAPEPLO001,49,14,14,2025-10-09 14:23:06,2026-03-23 14:21:42,Gerardo Mercier:49,
,CONFIRMAR_USO_HISTORICO_STOCK_LECTURAS,PINCCUC071,49,23,25,2025-10-09 14:23:06,2026-03-23 14:21:42,Gerardo Mercier:49,
,CONFIRMAR_USO_HISTORICO_STOCK_LECTURAS,PINTHON001,49,2,2,2025-10-09 14:23:06,2026-03-23 14:21:42,Gerardo Mercier:49,
,CONFIRMAR_USO_HISTORICO_STOCK_LECTURAS,REGLBEI004,49,119,122,2025-10-09 14:23:06,2026-03-23 14:21:42,Gerardo Mercier:49,
,CONFIRMAR_USO_HISTORICO_STOCK_LECTURAS,REGLWEN012,49,4,4,2025-10-09 14:23:06,2026-03-23 14:21:42,Gerardo Mercier:49,
,CONFIRMAR_USO_HISTORICO_STOCK_LECTURAS,SET10VOLANTIN,49,2,2,2025-10-09 14:23:06,2026-03-23 14:21:42,Gerardo Mercier:49,
,CONFIRMAR_USO_HISTORICO_STOCK_LECTURAS,TIMBDAN014,49,1,1,2025-10-09 14:23:06,2026-03-23 14:21:42,Gerardo Mercier:49,
,CONFIRMAR_USO_HISTORICO_STOCK_LECTURAS,TIMBDAN020,49,3,4,2025-10-09 14:23:06,2026-03-23 14:21:42,Gerardo Mercier:49,
,CONFIRMAR_USO_HISTORICO_STOCK_LECTURAS,juegjaiens,49,1,3,2025-09-02 08:54:59,2025-12-22 09:02:34,Gerardo Mercier:49,
,CONFIRMAR_USO_HISTORICO_STOCK_LECTURAS,juegrol23078,49,19,75,2025-09-02 08:54:58,2026-03-23 14:14:28,Gerardo Mercier:49,
,CONFIRMAR_USO_HISTORICO_STOCK_LECTURAS,2300-1,48,1,1,2025-10-07 11:56:09,2026-03-23 14:16:44,Gerardo Mercier:48,
,CONFIRMAR_USO_HISTORICO_STOCK_LECTURAS,BROCDAN011,48,1,2,2025-10-13 12:29:28,2026-03-23 14:21:42,Gerardo Mercier:48,
,CONFIRMAR_USO_HISTORICO_STOCK_LECTURAS,D230015,48,1,4,2025-10-07 11:56:08,2026-03-23 14:16:44,Gerardo Mercier:48,
,CONFIRMAR_USO_HISTORICO_STOCK_LECTURAS,GUIROCOLOR,48,0,2,2025-09-24 08:56:25,2026-03-23 14:26:19,Gerardo Mercier:48,
,CONFIRMAR_USO_HISTORICO_STOCK_LECTURAS,JUEGROL068,48,0,171,2025-08-27 13:34:23,2026-04-02 17:23:44,Gerardo Mercier:44 | Jonathan Carvajal:4,
,CONFIRMAR_USO_HISTORICO_STOCK_LECTURAS,JUEGROL23135,48,120,173,2025-10-13 12:29:25,2026-03-23 14:14:28,Gerardo Mercier:48,
,CONFIRMAR_USO_HISTORICO_STOCK_LECTURAS,JUEGROL24207,48,0,395,2025-08-27 13:34:22,2026-03-23 14:14:28,Gerardo Mercier:48,
,CONFIRMAR_USO_HISTORICO_STOCK_LECTURAS,MUNDT060,48,0,8,2025-12-09 11:20:04,2026-04-27 10:14:23,Jonathan Carvajal:25 | Gerardo Mercier:23,
,CONFIRMAR_USO_HISTORICO_STOCK_LECTURAS,N702013,48,2,2,2025-10-08 08:59:31,2026-03-23 14:16:44,Gerardo Mercier:48,
,CONFIRMAR_USO_HISTORICO_STOCK_LECTURAS,PR-78533,48,3,3,2025-10-08 08:59:31,2026-03-23 14:26:21,Gerardo Mercier:48,
,CONFIRMAR_USO_HISTORICO_STOCK_LECTURAS,PR-84067,48,7,8,2025-10-08 08:59:31,2026-03-23 14:26:22,Gerardo Mercier:48,
,CONFIRMAR_USO_HISTORICO_STOCK_LECTURAS,PR10226,48,1,3,2025-10-08 08:59:31,2026-03-23 14:26:21,Gerardo Mercier:48,
,CONFIRMAR_USO_HISTORICO_STOCK_LECTURAS,RODIDAN001,48,1,1,2025-10-13 12:29:28,2026-03-23 14:21:43,Gerardo Mercier:48,
,CONFIRMAR_USO_HISTORICO_STOCK_LECTURAS,RODIDAN015,48,1,2,2025-10-13 12:29:28,2026-03-23 14:21:42,Gerardo Mercier:48,
,CONFIRMAR_USO_HISTORICO_STOCK_LECTURAS,RODIDAN018,48,1,1,2025-10-13 12:29:28,2026-03-23 14:21:43,Gerardo Mercier:48,
,CONFIRMAR_USO_HISTORICO_STOCK_LECTURAS,TIMBDAN002,48,2,2,2025-10-13 12:29:28,2026-03-23 14:21:42,Gerardo Mercier:48,
,CONFIRMAR_USO_HISTORICO_STOCK_LECTURAS,TIMBDAN021,48,1,3,2025-10-13 12:29:28,2026-03-23 14:21:42,Gerardo Mercier:48,
,CONFIRMAR_USO_HISTORICO_STOCK_LECTURAS,TIMBDAN022,48,1,3,2025-10-13 12:29:28,2026-03-23 14:21:42,Gerardo Mercier:48,
,CONFIRMAR_USO_HISTORICO_STOCK_LECTURAS,TIMBDAN024,48,1,1,2025-10-13 12:29:28,2026-03-23 14:21:42,Gerardo Mercier:48,
,CONFIRMAR_USO_HISTORICO_STOCK_LECTURAS,TIZABEI001,48,1,2,2025-10-13 12:29:28,2026-03-23 14:21:43,Gerardo Mercier:48,
,CONFIRMAR_USO_HISTORICO_STOCK_LECTURAS,ARCIMAN001,47,9,9,2025-10-14 09:06:59,2026-03-23 14:21:43,Gerardo Mercier:47,
,CONFIRMAR_USO_HISTORICO_STOCK_LECTURAS,ATRICUB005,47,1,1,2025-10-14 09:06:59,2026-03-23 14:21:43,Gerardo Mercier:47,
,CONFIRMAR_USO_HISTORICO_STOCK_LECTURAS,ATRICUB007,47,1,1,2025-10-14 09:06:59,2026-03-23 14:21:43,Gerardo Mercier:47,
,CONFIRMAR_USO_HISTORICO_STOCK_LECTURAS,C306009,47,1,1,2025-10-09 14:23:06,2026-03-23 14:16:44,Gerardo Mercier:47,
,CONFIRMAR_USO_HISTORICO_STOCK_LECTURAS,D437882,47,1,1,2025-10-08 08:59:31,2026-03-23 14:16:44,Gerardo Mercier:47,
,CONFIRMAR_USO_HISTORICO_STOCK_LECTURAS,JUEGBEI006,47,1,5,2025-10-14 09:06:59,2026-03-23 14:21:43,Gerardo Mercier:47,
,CONFIRMAR_USO_HISTORICO_STOCK_LECTURAS,JUEGBHA032,47,1,3,2025-10-14 09:06:59,2026-03-23 14:21:43,Gerardo Mercier:47,
,CONFIRMAR_USO_HISTORICO_STOCK_LECTURAS,JUEGPLO115,47,1,3,2025-09-24 08:56:26,2026-03-23 14:21:43,Gerardo Mercier:47,
,CONFIRMAR_USO_HISTORICO_STOCK_LECTURAS,JUEGSH1183,47,2,6,2025-12-11 16:51:39,2026-04-27 10:14:22,Jonathan Carvajal:25 | Gerardo Mercier:22,
,CONFIRMAR_USO_HISTORICO_STOCK_LECTURAS,MLDOFAZ,47,11,11,2025-10-09 14:23:06,2026-03-23 14:26:22,Gerardo Mercier:47,
,CONFIRMAR_USO_HISTORICO_STOCK_LECTURAS,N708005,47,2,2,2025-10-09 14:23:06,2026-03-23 14:16:44,Gerardo Mercier:47,
,CONFIRMAR_USO_HISTORICO_STOCK_LECTURAS,PIZTABU5,47,2,2,2025-10-09 14:23:06,2026-03-23 14:26:21,Gerardo Mercier:47,
,CONFIRMAR_USO_HISTORICO_STOCK_LECTURAS,POSUETDD,47,1,1,2025-10-09 14:23:06,2026-03-23 14:26:20,Gerardo Mercier:47,
,CONFIRMAR_USO_HISTORICO_STOCK_LECTURAS,PR-D495646,47,1,1,2025-10-09 14:23:06,2026-03-23 14:26:21,Gerardo Mercier:47,
,CONFIRMAR_USO_HISTORICO_STOCK_LECTURAS,RODIDAN004-1,47,1,1,2025-10-14 09:07:00,2026-03-23 14:21:43,Gerardo Mercier:47,
,CONFIRMAR_USO_HISTORICO_STOCK_LECTURAS,d807031,47,0,1,2025-08-21 12:52:59,2025-12-15 14:59:33,Gerardo Mercier:47,
,CONFIRMAR_USO_HISTORICO_STOCK_LECTURAS,10464,46,0,1,2025-09-03 13:47:21,2026-04-27 10:14:18,Jonathan Carvajal:25 | Gerardo Mercier:21,
,CONFIRMAR_USO_HISTORICO_STOCK_LECTURAS,4063774,46,1,2,2025-12-11 16:51:41,2026-04-27 10:14:18,Jonathan Carvajal:25 | Gerardo Mercier:21,
,CONFIRMAR_USO_HISTORICO_STOCK_LECTURAS,4146811,46,1,2,2025-12-11 16:51:41,2026-04-27 10:14:18,Jonathan Carvajal:25 | Gerardo Mercier:21,
,CONFIRMAR_USO_HISTORICO_STOCK_LECTURAS,4607,46,1,5,2025-12-11 16:51:41,2026-04-27 10:14:18,Jonathan Carvajal:25 | Gerardo Mercier:21,
,CONFIRMAR_USO_HISTORICO_STOCK_LECTURAS,55291,46,1,1,2025-12-11 16:51:41,2026-04-27 10:14:18,Jonathan Carvajal:25 | Gerardo Mercier:21,
,CONFIRMAR_USO_HISTORICO_STOCK_LECTURAS,618454,46,1,2,2025-12-11 16:51:41,2026-04-27 10:14:18,Jonathan Carvajal:25 | Gerardo Mercier:21,
,CONFIRMAR_USO_HISTORICO_STOCK_LECTURAS,BUBBLE TUBIE SENSORY,46,0,24,2025-12-11 16:51:41,2026-04-27 10:14:18,Jonathan Carvajal:25 | Gerardo Mercier:21,
,CONFIRMAR_USO_HISTORICO_STOCK_LECTURAS,CORTINA,46,0,5,2025-10-13 12:29:28,2026-03-23 14:26:21,Gerardo Mercier:46,
,CONFIRMAR_USO_HISTORICO_STOCK_LECTURAS,D101014,46,0,2,2025-12-11 16:51:38,2026-04-27 10:14:18,Jonathan Carvajal:25 | Gerardo Mercier:21,
,CONFIRMAR_USO_HISTORICO_STOCK_LECTURAS,D705015,46,5,5,2025-10-13 12:29:27,2026-03-23 14:16:44,Gerardo Mercier:46,
,CONFIRMAR_USO_HISTORICO_STOCK_LECTURAS,HBQ11ROJO,46,0,2,2025-10-13 12:29:28,2026-03-23 14:26:19,Gerardo Mercier:46,
,CONFIRMAR_USO_HISTORICO_STOCK_LECTURAS,INSTTAL008,46,1,1,2025-10-15 08:50:33,2026-03-23 14:21:43,Gerardo Mercier:46,
,CONFIRMAR_USO_HISTORICO_STOCK_LECTURAS,INSTTAL009,46,3,3,2025-10-15 08:50:33,2026-03-23 14:21:43,Gerardo Mercier:46,
,CONFIRMAR_USO_HISTORICO_STOCK_LECTURAS,INSTTAL010,46,7,9,2025-10-15 08:50:33,2026-03-23 14:21:43,Gerardo Mercier:46,
,CONFIRMAR_USO_HISTORICO_STOCK_LECTURAS,INSTTAL015,46,2,2,2025-10-15 08:50:33,2026-03-23 14:21:43,Gerardo Mercier:46,
,CONFIRMAR_USO_HISTORICO_STOCK_LECTURAS,INSTTAL024,46,5,5,2025-10-15 08:50:33,2026-03-23 14:21:43,Gerardo Mercier:46,
,CONFIRMAR_USO_HISTORICO_STOCK_LECTURAS,INSTTAL027,46,1,1,2025-10-15 08:50:33,2026-03-23 14:21:43,Gerardo Mercier:46,
,CONFIRMAR_USO_HISTORICO_STOCK_LECTURAS,INSTTAL037,46,2,3,2025-10-15 08:50:33,2026-03-23 14:21:43,Gerardo Mercier:46,
,CONFIRMAR_USO_HISTORICO_STOCK_LECTURAS,INSTTAL039,46,2,2,2025-10-15 08:50:33,2026-03-23 14:21:43,Gerardo Mercier:46,
,CONFIRMAR_USO_HISTORICO_STOCK_LECTURAS,JUEGCL1068000,46,1,3,2025-12-11 16:51:41,2026-04-27 10:14:20,Jonathan Carvajal:25 | Gerardo Mercier:21,
,CONFIRMAR_USO_HISTORICO_STOCK_LECTURAS,JUEGCL4006634,46,2,4,2025-12-11 16:51:41,2026-04-27 10:14:20,Jonathan Carvajal:25 | Gerardo Mercier:21,
,CONFIRMAR_USO_HISTORICO_STOCK_LECTURAS,JUEGCL4006641,46,2,7,2025-12-11 16:51:41,2026-04-27 10:14:20,Jonathan Carvajal:25 | Gerardo Mercier:21,
,CONFIRMAR_USO_HISTORICO_STOCK_LECTURAS,JUEGGOC046,46,1,2,2025-10-15 08:50:33,2026-03-23 14:21:43,Gerardo Mercier:46,
,CONFIRMAR_USO_HISTORICO_STOCK_LECTURAS,JUEGLEA361,46,0,1,2025-10-15 08:50:33,2026-03-23 14:21:43,Gerardo Mercier:46,
,CONFIRMAR_USO_HISTORICO_STOCK_LECTURAS,JUEGLEA366-1,46,3,3,2025-10-15 08:50:33,2026-03-23 14:21:43,Gerardo Mercier:46,
,CONFIRMAR_USO_HISTORICO_STOCK_LECTURAS,JUEGMIN047-1,46,1,1,2025-10-15 08:50:33,2026-03-23 14:21:43,Gerardo Mercier:46,
,CONFIRMAR_USO_HISTORICO_STOCK_LECTURAS,JUEGPLAS1102,46,1,2,2025-12-11 16:51:41,2026-04-27 10:14:21,Jonathan Carvajal:25 | Gerardo Mercier:21,
,CONFIRMAR_USO_HISTORICO_STOCK_LECTURAS,JUEGPLO174,46,2,3,2025-10-15 08:50:33,2026-03-23 14:21:42,Gerardo Mercier:46,
,CONFIRMAR_USO_HISTORICO_STOCK_LECTURAS,JUEGPLO174-1,46,1,1,2025-10-15 08:50:33,2026-03-23 14:21:42,Gerardo Mercier:46,
,CONFIRMAR_USO_HISTORICO_STOCK_LECTURAS,JUEGROL23097,46,0,100,2025-08-27 13:34:23,2026-04-27 10:14:21,Gerardo Mercier:40 | Jonathan Carvajal:6,
,CONFIRMAR_USO_HISTORICO_STOCK_LECTURAS,JUEGROL23915A,46,0,72,2025-08-27 13:34:22,2026-04-27 10:14:21,Jonathan Carvajal:25 | Gerardo Mercier:21,
,CONFIRMAR_USO_HISTORICO_STOCK_LECTURAS,JUEGSH956,46,0,1,2025-10-14 09:06:59,2026-03-23 14:19:48,Gerardo Mercier:46,
,CONFIRMAR_USO_HISTORICO_STOCK_LECTURAS,JUEGYIN017,46,0,1,2025-10-15 08:50:33,2026-03-23 14:21:43,Gerardo Mercier:46,
,CONFIRMAR_USO_HISTORICO_STOCK_LECTURAS,MELISLIME,46,0,1,2025-10-13 12:29:28,2026-03-23 14:26:19,Gerardo Mercier:46,
,CONFIRMAR_USO_HISTORICO_STOCK_LECTURAS,PACKAGILIDAD,46,1,2,2025-10-13 12:29:28,2026-03-23 14:26:20,Gerardo Mercier:46,
,CONFIRMAR_USO_HISTORICO_STOCK_LECTURAS,PAPEHIG003,46,2,2,2025-10-15 08:50:34,2026-03-23 14:21:43,Gerardo Mercier:46,
,CONFIRMAR_USO_HISTORICO_STOCK_LECTURAS,TORRPEO42,46,1,1,2025-10-13 12:29:28,2026-03-23 14:26:21,Gerardo Mercier:46,
,CONFIRMAR_USO_HISTORICO_STOCK_LECTURAS,CUBOTEA,45,0,3,2025-10-14 09:07:00,2026-03-23 14:26:19,Gerardo Mercier:45,
,CONFIRMAR_USO_HISTORICO_STOCK_LECTURAS,DCL52,45,7,8,2025-10-14 09:07:00,2026-03-23 14:26:22,Gerardo Mercier:45,
,CONFIRMAR_USO_HISTORICO_STOCK_LECTURAS,INSTTAL048,45,2,2,2025-10-16 10:25:23,2026-03-23 14:21:44,Gerardo Mercier:45,
,CONFIRMAR_USO_HISTORICO_STOCK_LECTURAS,JUEGPLO168,45,5,10,2025-10-16 10:25:23,2026-03-23 14:21:42,Gerardo Mercier:45,
,CONFIRMAR_USO_HISTORICO_STOCK_LECTURAS,JUEGPLO170,45,1,4,2025-10-16 10:25:23,2026-03-23 14:21:42,Gerardo Mercier:45,
,CONFIRMAR_USO_HISTORICO_STOCK_LECTURAS,JUEGROL200809,45,0,1685,2025-08-27 13:34:21,2026-03-23 14:14:28,Gerardo Mercier:45,
,CONFIRMAR_USO_HISTORICO_STOCK_LECTURAS,JUEGROLZ6175-1,45,0,12,2025-08-27 13:34:22,2026-03-23 14:14:27,Gerardo Mercier:45,
,CONFIRMAR_USO_HISTORICO_STOCK_LECTURAS,JUEGSH188,45,2,3,2025-10-15 08:50:32,2026-03-23 14:19:47,Gerardo Mercier:45,
,CONFIRMAR_USO_HISTORICO_STOCK_LECTURAS,L51,45,8,8,2025-10-14 09:07:00,2026-03-23 14:26:22,Gerardo Mercier:45,
,CONFIRMAR_USO_HISTORICO_STOCK_LECTURAS,MUNDT031,45,0,10,2025-08-21 12:57:49,2026-03-23 14:18:04,Gerardo Mercier:45,
,CONFIRMAR_USO_HISTORICO_STOCK_LECTURAS,PACKBANDAS5,45,5,5,2025-10-14 09:07:00,2026-03-23 14:26:22,Gerardo Mercier:45,
,CONFIRMAR_USO_HISTORICO_STOCK_LECTURAS,PICTUREKA,45,2,3,2025-10-14 09:07:00,2026-03-23 14:26:21,Gerardo Mercier:45,
,CONFIRMAR_USO_HISTORICO_STOCK_LECTURAS,1839822,44,1,3,2025-12-15 14:59:36,2026-04-27 10:14:18,Jonathan Carvajal:25 | Gerardo Mercier:19,
,CONFIRMAR_USO_HISTORICO_STOCK_LECTURAS,4404,44,1,3,2025-12-15 14:59:36,2026-04-27 10:14:18,Jonathan Carvajal:25 | Gerardo Mercier:19,
,CONFIRMAR_USO_HISTORICO_STOCK_LECTURAS,C707002,44,28,30,2025-10-15 08:50:32,2026-03-23 14:16:44,Gerardo Mercier:44,
,CONFIRMAR_USO_HISTORICO_STOCK_LECTURAS,JUEGBHA010,44,1,3,2025-10-21 12:45:40,2026-03-23 14:21:42,Gerardo Mercier:44,
,CONFIRMAR_USO_HISTORICO_STOCK_LECTURAS,JUEGROL-075,44,0,9,2025-08-27 13:34:22,2026-03-23 14:14:26,Gerardo Mercier:44,
,CONFIRMAR_USO_HISTORICO_STOCK_LECTURAS,JUEGROL23054B,44,0,87,2025-08-27 13:34:22,2026-03-23 14:14:26,Gerardo Mercier:44,
,CONFIRMAR_USO_HISTORICO_STOCK_LECTURAS,JUEGROL23870,44,27,127,2025-10-21 12:45:37,2026-03-23 14:14:28,Gerardo Mercier:44,
,CONFIRMAR_USO_HISTORICO_STOCK_LECTURAS,JUEGROL901,44,0,3,2025-08-27 13:34:22,2026-03-23 14:14:27,Gerardo Mercier:44,
,CONFIRMAR_USO_HISTORICO_STOCK_LECTURAS,JUEGSTA033,44,0,2,2025-10-21 12:45:40,2026-03-23 14:21:42,Gerardo Mercier:44,
,CONFIRMAR_USO_HISTORICO_STOCK_LECTURAS,JUEGZHE071,44,0,1,2025-12-22 09:02:36,2026-04-27 10:14:22,Jonathan Carvajal:25 | Gerardo Mercier:19,
,CONFIRMAR_USO_HISTORICO_STOCK_LECTURAS,juegrol23135,44,2,154,2025-09-02 08:55:00,2026-04-27 10:14:21,Jonathan Carvajal:25 | Gerardo Mercier:19,
,CONFIRMAR_USO_HISTORICO_STOCK_LECTURAS,juegrol24217,44,2,38,2025-09-02 08:54:58,2026-04-02 17:23:45,Gerardo Mercier:40 | Jonathan Carvajal:4,
,CONFIRMAR_USO_HISTORICO_STOCK_LECTURAS,D230042,43,0,1,2025-08-21 12:52:20,2026-03-23 14:16:44,Gerardo Mercier:43,
,CONFIRMAR_USO_HISTORICO_STOCK_LECTURAS,D807031,43,0,4,2025-12-17 10:36:21,2026-04-27 10:14:19,Jonathan Carvajal:25 | Gerardo Mercier:18,
,CONFIRMAR_USO_HISTORICO_STOCK_LECTURAS,DEPGIMMED108,43,1,1,2025-10-16 10:25:23,2026-03-23 14:26:20,Gerardo Mercier:43,
,CONFIRMAR_USO_HISTORICO_STOCK_LECTURAS,FIHARBAL008,43,0,1,2025-10-16 10:25:23,2026-03-23 14:26:19,Gerardo Mercier:43,
,CONFIRMAR_USO_HISTORICO_STOCK_LECTURAS,FIHARBAL009,43,1,2,2025-10-16 10:25:23,2026-03-23 14:26:20,Gerardo Mercier:43,
,CONFIRMAR_USO_HISTORICO_STOCK_LECTURAS,FIHARBAL010,43,2,3,2025-10-16 10:25:23,2026-03-23 14:26:21,Gerardo Mercier:43,
,CONFIRMAR_USO_HISTORICO_STOCK_LECTURAS,JUEGCL4014455,43,1,14,2025-12-02 09:16:23,2026-03-23 14:26:22,Gerardo Mercier:43,
,CONFIRMAR_USO_HISTORICO_STOCK_LECTURAS,JUEGDAC004,43,0,1,2025-10-22 12:14:28,2026-03-23 14:21:41,Gerardo Mercier:43,
,CONFIRMAR_USO_HISTORICO_STOCK_LECTURAS,JUEGROL-2011-2,43,0,9,2025-08-27 13:34:22,2026-03-23 14:14:27,Gerardo Mercier:43,
,CONFIRMAR_USO_HISTORICO_STOCK_LECTURAS,JUEGROL-20900,43,0,66,2025-08-27 13:34:23,2026-03-23 14:14:27,Gerardo Mercier:43,
,CONFIRMAR_USO_HISTORICO_STOCK_LECTURAS,JUEGROL105,43,0,27,2025-08-27 13:34:23,2026-03-23 14:14:27,Gerardo Mercier:43,
,CONFIRMAR_USO_HISTORICO_STOCK_LECTURAS,JUEGROL23129,43,0,108,2025-08-27 13:34:22,2026-03-23 14:14:28,Gerardo Mercier:43,
,CONFIRMAR_USO_HISTORICO_STOCK_LECTURAS,JUEGROL23863,43,0,43,2025-08-27 13:34:22,2026-03-23 14:14:27,Gerardo Mercier:43,
,CONFIRMAR_USO_HISTORICO_STOCK_LECTURAS,JUEGROL23864,43,0,54,2025-08-27 13:34:22,2026-03-23 14:14:27,Gerardo Mercier:43,
,CONFIRMAR_USO_HISTORICO_STOCK_LECTURAS,JUEGROL23868,43,0,21,2025-08-27 13:34:22,2026-03-23 14:14:27,Gerardo Mercier:43,
,CONFIRMAR_USO_HISTORICO_STOCK_LECTURAS,JUEGROL23912,43,0,19,2025-08-27 13:34:21,2026-03-23 14:14:27,Gerardo Mercier:43,
,CONFIRMAR_USO_HISTORICO_STOCK_LECTURAS,MERSETSENSO,43,0,2,2025-10-16 10:25:23,2026-03-23 14:26:20,Gerardo Mercier:43,
,CONFIRMAR_USO_HISTORICO_STOCK_LECTURAS,117693783,42,0,1,2025-12-22 09:02:38,2026-04-27 10:14:18,Jonathan Carvajal:25 | Gerardo Mercier:17,
,CONFIRMAR_USO_HISTORICO_STOCK_LECTURAS,180715,42,1,1,2025-12-22 09:02:38,2026-04-27 10:14:18,Jonathan Carvajal:25 | Gerardo Mercier:17,
,CONFIRMAR_USO_HISTORICO_STOCK_LECTURAS,311002291,42,1,1,2025-12-22 09:02:38,2026-04-27 10:14:18,Jonathan Carvajal:25 | Gerardo Mercier:17,
,CONFIRMAR_USO_HISTORICO_STOCK_LECTURAS,333005,42,1,1,2025-12-22 09:02:38,2026-04-27 10:14:18,Jonathan Carvajal:25 | Gerardo Mercier:17,
,CONFIRMAR_USO_HISTORICO_STOCK_LECTURAS,34690,42,1,1,2025-12-22 09:02:38,2026-04-27 10:14:18,Jonathan Carvajal:25 | Gerardo Mercier:17,
,CONFIRMAR_USO_HISTORICO_STOCK_LECTURAS,4630306,42,1,2,2025-12-22 09:02:38,2026-04-27 10:14:18,Jonathan Carvajal:25 | Gerardo Mercier:17,
,CONFIRMAR_USO_HISTORICO_STOCK_LECTURAS,AA-5350,42,0,8,2025-10-21 12:45:40,2026-03-23 14:26:19,Gerardo Mercier:42,
,CONFIRMAR_USO_HISTORICO_STOCK_LECTURAS,AK6141120,42,0,1,2025-10-21 12:45:40,2026-03-23 14:26:19,Gerardo Mercier:42,
,CONFIRMAR_USO_HISTORICO_STOCK_LECTURAS,BRAZOSYPIERNAS,42,6,7,2025-10-21 12:45:40,2026-03-23 14:26:22,Gerardo Mercier:42,
,CONFIRMAR_USO_HISTORICO_STOCK_LECTURAS,COREWA03,42,2,4,2025-12-23 08:47:09,2026-04-27 10:14:18,Jonathan Carvajal:25 | Gerardo Mercier:17,
,CONFIRMAR_USO_HISTORICO_STOCK_LECTURAS,D230041,42,0,1,2025-10-21 12:45:38,2026-03-23 14:16:44,Gerardo Mercier:42,
,CONFIRMAR_USO_HISTORICO_STOCK_LECTURAS,DEPFUTPET131,42,5,5,2025-10-21 12:45:40,2026-03-23 14:26:22,Gerardo Mercier:42,
,CONFIRMAR_USO_HISTORICO_STOCK_LECTURAS,DEPPINPAL125,42,1,1,2025-10-21 12:45:40,2026-03-23 14:26:20,Gerardo Mercier:42,
,CONFIRMAR_USO_HISTORICO_STOCK_LECTURAS,DEPPINPAL130,42,1,1,2025-10-21 12:45:40,2026-03-23 14:26:20,Gerardo Mercier:42,
,CONFIRMAR_USO_HISTORICO_STOCK_LECTURAS,DEPPINPAL140,42,0,0,2025-10-21 12:45:40,2026-03-23 14:26:19,Gerardo Mercier:42,
,CONFIRMAR_USO_HISTORICO_STOCK_LECTURAS,DEPPINPAL152,42,1,1,2025-10-21 12:45:40,2026-03-23 14:26:20,Gerardo Mercier:42,
,CONFIRMAR_USO_HISTORICO_STOCK_LECTURAS,DISCO22,42,9,9,2025-10-21 12:45:40,2026-03-23 14:26:22,Gerardo Mercier:42,
,CONFIRMAR_USO_HISTORICO_STOCK_LECTURAS,DPE001,42,2,2,2025-10-21 12:45:40,2026-03-23 14:26:21,Gerardo Mercier:42,
,CONFIRMAR_USO_HISTORICO_STOCK_LECTURAS,DPE002,42,0,8,2025-10-21 12:45:40,2026-03-23 14:26:22,Gerardo Mercier:42,
,CONFIRMAR_USO_HISTORICO_STOCK_LECTURAS,DPE005,42,2,2,2025-10-21 12:45:40,2026-03-23 14:26:21,Gerardo Mercier:42,
,CONFIRMAR_USO_HISTORICO_STOCK_LECTURAS,FUCOMPET001,42,11,11,2025-10-21 12:45:40,2026-03-23 14:26:22,Gerardo Mercier:42,
,CONFIRMAR_USO_HISTORICO_STOCK_LECTURAS,FUINDCAM305,42,2,2,2025-10-21 12:45:40,2026-03-23 14:26:21,Gerardo Mercier:42,
,CONFIRMAR_USO_HISTORICO_STOCK_LECTURAS,FUMEDADU117,42,17,17,2025-10-21 12:45:40,2026-03-23 14:26:22,Gerardo Mercier:42,
,CONFIRMAR_USO_HISTORICO_STOCK_LECTURAS,GIACCCUE001,42,3,3,2025-10-21 12:45:40,2026-03-23 14:26:21,Gerardo Mercier:42,
,CONFIRMAR_USO_HISTORICO_STOCK_LECTURAS,IMANEDU001,42,0,8,2025-12-24 13:13:14,2026-04-27 10:14:20,Jonathan Carvajal:25 | Gerardo Mercier:17,
,CONFIRMAR_USO_HISTORICO_STOCK_LECTURAS,JUEGBAS636,42,1,30,2025-12-24 13:13:14,2026-04-27 10:14:20,Jonathan Carvajal:25 | Gerardo Mercier:17,
,CONFIRMAR_USO_HISTORICO_STOCK_LECTURAS,JUEGJAI480,42,0,53,2025-09-24 08:56:24,2026-03-23 14:19:46,Gerardo Mercier:42,
,CONFIRMAR_USO_HISTORICO_STOCK_LECTURAS,JUEGJAIENS,42,1,5,2025-12-23 08:47:08,2026-04-27 10:14:21,Jonathan Carvajal:25 | Gerardo Mercier:17,
,CONFIRMAR_USO_HISTORICO_STOCK_LECTURAS,JUEGPLAS15111,42,0,3,2025-09-24 08:56:26,2026-03-23 14:26:21,Gerardo Mercier:42,
,CONFIRMAR_USO_HISTORICO_STOCK_LECTURAS,JUEGROL23862,42,0,12,2025-08-27 13:34:22,2026-03-23 14:14:27,Gerardo Mercier:42,
,CONFIRMAR_USO_HISTORICO_STOCK_LECTURAS,LTBRIBA001-1,42,10,45,2025-10-29 09:50:36,2026-03-23 14:21:42,Gerardo Mercier:42,
,CONFIRMAR_USO_HISTORICO_STOCK_LECTURAS,MERCBANDA5,42,0,4,2025-10-21 12:45:40,2026-03-23 14:26:19,Gerardo Mercier:42,
,CONFIRMAR_USO_HISTORICO_STOCK_LECTURAS,MERTAPE,42,3,5,2025-10-21 12:45:40,2026-03-23 14:26:21,Gerardo Mercier:42,
,CONFIRMAR_USO_HISTORICO_STOCK_LECTURAS,MERTENIS,42,1,1,2025-10-21 12:45:40,2026-03-23 14:26:20,Gerardo Mercier:42,
,CONFIRMAR_USO_HISTORICO_STOCK_LECTURAS,MMAD30,42,0,1,2025-12-23 08:47:09,2026-04-27 10:14:23,Jonathan Carvajal:25 | Gerardo Mercier:17,
,CONFIRMAR_USO_HISTORICO_STOCK_LECTURAS,PETO,42,6,6,2025-10-21 12:45:40,2026-03-23 14:26:22,Gerardo Mercier:42,
,CONFIRMAR_USO_HISTORICO_STOCK_LECTURAS,TMPALPRO003,42,2,2,2025-10-21 12:45:40,2026-03-23 14:26:21,Gerardo Mercier:42,
,CONFIRMAR_USO_HISTORICO_STOCK_LECTURAS,TMPALSET001,42,0,1,2025-10-21 12:45:40,2026-03-23 14:26:20,Gerardo Mercier:42,
,CONFIRMAR_USO_HISTORICO_STOCK_LECTURAS,TMPALSET004,42,0,1,2025-10-21 12:45:40,2026-03-23 14:26:20,Gerardo Mercier:42,
,CONFIRMAR_USO_HISTORICO_STOCK_LECTURAS,d230015,42,0,3,2025-08-21 12:52:59,2026-04-27 10:14:19,Jonathan Carvajal:25 | Gerardo Mercier:17,
,CONFIRMAR_USO_HISTORICO_STOCK_LECTURAS,juegrol24309,42,1,16,2025-08-27 13:36:10,2025-11-27 09:58:13,Gerardo Mercier:42,
,CONFIRMAR_USO_HISTORICO_STOCK_LECTURAS,juegrol24311,42,1,16,2025-08-27 13:36:10,2025-11-27 09:58:13,Gerardo Mercier:42,
,CONFIRMAR_USO_HISTORICO_STOCK_LECTURAS,160980,41,1,7,2025-12-23 08:47:11,2026-04-27 10:14:18,Jonathan Carvajal:25 | Gerardo Mercier:16,
,CONFIRMAR_USO_HISTORICO_STOCK_LECTURAS,18-244633,41,1,4,2025-12-23 08:47:11,2026-04-27 10:14:18,Jonathan Carvajal:25 | Gerardo Mercier:16,
,CONFIRMAR_USO_HISTORICO_STOCK_LECTURAS,5163,41,1,18,2025-12-23 08:47:11,2026-04-27 10:14:18,Jonathan Carvajal:25 | Gerardo Mercier:16,
,CONFIRMAR_USO_HISTORICO_STOCK_LECTURAS,D207056,41,3,6,2025-09-24 08:56:25,2026-03-23 14:16:44,Gerardo Mercier:41,
,CONFIRMAR_USO_HISTORICO_STOCK_LECTURAS,DVS016,41,0,65,2025-09-24 08:56:24,2026-03-23 14:26:19,Gerardo Mercier:41,
,CONFIRMAR_USO_HISTORICO_STOCK_LECTURAS,JUEGFUN017,41,1,1,2025-11-03 09:56:28,2026-03-23 14:21:42,Gerardo Mercier:41,
,CONFIRMAR_USO_HISTORICO_STOCK_LECTURAS,JUEGJAI312,41,3,8,2025-12-24 13:13:12,2026-04-27 10:14:20,Jonathan Carvajal:25 | Gerardo Mercier:16,
,CONFIRMAR_USO_HISTORICO_STOCK_LECTURAS,JUEGPLO082-1,41,1,2,2025-11-03 09:56:28,2026-03-23 14:21:42,Gerardo Mercier:41,
,CONFIRMAR_USO_HISTORICO_STOCK_LECTURAS,JUEGROL039,41,0,26,2025-08-27 13:34:22,2026-03-23 14:14:27,Gerardo Mercier:41,
,CONFIRMAR_USO_HISTORICO_STOCK_LECTURAS,JUEGROL20804-2,41,0,11,2025-08-27 13:34:22,2026-03-23 14:14:27,Gerardo Mercier:41,
,CONFIRMAR_USO_HISTORICO_STOCK_LECTURAS,JUEGZHE175,41,0,1,2025-11-03 09:56:26,2026-03-23 14:21:42,Gerardo Mercier:41,
,CONFIRMAR_USO_HISTORICO_STOCK_LECTURAS,MMME-SALA120,41,0,1,2025-09-24 08:56:24,2026-03-23 14:26:20,Gerardo Mercier:41,
,CONFIRMAR_USO_HISTORICO_STOCK_LECTURAS,PELOLAT001,41,1,4,2025-09-24 08:56:27,2026-04-27 10:14:23,Jonathan Carvajal:25 | Gerardo Mercier:16,
,CONFIRMAR_USO_HISTORICO_STOCK_LECTURAS,PLAS956900,41,0,6,2025-09-24 08:56:24,2026-03-23 14:26:20,Gerardo Mercier:41,
,CONFIRMAR_USO_HISTORICO_STOCK_LECTURAS,VIPTM24085-3,41,0,15,2025-09-24 08:56:24,2026-03-23 14:26:20,Gerardo Mercier:41,
,CONFIRMAR_USO_HISTORICO_STOCK_LECTURAS,d201052,41,0,2,2025-08-21 12:52:58,2025-12-02 09:16:17,Gerardo Mercier:41,
,CONFIRMAR_USO_HISTORICO_STOCK_LECTURAS,d807043,41,1,2,2025-08-21 12:52:58,2025-12-02 09:16:19,Gerardo Mercier:41,
,CONFIRMAR_USO_HISTORICO_STOCK_LECTURAS,d905001,41,0,5,2025-08-21 12:52:58,2025-12-02 09:16:19,Gerardo Mercier:41,
,CONFIRMAR_USO_HISTORICO_STOCK_LECTURAS,juegjai313,41,29,34,2025-09-02 08:54:58,2025-12-02 09:16:21,Gerardo Mercier:41,
,CONFIRMAR_USO_HISTORICO_STOCK_LECTURAS,juegrol23058,41,11,17,2025-08-27 13:36:10,2025-11-27 09:58:12,Gerardo Mercier:41,
,CONFIRMAR_USO_HISTORICO_STOCK_LECTURAS,juegrol23138,41,4,247,2025-08-27 13:36:10,2025-11-26 10:09:32,Gerardo Mercier:41,
,CONFIRMAR_USO_HISTORICO_STOCK_LECTURAS,juegrol23140a,41,6,12,2025-08-27 13:36:10,2025-11-27 09:58:12,Gerardo Mercier:41,
,CONFIRMAR_USO_HISTORICO_STOCK_LECTURAS,juegrol24237,41,1,40,2025-09-02 08:54:58,2025-11-27 09:58:13,Gerardo Mercier:41,
,CONFIRMAR_USO_HISTORICO_STOCK_LECTURAS,juegsh179,41,10,17,2025-09-02 08:54:59,2025-12-02 09:16:21,Gerardo Mercier:41,
,CONFIRMAR_USO_HISTORICO_STOCK_LECTURAS,viptm568,41,4,74,2025-09-02 08:55:00,2026-04-27 10:14:24,Jonathan Carvajal:25 | Gerardo Mercier:16,
,CONFIRMAR_USO_HISTORICO_STOCK_LECTURAS,9789568868758,40,0,2,2025-12-23 08:47:11,2026-04-27 10:14:18,Jonathan Carvajal:25 | Gerardo Mercier:15,
,CONFIRMAR_USO_HISTORICO_STOCK_LECTURAS,AA-5200,40,2,7,2025-10-29 09:50:36,2026-03-23 14:26:22,Gerardo Mercier:40,
,CONFIRMAR_USO_HISTORICO_STOCK_LECTURAS,D701060,40,0,7,2025-08-21 12:52:20,2026-03-23 14:16:42,Gerardo Mercier:40,
,CONFIRMAR_USO_HISTORICO_STOCK_LECTURAS,D807058,40,0,10,2025-10-29 09:50:34,2026-03-23 14:16:44,Gerardo Mercier:40,
,CONFIRMAR_USO_HISTORICO_STOCK_LECTURAS,DBP055,40,0,3,2025-10-29 09:50:36,2026-03-23 14:26:19,Gerardo Mercier:40,
,CONFIRMAR_USO_HISTORICO_STOCK_LECTURAS,DEPGIMBAL039,40,7,12,2025-10-29 09:50:36,2026-03-23 14:26:22,Gerardo Mercier:40,
,CONFIRMAR_USO_HISTORICO_STOCK_LECTURAS,DEPGIMBAL077,40,0,9,2025-10-29 09:50:36,2026-03-23 14:26:21,Gerardo Mercier:40,
,CONFIRMAR_USO_HISTORICO_STOCK_LECTURAS,DEPGIMBAL082,40,1,10,2025-10-29 09:50:36,2026-03-23 14:26:22,Gerardo Mercier:40,
,CONFIRMAR_USO_HISTORICO_STOCK_LECTURAS,DEPGIMBAL092,40,0,9,2025-10-29 09:50:36,2026-03-23 14:26:20,Gerardo Mercier:40,
,CONFIRMAR_USO_HISTORICO_STOCK_LECTURAS,DEPGIMMAN005,40,8,9,2025-10-29 09:50:36,2026-03-23 14:26:22,Gerardo Mercier:40,
,CONFIRMAR_USO_HISTORICO_STOCK_LECTURAS,JUEGBAS327,40,9,16,2025-11-04 09:21:35,2026-03-23 14:21:42,Gerardo Mercier:40,
,CONFIRMAR_USO_HISTORICO_STOCK_LECTURAS,JUEGBAS518,40,0,7,2025-11-04 09:21:35,2026-03-23 14:21:42,Gerardo Mercier:40,
,CONFIRMAR_USO_HISTORICO_STOCK_LECTURAS,JUEGCL4011287,40,1,7,2025-12-02 09:16:22,2026-03-23 14:26:22,Gerardo Mercier:40,
,CONFIRMAR_USO_HISTORICO_STOCK_LECTURAS,JUEGLEA406,40,0,1,2025-11-04 09:21:35,2026-03-23 14:21:41,Gerardo Mercier:40,
,CONFIRMAR_USO_HISTORICO_STOCK_LECTURAS,JUEGPLO143,40,0,1,2025-11-04 09:21:35,2026-03-23 14:21:42,Gerardo Mercier:40,
,CONFIRMAR_USO_HISTORICO_STOCK_LECTURAS,JUEGROL071,40,0,36,2025-08-27 13:34:23,2026-03-23 14:14:27,Gerardo Mercier:40,
,CONFIRMAR_USO_HISTORICO_STOCK_LECTURAS,JUEGROL075,40,0,50,2025-08-27 13:34:22,2026-03-23 14:14:26,Gerardo Mercier:40,
,CONFIRMAR_USO_HISTORICO_STOCK_LECTURAS,JUEGROL20806,40,0,100,2025-08-27 13:34:22,2026-03-23 14:14:27,Gerardo Mercier:40,
,CONFIRMAR_USO_HISTORICO_STOCK_LECTURAS,JUEGROL23086,40,0,100,2025-08-27 13:34:23,2026-03-23 14:14:28,Gerardo Mercier:40,
,CONFIRMAR_USO_HISTORICO_STOCK_LECTURAS,JUEGROL23093,40,0,300,2025-08-27 13:34:22,2026-03-23 14:14:27,Gerardo Mercier:40,
,CONFIRMAR_USO_HISTORICO_STOCK_LECTURAS,JUEGROL23833,40,0,93,2025-08-27 13:34:23,2026-03-23 14:14:28,Gerardo Mercier:40,
,CONFIRMAR_USO_HISTORICO_STOCK_LECTURAS,JUEGROL24209,40,0,60,2025-08-27 13:34:21,2026-03-23 14:14:27,Gerardo Mercier:40,
,CONFIRMAR_USO_HISTORICO_STOCK_LECTURAS,JUEGROL24226,40,0,48,2025-08-27 13:34:22,2026-03-23 14:14:27,Gerardo Mercier:40,
,CONFIRMAR_USO_HISTORICO_STOCK_LECTURAS,JUEGROL25004,40,0,19,2025-08-27 13:34:23,2026-04-27 10:14:21,Jonathan Carvajal:25 | Gerardo Mercier:15,
,CONFIRMAR_USO_HISTORICO_STOCK_LECTURAS,JUEGROL915,40,0,17,2025-08-27 13:34:22,2026-03-23 14:14:27,Gerardo Mercier:40,
,CONFIRMAR_USO_HISTORICO_STOCK_LECTURAS,JUEGROLW10C404B,40,0,10,2025-08-27 13:34:22,2026-03-23 14:14:27,Gerardo Mercier:40,
,CONFIRMAR_USO_HISTORICO_STOCK_LECTURAS,JUEGTOK027,40,0,1,2025-11-04 09:21:35,2026-03-23 14:21:42,Gerardo Mercier:40,
,CONFIRMAR_USO_HISTORICO_STOCK_LECTURAS,JUEGYIN044,40,1,1,2025-11-04 09:21:35,2026-03-23 14:21:41,Gerardo Mercier:40,
,CONFIRMAR_USO_HISTORICO_STOCK_LECTURAS,JUEGYIN098,40,0,1,2025-11-04 09:21:35,2026-03-23 14:21:42,Gerardo Mercier:40,
,CONFIRMAR_USO_HISTORICO_STOCK_LECTURAS,MERC1KG,40,0,1,2025-10-29 09:50:36,2026-03-23 14:26:19,Gerardo Mercier:40,
,CONFIRMAR_USO_HISTORICO_STOCK_LECTURAS,RODGEOEBBE,40,0,1,2025-10-29 09:50:36,2026-03-23 14:26:20,Gerardo Mercier:40,
,CONFIRMAR_USO_HISTORICO_STOCK_LECTURAS,RUSA8,40,2,2,2025-10-29 09:50:36,2026-03-23 14:26:21,Gerardo Mercier:40,
,CONFIRMAR_USO_HISTORICO_STOCK_LECTURAS,TABL8845,40,0,1,2025-10-29 09:50:36,2026-03-23 14:26:20,Gerardo Mercier:40,
,CONFIRMAR_USO_HISTORICO_STOCK_LECTURAS,TOBILLERA2KG,40,0,1,2025-10-29 09:50:36,2026-03-23 14:26:20,Gerardo Mercier:40,
,CONFIRMAR_USO_HISTORICO_STOCK_LECTURAS,juegrol24239,40,2,30,2025-09-02 08:54:58,2025-11-26 10:09:33,Gerardo Mercier:40,
,CONFIRMAR_USO_HISTORICO_STOCK_LECTURAS,juegsh1066,40,2,3,2025-09-02 08:54:58,2025-11-27 09:58:14,Gerardo Mercier:40,
,CONFIRMAR_USO_HISTORICO_STOCK_LECTURAS,juegsh596,40,7,10,2025-09-02 08:54:58,2025-12-01 10:22:45,Gerardo Mercier:40,
,CONFIRMAR_USO_HISTORICO_STOCK_LECTURAS,23PL-0095,39,0,4,2025-09-02 08:54:59,2026-04-27 10:14:18,Jonathan Carvajal:25 | Gerardo Mercier:14,
,CONFIRMAR_USO_HISTORICO_STOCK_LECTURAS,D503003,39,2,3,2025-11-03 09:56:25,2026-03-23 14:16:44,Gerardo Mercier:39,
,CONFIRMAR_USO_HISTORICO_STOCK_LECTURAS,D750003,39,2,6,2025-11-03 09:56:25,2026-03-23 14:16:42,Gerardo Mercier:39,
,CONFIRMAR_USO_HISTORICO_STOCK_LECTURAS,JUEGBAS536,39,1,1,2025-09-24 08:56:25,2026-04-27 10:14:20,Jonathan Carvajal:25 | Gerardo Mercier:14,
,CONFIRMAR_USO_HISTORICO_STOCK_LECTURAS,JUEGDUP013,39,1,2,2025-09-24 08:56:25,2026-04-27 10:14:20,Jonathan Carvajal:25 | Gerardo Mercier:14,
,CONFIRMAR_USO_HISTORICO_STOCK_LECTURAS,JUEGHAN087,39,1,1,2025-09-24 08:56:25,2026-04-27 10:14:20,Jonathan Carvajal:25 | Gerardo Mercier:14,
,CONFIRMAR_USO_HISTORICO_STOCK_LECTURAS,JUEGPLAS1008,39,2,3,2025-11-03 09:56:29,2026-03-23 14:26:21,Gerardo Mercier:39,
,CONFIRMAR_USO_HISTORICO_STOCK_LECTURAS,JUEGPLAS15607,39,0,2,2025-09-02 08:54:58,2026-04-27 10:14:21,Jonathan Carvajal:25 | Gerardo Mercier:14,
,CONFIRMAR_USO_HISTORICO_STOCK_LECTURAS,JUEGQIA068,39,1,1,2025-09-24 08:56:26,2026-04-27 10:14:21,Jonathan Carvajal:25 | Gerardo Mercier:14,
,CONFIRMAR_USO_HISTORICO_STOCK_LECTURAS,JUEGROL001,39,100,104,2025-11-11 16:30:31,2026-03-23 14:14:28,Gerardo Mercier:39,
,CONFIRMAR_USO_HISTORICO_STOCK_LECTURAS,JUEGROL113,39,14,24,2025-11-11 16:30:31,2026-03-23 14:14:27,Gerardo Mercier:39,
,CONFIRMAR_USO_HISTORICO_STOCK_LECTURAS,JUEGROL141,39,98,100,2025-11-11 16:30:31,2026-03-23 14:14:28,Gerardo Mercier:39,
,CONFIRMAR_USO_HISTORICO_STOCK_LECTURAS,JUEGROL157,39,16,24,2025-11-11 16:30:31,2026-03-23 14:14:27,Gerardo Mercier:39,
,CONFIRMAR_USO_HISTORICO_STOCK_LECTURAS,JUEGROL23007,39,59,60,2025-11-11 16:30:31,2026-03-23 14:14:28,Gerardo Mercier:39,
,CONFIRMAR_USO_HISTORICO_STOCK_LECTURAS,JUEGROL23016,39,6,165,2025-11-11 16:30:31,2026-03-23 14:14:28,Gerardo Mercier:39,
,CONFIRMAR_USO_HISTORICO_STOCK_LECTURAS,JUEGROL23105,39,0,17,2025-08-27 13:34:22,2026-04-27 10:14:21,Jonathan Carvajal:25 | Gerardo Mercier:14,
,CONFIRMAR_USO_HISTORICO_STOCK_LECTURAS,JUEGROL24090,39,55,60,2025-11-11 16:30:31,2026-03-23 14:14:28,Gerardo Mercier:39,
,CONFIRMAR_USO_HISTORICO_STOCK_LECTURAS,JUEGROL24243-A,39,0,33,2025-08-27 13:34:22,2025-11-20 14:50:58,Gerardo Mercier:39,
,CONFIRMAR_USO_HISTORICO_STOCK_LECTURAS,JUEGROL25816,39,18,33,2025-11-11 16:30:31,2026-03-23 14:14:27,Gerardo Mercier:39,
,CONFIRMAR_USO_HISTORICO_STOCK_LECTURAS,JUEGROL25817,39,29,30,2025-11-11 16:30:31,2026-03-23 14:14:27,Gerardo Mercier:39,
,CONFIRMAR_USO_HISTORICO_STOCK_LECTURAS,JUEGROL25818,39,24,30,2025-11-11 16:30:31,2026-03-23 14:14:27,Gerardo Mercier:39,
,CONFIRMAR_USO_HISTORICO_STOCK_LECTURAS,JUEGROL25820,39,28,30,2025-11-11 16:30:31,2026-03-23 14:14:27,Gerardo Mercier:39,
,CONFIRMAR_USO_HISTORICO_STOCK_LECTURAS,JUEGROL25821,39,96,102,2025-11-11 16:30:31,2026-03-23 14:14:28,Gerardo Mercier:39,
,CONFIRMAR_USO_HISTORICO_STOCK_LECTURAS,JUEGROL25825,39,4,10,2025-11-11 16:30:31,2026-03-23 14:14:27,Gerardo Mercier:39,
,CONFIRMAR_USO_HISTORICO_STOCK_LECTURAS,JUEGROL25826,39,27,30,2025-11-11 16:30:31,2026-03-23 14:14:27,Gerardo Mercier:39,
,CONFIRMAR_USO_HISTORICO_STOCK_LECTURAS,JUEGROL25830,39,91,100,2025-11-11 16:30:31,2026-03-23 14:14:28,Gerardo Mercier:39,
,CONFIRMAR_USO_HISTORICO_STOCK_LECTURAS,JUEGROL25833,39,20,38,2025-11-11 16:30:31,2026-03-23 14:14:27,Gerardo Mercier:39,
,CONFIRMAR_USO_HISTORICO_STOCK_LECTURAS,JUEGROL25838,39,44,92,2025-11-11 16:30:31,2026-03-23 14:14:28,Gerardo Mercier:39,
,CONFIRMAR_USO_HISTORICO_STOCK_LECTURAS,JUEGROL25840,39,34,48,2025-11-11 16:30:31,2026-03-23 14:14:27,Gerardo Mercier:39,
,CONFIRMAR_USO_HISTORICO_STOCK_LECTURAS,JUEGROL25849,39,98,100,2025-11-11 16:30:31,2026-03-23 14:14:28,Gerardo Mercier:39,
,CONFIRMAR_USO_HISTORICO_STOCK_LECTURAS,JUEGRUB027,39,0,0,2025-11-11 16:30:33,2026-03-23 14:21:43,Gerardo Mercier:39,
,CONFIRMAR_USO_HISTORICO_STOCK_LECTURAS,JUEGSERP02,39,40,40,2025-11-03 09:56:29,2026-03-23 14:26:22,Gerardo Mercier:39,
,CONFIRMAR_USO_HISTORICO_STOCK_LECTURAS,JUEGSH302,39,1,2,2025-12-29 09:23:49,2026-04-27 10:14:22,Jonathan Carvajal:25 | Gerardo Mercier:14,
,CONFIRMAR_USO_HISTORICO_STOCK_LECTURAS,JUEGUSL238-1,39,1,25,2025-09-24 08:56:27,2026-04-27 10:14:22,Jonathan Carvajal:25 | Gerardo Mercier:14,
,CONFIRMAR_USO_HISTORICO_STOCK_LECTURAS,JUEGYIN063,39,1,1,2025-09-24 08:56:27,2026-04-27 10:14:22,Jonathan Carvajal:25 | Gerardo Mercier:14,
,CONFIRMAR_USO_HISTORICO_STOCK_LECTURAS,MUNDT034,39,0,10,2025-08-21 12:57:49,2026-03-23 14:18:04,Gerardo Mercier:39,
,CONFIRMAR_USO_HISTORICO_STOCK_LECTURAS,PL-574,39,0,6,2025-09-02 08:54:59,2026-04-27 10:14:23,Jonathan Carvajal:25 | Gerardo Mercier:14,
,CONFIRMAR_USO_HISTORICO_STOCK_LECTURAS,PL-595,39,0,3,2025-09-02 08:54:58,2026-04-27 10:14:23,Jonathan Carvajal:25 | Gerardo Mercier:14,
,CONFIRMAR_USO_HISTORICO_STOCK_LECTURAS,juegrol23136,39,1,548,2025-09-02 08:55:00,2026-04-27 10:14:21,Jonathan Carvajal:25 | Gerardo Mercier:14,
,CONFIRMAR_USO_HISTORICO_STOCK_LECTURAS,pt-ev00518,39,1,2,2025-08-21 12:52:58,2025-11-26 10:09:35,Gerardo Mercier:39,
,CONFIRMAR_USO_HISTORICO_STOCK_LECTURAS,23PL-0204,38,1,2,2025-09-02 08:54:59,2026-03-23 14:26:21,Gerardo Mercier:38,
,CONFIRMAR_USO_HISTORICO_STOCK_LECTURAS,4382,38,0,1,2025-09-29 08:58:04,2026-04-27 10:14:18,Jonathan Carvajal:25 | Gerardo Mercier:13,
,CONFIRMAR_USO_HISTORICO_STOCK_LECTURAS,A605032,38,2,2,2025-11-04 09:21:33,2026-03-23 14:16:44,Gerardo Mercier:38,
,CONFIRMAR_USO_HISTORICO_STOCK_LECTURAS,A605040,38,9,9,2025-11-04 09:21:33,2026-03-23 14:16:44,Gerardo Mercier:38,
,CONFIRMAR_USO_HISTORICO_STOCK_LECTURAS,D101028,38,1,2,2025-11-04 09:21:30,2026-03-23 14:16:43,Gerardo Mercier:38,
,CONFIRMAR_USO_HISTORICO_STOCK_LECTURAS,D201028,38,1,3,2025-09-24 08:56:25,2026-03-23 14:16:44,Gerardo Mercier:38,
,CONFIRMAR_USO_HISTORICO_STOCK_LECTURAS,D207001,38,3,4,2025-09-24 08:56:25,2026-03-23 14:16:44,Gerardo Mercier:38,
,CONFIRMAR_USO_HISTORICO_STOCK_LECTURAS,D207019,38,4,5,2025-09-24 08:56:25,2026-03-23 14:16:44,Gerardo Mercier:38,
,CONFIRMAR_USO_HISTORICO_STOCK_LECTURAS,D207023,38,1,2,2025-09-24 08:56:25,2026-04-27 10:14:19,Jonathan Carvajal:25 | Gerardo Mercier:13,
,CONFIRMAR_USO_HISTORICO_STOCK_LECTURAS,D207083,38,0,4,2025-08-21 12:52:20,2026-04-27 10:14:19,Jonathan Carvajal:25 | Gerardo Mercier:13,
,CONFIRMAR_USO_HISTORICO_STOCK_LECTURAS,D207086,38,3,6,2025-09-24 08:56:25,2026-03-23 14:16:43,Gerardo Mercier:38,
,CONFIRMAR_USO_HISTORICO_STOCK_LECTURAS,D450002,38,3,3,2025-09-24 08:56:25,2026-03-23 14:16:44,Gerardo Mercier:38,
,CONFIRMAR_USO_HISTORICO_STOCK_LECTURAS,D705040,38,1,2,2025-11-04 09:21:33,2026-03-23 14:16:42,Gerardo Mercier:38,
,CONFIRMAR_USO_HISTORICO_STOCK_LECTURAS,D880001,38,1,5,2025-09-24 08:56:25,2026-03-23 14:16:44,Gerardo Mercier:38,
,CONFIRMAR_USO_HISTORICO_STOCK_LECTURAS,DEPJUEAJE031,38,0,1,2025-09-24 08:56:25,2026-04-27 10:14:19,Jonathan Carvajal:25 | Gerardo Mercier:13,
,CONFIRMAR_USO_HISTORICO_STOCK_LECTURAS,DMN004,38,28,28,2025-11-04 09:21:35,2026-03-23 14:26:22,Gerardo Mercier:38,
,CONFIRMAR_USO_HISTORICO_STOCK_LECTURAS,DPT012,38,2,7,2025-11-04 09:21:35,2026-03-23 14:26:21,Gerardo Mercier:38,
,CONFIRMAR_USO_HISTORICO_STOCK_LECTURAS,JUEGBAS166,38,0,2,2026-01-02 11:48:16,2026-04-27 10:14:20,Jonathan Carvajal:25 | Gerardo Mercier:13,
,CONFIRMAR_USO_HISTORICO_STOCK_LECTURAS,JUEGBAS256,38,1,2,2026-01-02 11:48:16,2026-04-27 10:14:20,Jonathan Carvajal:25 | Gerardo Mercier:13,
,CONFIRMAR_USO_HISTORICO_STOCK_LECTURAS,JUEGBAS297,38,1,1,2026-01-02 11:48:16,2026-04-27 10:14:20,Jonathan Carvajal:25 | Gerardo Mercier:13,
,CONFIRMAR_USO_HISTORICO_STOCK_LECTURAS,JUEGBAS337,38,1,1,2026-01-02 11:48:16,2026-04-27 10:14:20,Jonathan Carvajal:25 | Gerardo Mercier:13,
,CONFIRMAR_USO_HISTORICO_STOCK_LECTURAS,JUEGBAS382,38,1,1,2026-01-02 11:48:16,2026-04-27 10:14:20,Jonathan Carvajal:25 | Gerardo Mercier:13,
,CONFIRMAR_USO_HISTORICO_STOCK_LECTURAS,JUEGBAS398,38,1,1,2026-01-02 11:48:16,2026-04-27 10:14:20,Jonathan Carvajal:25 | Gerardo Mercier:13,
,CONFIRMAR_USO_HISTORICO_STOCK_LECTURAS,JUEGBHA025,38,1,1,2026-01-02 11:48:16,2026-04-27 10:14:20,Jonathan Carvajal:25 | Gerardo Mercier:13,
,CONFIRMAR_USO_HISTORICO_STOCK_LECTURAS,JUEGGOC021,38,1,1,2026-01-02 11:48:16,2026-04-27 10:14:20,Jonathan Carvajal:25 | Gerardo Mercier:13,
,CONFIRMAR_USO_HISTORICO_STOCK_LECTURAS,JUEGGOD060,38,1,2,2026-01-02 11:48:16,2026-04-27 10:14:20,Jonathan Carvajal:25 | Gerardo Mercier:13,
,CONFIRMAR_USO_HISTORICO_STOCK_LECTURAS,JUEGINT019,38,1,1,2026-01-02 11:48:16,2026-04-27 10:14:20,Jonathan Carvajal:25 | Gerardo Mercier:13,
,CONFIRMAR_USO_HISTORICO_STOCK_LECTURAS,JUEGINT066,38,1,1,2026-01-02 11:48:16,2026-04-27 10:14:20,Jonathan Carvajal:25 | Gerardo Mercier:13,
,CONFIRMAR_USO_HISTORICO_STOCK_LECTURAS,JUEGJAI210,38,2,3,2025-09-24 08:56:26,2026-04-27 10:14:20,Jonathan Carvajal:25 | Gerardo Mercier:13,
,CONFIRMAR_USO_HISTORICO_STOCK_LECTURAS,JUEGJAI301,38,2,6,2025-09-24 08:56:26,2026-04-27 10:14:20,Jonathan Carvajal:25 | Gerardo Mercier:13,
,CONFIRMAR_USO_HISTORICO_STOCK_LECTURAS,JUEGJAIC4,38,2,8,2025-09-24 08:56:26,2026-04-27 10:14:21,Jonathan Carvajal:25 | Gerardo Mercier:13,
,CONFIRMAR_USO_HISTORICO_STOCK_LECTURAS,JUEGMIN092,38,1,1,2026-01-02 11:48:16,2026-04-27 10:14:21,Jonathan Carvajal:25 | Gerardo Mercier:13,
,CONFIRMAR_USO_HISTORICO_STOCK_LECTURAS,JUEGPLO141,38,1,1,2026-01-02 11:48:16,2026-04-27 10:14:21,Jonathan Carvajal:25 | Gerardo Mercier:13,
,CONFIRMAR_USO_HISTORICO_STOCK_LECTURAS,JUEGROL716,38,0,5,2025-08-27 13:34:21,2026-04-27 10:14:22,Jonathan Carvajal:25 | Gerardo Mercier:13,
,CONFIRMAR_USO_HISTORICO_STOCK_LECTURAS,JUEGSON183,38,1,1,2026-01-02 11:48:16,2026-04-27 10:14:22,Jonathan Carvajal:25 | Gerardo Mercier:13,
,CONFIRMAR_USO_HISTORICO_STOCK_LECTURAS,JUEGSON203,38,1,2,2026-01-02 11:48:16,2026-04-27 10:14:22,Jonathan Carvajal:25 | Gerardo Mercier:13,
,CONFIRMAR_USO_HISTORICO_STOCK_LECTURAS,JUEGTIM005,38,2,3,2026-01-02 11:48:16,2026-04-27 10:14:22,Jonathan Carvajal:25 | Gerardo Mercier:13,
,CONFIRMAR_USO_HISTORICO_STOCK_LECTURAS,JUEGZHE038,38,1,2,2026-01-02 11:48:16,2026-04-27 10:14:22,Jonathan Carvajal:25 | Gerardo Mercier:13,
,CONFIRMAR_USO_HISTORICO_STOCK_LECTURAS,JUEGZHE208,38,2,2,2026-01-02 11:48:16,2026-04-27 10:14:22,Jonathan Carvajal:25 | Gerardo Mercier:13,
,CONFIRMAR_USO_HISTORICO_STOCK_LECTURAS,NAIPSAN001,38,1,4,2026-01-02 11:48:16,2026-04-27 10:14:23,Jonathan Carvajal:25 | Gerardo Mercier:13,
,CONFIRMAR_USO_HISTORICO_STOCK_LECTURAS,NCD06001,38,0,4,2025-08-21 12:52:20,2026-03-23 14:16:44,Gerardo Mercier:38,
,CONFIRMAR_USO_HISTORICO_STOCK_LECTURAS,PERFJUF212,38,1,3,2026-01-02 11:48:16,2026-04-27 10:14:23,Jonathan Carvajal:25 | Gerardo Mercier:13,
,CONFIRMAR_USO_HISTORICO_STOCK_LECTURAS,S601002,38,2,3,2025-09-24 08:56:27,2026-03-23 14:16:44,Gerardo Mercier:38,
,CONFIRMAR_USO_HISTORICO_STOCK_LECTURAS,d705058,38,1,1,2025-08-21 12:52:58,2025-11-26 10:09:34,Gerardo Mercier:38,
,CONFIRMAR_USO_HISTORICO_STOCK_LECTURAS,d807029,38,0,1,2025-08-21 12:52:59,2025-11-26 10:09:35,Gerardo Mercier:38,
,CONFIRMAR_USO_HISTORICO_STOCK_LECTURAS,juegbas101,38,1,1,2025-09-24 08:56:25,2026-04-27 10:14:20,Jonathan Carvajal:25 | Gerardo Mercier:13,
,CONFIRMAR_USO_HISTORICO_STOCK_LECTURAS,jueggod013,38,1,4,2025-09-03 13:47:22,2026-04-27 10:14:20,Jonathan Carvajal:25 | Gerardo Mercier:13,
,CONFIRMAR_USO_HISTORICO_STOCK_LECTURAS,juegjaibc,38,2,2,2025-09-02 08:54:58,2025-11-26 10:09:35,Gerardo Mercier:38,
,CONFIRMAR_USO_HISTORICO_STOCK_LECTURAS,juegsh1432,38,1,1,2025-09-02 08:54:58,2025-11-26 10:09:36,Gerardo Mercier:38,
,CONFIRMAR_USO_HISTORICO_STOCK_LECTURAS,juegzhe152,38,1,1,2025-09-24 08:56:27,2026-04-27 10:14:22,Jonathan Carvajal:25 | Gerardo Mercier:13,
,CONFIRMAR_USO_HISTORICO_STOCK_LECTURAS,juegzhe226,38,1,1,2025-09-24 08:56:27,2026-04-27 10:14:22,Jonathan Carvajal:25 | Gerardo Mercier:13,
,CONFIRMAR_USO_HISTORICO_STOCK_LECTURAS,juegzhe251,38,0,1,2025-09-24 08:56:27,2026-04-27 10:14:22,Jonathan Carvajal:25 | Gerardo Mercier:13,
,CONFIRMAR_USO_HISTORICO_STOCK_LECTURAS,ltsalda625,38,1,1,2025-09-24 08:56:27,2026-04-27 10:14:23,Jonathan Carvajal:25 | Gerardo Mercier:13,
,CONFIRMAR_USO_HISTORICO_STOCK_LECTURAS,13105,37,1,2,2025-09-24 08:56:24,2026-04-27 10:14:18,Jonathan Carvajal:25 | Gerardo Mercier:12,
,CONFIRMAR_USO_HISTORICO_STOCK_LECTURAS,185705353,37,1,1,2025-09-24 08:56:25,2026-04-27 10:14:18,Jonathan Carvajal:25 | Gerardo Mercier:12,
,CONFIRMAR_USO_HISTORICO_STOCK_LECTURAS,7241,37,1,1,2025-09-24 08:56:24,2026-04-27 10:14:18,Jonathan Carvajal:25 | Gerardo Mercier:12,
,CONFIRMAR_USO_HISTORICO_STOCK_LECTURAS,837783001,37,1,1,2025-09-24 08:56:25,2026-04-27 10:14:18,Jonathan Carvajal:25 | Gerardo Mercier:12,
,CONFIRMAR_USO_HISTORICO_STOCK_LECTURAS,BJ292,37,1,1,2025-09-24 08:56:25,2026-04-27 10:14:18,Jonathan Carvajal:25 | Gerardo Mercier:12,
,CONFIRMAR_USO_HISTORICO_STOCK_LECTURAS,CORTINASENSORYSBRIGTCOLOR,37,0,10,2025-11-11 16:30:34,2026-03-23 14:26:19,Gerardo Mercier:37,
,CONFIRMAR_USO_HISTORICO_STOCK_LECTURAS,D201019,37,1,1,2025-09-24 08:56:25,2026-04-27 10:14:18,Jonathan Carvajal:25 | Gerardo Mercier:12,
,CONFIRMAR_USO_HISTORICO_STOCK_LECTURAS,D207004,37,1,4,2025-09-24 08:56:25,2026-04-27 10:14:19,Jonathan Carvajal:25 | Gerardo Mercier:12,
,CONFIRMAR_USO_HISTORICO_STOCK_LECTURAS,D207024,37,2,8,2025-09-24 08:56:25,2026-04-27 10:14:19,Jonathan Carvajal:25 | Gerardo Mercier:12,
,CONFIRMAR_USO_HISTORICO_STOCK_LECTURAS,D207079,37,2,5,2025-09-24 08:56:25,2026-04-27 10:14:19,Jonathan Carvajal:25 | Gerardo Mercier:12,
,CONFIRMAR_USO_HISTORICO_STOCK_LECTURAS,D230031,37,0,1,2025-11-11 16:30:32,2026-03-23 14:16:44,Gerardo Mercier:37,
,CONFIRMAR_USO_HISTORICO_STOCK_LECTURAS,D503011,37,3,3,2025-11-11 16:30:32,2026-03-23 14:16:44,Gerardo Mercier:37,
,CONFIRMAR_USO_HISTORICO_STOCK_LECTURAS,D605002,37,0,1,2025-09-24 08:56:25,2026-04-27 10:14:19,Jonathan Carvajal:25 | Gerardo Mercier:12,
,CONFIRMAR_USO_HISTORICO_STOCK_LECTURAS,D705075,37,1,3,2025-09-24 08:56:25,2026-04-27 10:14:19,Jonathan Carvajal:25 | Gerardo Mercier:12,
,CONFIRMAR_USO_HISTORICO_STOCK_LECTURAS,D705077,37,1,3,2025-09-24 08:56:25,2026-04-27 10:14:19,Jonathan Carvajal:25 | Gerardo Mercier:12,
,CONFIRMAR_USO_HISTORICO_STOCK_LECTURAS,D707012,37,2,10,2025-09-24 08:56:25,2026-04-27 10:14:19,Jonathan Carvajal:25 | Gerardo Mercier:12,
,CONFIRMAR_USO_HISTORICO_STOCK_LECTURAS,D750002,37,2,3,2025-11-11 16:30:32,2026-03-23 14:16:44,Gerardo Mercier:37,
,CONFIRMAR_USO_HISTORICO_STOCK_LECTURAS,DEPGIMBAL094,37,1,2,2025-09-24 08:56:25,2026-04-27 10:14:19,Jonathan Carvajal:25 | Gerardo Mercier:12,
,CONFIRMAR_USO_HISTORICO_STOCK_LECTURAS,DEPGIMMED085,37,1,1,2025-10-21 12:45:40,2026-01-09 09:04:33,Gerardo Mercier:37,
,CONFIRMAR_USO_HISTORICO_STOCK_LECTURAS,JUEGBAS123,37,0,1,2026-01-05 10:01:05,2026-04-27 10:14:20,Jonathan Carvajal:25 | Gerardo Mercier:12,
,CONFIRMAR_USO_HISTORICO_STOCK_LECTURAS,JUEGJAI121,37,2,11,2026-01-02 11:48:14,2026-04-27 10:14:20,Jonathan Carvajal:25 | Gerardo Mercier:12,
,CONFIRMAR_USO_HISTORICO_STOCK_LECTURAS,JUEGJAI347,37,1,2,2026-01-02 11:48:14,2026-04-27 10:14:21,Jonathan Carvajal:25 | Gerardo Mercier:12,
,CONFIRMAR_USO_HISTORICO_STOCK_LECTURAS,JUEGSH412,37,1,1,2025-09-24 08:56:26,2026-04-27 10:14:22,Jonathan Carvajal:25 | Gerardo Mercier:12,
,CONFIRMAR_USO_HISTORICO_STOCK_LECTURAS,JUEGSH942,37,1,1,2026-01-02 11:48:14,2026-04-27 10:14:22,Jonathan Carvajal:25 | Gerardo Mercier:12,
,CONFIRMAR_USO_HISTORICO_STOCK_LECTURAS,MINIARCOD,37,1,2,2025-09-24 08:56:27,2026-04-27 10:14:23,Jonathan Carvajal:25 | Gerardo Mercier:12,
,CONFIRMAR_USO_HISTORICO_STOCK_LECTURAS,MK03164,37,1,2,2025-09-24 08:56:27,2026-04-27 10:14:23,Jonathan Carvajal:25 | Gerardo Mercier:12,
,CONFIRMAR_USO_HISTORICO_STOCK_LECTURAS,PENDULO,37,1,1,2025-09-24 08:56:27,2026-04-27 10:14:23,Jonathan Carvajal:25 | Gerardo Mercier:12,
,CONFIRMAR_USO_HISTORICO_STOCK_LECTURAS,TVM-T,37,9,14,2025-11-11 16:30:34,2026-03-23 14:26:22,Gerardo Mercier:37,
,CONFIRMAR_USO_HISTORICO_STOCK_LECTURAS,juegsh1023,37,1,2,2025-09-24 08:56:26,2026-04-27 10:14:22,Jonathan Carvajal:25 | Gerardo Mercier:12,
,CONFIRMAR_USO_HISTORICO_STOCK_LECTURAS,juegsh569,37,1,4,2025-09-24 08:56:26,2026-04-27 10:14:22,Jonathan Carvajal:25 | Gerardo Mercier:12,
,CONFIRMAR_USO_HISTORICO_STOCK_LECTURAS,juegsh757,37,1,2,2025-09-24 08:56:26,2026-04-27 10:14:22,Jonathan Carvajal:25 | Gerardo Mercier:12,
,CONFIRMAR_USO_HISTORICO_STOCK_LECTURAS,juegsh768,37,0,1,2025-09-24 08:56:26,2026-04-27 10:14:22,Jonathan Carvajal:25 | Gerardo Mercier:12,
,CONFIRMAR_USO_HISTORICO_STOCK_LECTURAS,115644644,36,1,2,2025-09-24 08:56:25,2026-04-27 10:14:18,Jonathan Carvajal:25 | Gerardo Mercier:11,
,CONFIRMAR_USO_HISTORICO_STOCK_LECTURAS,118540357,36,1,1,2025-09-24 08:56:25,2026-04-27 10:14:18,Jonathan Carvajal:25 | Gerardo Mercier:11,
,CONFIRMAR_USO_HISTORICO_STOCK_LECTURAS,312032158,36,1,3,2025-09-24 08:56:25,2026-04-27 10:14:18,Jonathan Carvajal:25 | Gerardo Mercier:11,
,CONFIRMAR_USO_HISTORICO_STOCK_LECTURAS,326001690,36,1,1,2025-09-24 08:56:25,2026-04-27 10:14:18,Jonathan Carvajal:25 | Gerardo Mercier:11,
,CONFIRMAR_USO_HISTORICO_STOCK_LECTURAS,326001693,36,1,1,2025-09-24 08:56:25,2026-04-27 10:14:18,Jonathan Carvajal:25 | Gerardo Mercier:11,
,CONFIRMAR_USO_HISTORICO_STOCK_LECTURAS,326002631,36,1,2,2025-09-24 08:56:25,2026-04-27 10:14:18,Jonathan Carvajal:25 | Gerardo Mercier:11,
,CONFIRMAR_USO_HISTORICO_STOCK_LECTURAS,4007655,36,1,1,2025-09-24 08:56:25,2026-04-27 10:14:18,Jonathan Carvajal:25 | Gerardo Mercier:11,
,CONFIRMAR_USO_HISTORICO_STOCK_LECTURAS,4015162,36,1,2,2025-09-24 08:56:25,2026-04-27 10:14:18,Jonathan Carvajal:25 | Gerardo Mercier:11,
,CONFIRMAR_USO_HISTORICO_STOCK_LECTURAS,AC665,36,1,1,2025-09-24 08:56:25,2026-04-27 10:14:18,Jonathan Carvajal:25 | Gerardo Mercier:11,
,CONFIRMAR_USO_HISTORICO_STOCK_LECTURAS,ANSAL-21137,36,1,1,2026-01-02 11:48:17,2026-04-27 10:14:18,Jonathan Carvajal:25 | Gerardo Mercier:11,
,CONFIRMAR_USO_HISTORICO_STOCK_LECTURAS,D201053,36,1,1,2026-01-02 11:48:13,2026-04-27 10:14:19,Jonathan Carvajal:25 | Gerardo Mercier:11,
,CONFIRMAR_USO_HISTORICO_STOCK_LECTURAS,D203014,36,1,1,2026-01-02 11:48:13,2026-04-27 10:14:19,Jonathan Carvajal:25 | Gerardo Mercier:11,
,CONFIRMAR_USO_HISTORICO_STOCK_LECTURAS,D203020,36,1,1,2026-01-02 11:48:13,2026-04-27 10:14:19,Jonathan Carvajal:25 | Gerardo Mercier:11,
,CONFIRMAR_USO_HISTORICO_STOCK_LECTURAS,D230018,36,0,1,2026-01-02 11:48:13,2026-04-27 10:14:19,Jonathan Carvajal:25 | Gerardo Mercier:11,
,CONFIRMAR_USO_HISTORICO_STOCK_LECTURAS,D230023,36,1,2,2026-01-02 11:48:13,2026-04-27 10:14:19,Jonathan Carvajal:25 | Gerardo Mercier:11,
,CONFIRMAR_USO_HISTORICO_STOCK_LECTURAS,D304008,36,1,2,2026-01-02 11:48:13,2026-04-27 10:14:19,Jonathan Carvajal:25 | Gerardo Mercier:11,
,CONFIRMAR_USO_HISTORICO_STOCK_LECTURAS,D306028,36,1,1,2026-01-02 11:48:13,2026-04-27 10:14:19,Jonathan Carvajal:25 | Gerardo Mercier:11,
,CONFIRMAR_USO_HISTORICO_STOCK_LECTURAS,D401004,36,2,3,2026-01-02 11:48:13,2026-04-27 10:14:19,Jonathan Carvajal:25 | Gerardo Mercier:11,
,CONFIRMAR_USO_HISTORICO_STOCK_LECTURAS,D603002,36,2,3,2026-01-02 11:48:13,2026-04-27 10:14:19,Jonathan Carvajal:25 | Gerardo Mercier:11,
,CONFIRMAR_USO_HISTORICO_STOCK_LECTURAS,D705020,36,2,4,2026-01-02 11:48:13,2026-04-27 10:14:19,Jonathan Carvajal:25 | Gerardo Mercier:11,
,CONFIRMAR_USO_HISTORICO_STOCK_LECTURAS,D711003,36,2,2,2026-01-02 11:48:13,2026-04-27 10:14:19,Jonathan Carvajal:25 | Gerardo Mercier:11,
,CONFIRMAR_USO_HISTORICO_STOCK_LECTURAS,D711004,36,1,1,2026-01-02 11:48:13,2026-04-27 10:14:19,Jonathan Carvajal:25 | Gerardo Mercier:11,
,CONFIRMAR_USO_HISTORICO_STOCK_LECTURAS,D801007,36,1,1,2026-01-02 11:48:13,2026-04-27 10:14:19,Jonathan Carvajal:25 | Gerardo Mercier:11,
,CONFIRMAR_USO_HISTORICO_STOCK_LECTURAS,D805001,36,1,1,2026-01-02 11:48:13,2026-04-27 10:14:19,Jonathan Carvajal:25 | Gerardo Mercier:11,
,CONFIRMAR_USO_HISTORICO_STOCK_LECTURAS,DEPGIMMED100,36,1,2,2026-01-02 11:48:17,2026-04-27 10:14:19,Jonathan Carvajal:25 | Gerardo Mercier:11,
,CONFIRMAR_USO_HISTORICO_STOCK_LECTURAS,DEPPINSOP010,36,1,3,2026-01-02 11:48:17,2026-04-27 10:14:19,Jonathan Carvajal:25 | Gerardo Mercier:11,
,CONFIRMAR_USO_HISTORICO_STOCK_LECTURAS,DMB011,36,1,1,2026-01-02 11:48:17,2026-04-27 10:14:19,Jonathan Carvajal:25 | Gerardo Mercier:11,
,CONFIRMAR_USO_HISTORICO_STOCK_LECTURAS,FAL15728799,36,1,1,2026-01-02 11:48:17,2026-04-27 10:14:20,Jonathan Carvajal:25 | Gerardo Mercier:11,
,CONFIRMAR_USO_HISTORICO_STOCK_LECTURAS,JUEGCUB121,36,2,2,2025-11-17 10:27:41,2026-03-23 14:21:42,Gerardo Mercier:36,
,CONFIRMAR_USO_HISTORICO_STOCK_LECTURAS,JUEGEQQ50012,36,1,1,2026-01-02 11:48:17,2026-04-27 10:14:20,Jonathan Carvajal:25 | Gerardo Mercier:11,
,CONFIRMAR_USO_HISTORICO_STOCK_LECTURAS,JUEGPLAS1516,36,1,1,2026-01-02 11:48:17,2026-04-27 10:14:21,Jonathan Carvajal:25 | Gerardo Mercier:11,
,CONFIRMAR_USO_HISTORICO_STOCK_LECTURAS,JUEGROL23969-3,36,0,81,2025-08-27 13:34:22,2026-04-27 10:14:21,Jonathan Carvajal:25 | Gerardo Mercier:11,
,CONFIRMAR_USO_HISTORICO_STOCK_LECTURAS,JUEMES035,36,1,1,2026-01-02 11:48:17,2026-04-27 10:14:23,Jonathan Carvajal:25 | Gerardo Mercier:11,
,CONFIRMAR_USO_HISTORICO_STOCK_LECTURAS,MK7EPQN8CS,36,16,16,2025-10-29 09:50:36,2026-02-10 16:56:35,Gerardo Mercier:36,
,CONFIRMAR_USO_HISTORICO_STOCK_LECTURAS,NCD04001,36,0,2,2026-01-02 11:48:13,2026-04-27 10:14:23,Jonathan Carvajal:25 | Gerardo Mercier:11,
,CONFIRMAR_USO_HISTORICO_STOCK_LECTURAS,SMX230,36,1,2,2025-12-02 09:16:22,2026-03-23 14:26:21,Gerardo Mercier:36,
,CONFIRMAR_USO_HISTORICO_STOCK_LECTURAS,T401057,36,1,1,2026-01-02 11:48:13,2026-04-27 10:14:24,Jonathan Carvajal:25 | Gerardo Mercier:11,
,CONFIRMAR_USO_HISTORICO_STOCK_LECTURAS,carrito2,36,1,1,2025-09-24 08:56:25,2026-04-27 10:14:18,Jonathan Carvajal:25 | Gerardo Mercier:11,
,CONFIRMAR_USO_HISTORICO_STOCK_LECTURAS,cuento4,36,1,1,2025-09-24 08:56:25,2026-04-27 10:14:18,Jonathan Carvajal:25 | Gerardo Mercier:11,
,CONFIRMAR_USO_HISTORICO_STOCK_LECTURAS,fa149-1,36,1,1,2025-09-24 08:56:25,2026-04-27 10:14:20,Jonathan Carvajal:25 | Gerardo Mercier:11,
,CONFIRMAR_USO_HISTORICO_STOCK_LECTURAS,fiharbal006,36,1,1,2025-09-24 08:56:25,2026-04-27 10:14:20,Jonathan Carvajal:25 | Gerardo Mercier:11,
,CONFIRMAR_USO_HISTORICO_STOCK_LECTURAS,jn00002-0000,36,1,2,2025-09-24 08:56:25,2026-04-27 10:14:20,Jonathan Carvajal:25 | Gerardo Mercier:11,
,CONFIRMAR_USO_HISTORICO_STOCK_LECTURAS,juegcl1170673,36,1,2,2025-09-24 08:56:25,2026-04-27 10:14:20,Jonathan Carvajal:25 | Gerardo Mercier:11,
,CONFIRMAR_USO_HISTORICO_STOCK_LECTURAS,juegcl3481814,36,1,2,2025-09-24 08:56:25,2026-04-27 10:14:20,Jonathan Carvajal:25 | Gerardo Mercier:11,
,CONFIRMAR_USO_HISTORICO_STOCK_LECTURAS,juegcl4010877,36,1,1,2025-09-24 08:56:25,2026-04-27 10:14:20,Jonathan Carvajal:25 | Gerardo Mercier:11,
,CONFIRMAR_USO_HISTORICO_STOCK_LECTURAS,juegcl4102473,36,1,2,2025-09-24 08:56:25,2026-04-27 10:14:20,Jonathan Carvajal:25 | Gerardo Mercier:11,
,CONFIRMAR_USO_HISTORICO_STOCK_LECTURAS,juegolgj665e,36,1,2,2025-09-24 08:56:26,2026-04-27 10:14:21,Jonathan Carvajal:25 | Gerardo Mercier:11,
,CONFIRMAR_USO_HISTORICO_STOCK_LECTURAS,juegolja1763,36,1,4,2025-09-24 08:56:26,2026-04-27 10:14:21,Jonathan Carvajal:25 | Gerardo Mercier:11,
,CONFIRMAR_USO_HISTORICO_STOCK_LECTURAS,juegplas1142,36,1,2,2025-09-24 08:56:26,2026-04-27 10:14:21,Jonathan Carvajal:25 | Gerardo Mercier:11,
,CONFIRMAR_USO_HISTORICO_STOCK_LECTURAS,juegplas21,36,1,1,2025-09-24 08:56:26,2026-04-27 10:14:21,Jonathan Carvajal:25 | Gerardo Mercier:11,
,CONFIRMAR_USO_HISTORICO_STOCK_LECTURAS,la007,36,1,1,2025-09-24 08:56:27,2026-04-27 10:14:23,Jonathan Carvajal:25 | Gerardo Mercier:11,
,CONFIRMAR_USO_HISTORICO_STOCK_LECTURAS,lk326001702,36,1,1,2025-09-24 08:56:27,2026-04-27 10:14:23,Jonathan Carvajal:25 | Gerardo Mercier:11,
,CONFIRMAR_USO_HISTORICO_STOCK_LECTURAS,matematholimaths,36,1,1,2025-09-24 08:56:27,2026-04-27 10:14:23,Jonathan Carvajal:25 | Gerardo Mercier:11,
,CONFIRMAR_USO_HISTORICO_STOCK_LECTURAS,pistola1,36,1,1,2025-09-24 08:56:27,2026-04-27 10:14:23,Jonathan Carvajal:25 | Gerardo Mercier:11,
,CONFIRMAR_USO_HISTORICO_STOCK_LECTURAS,pumad3040,36,1,1,2025-09-24 08:56:27,2026-04-27 10:14:23,Jonathan Carvajal:25 | Gerardo Mercier:11,
,CONFIRMAR_USO_HISTORICO_STOCK_LECTURAS,pumad3068,36,1,3,2025-09-24 08:56:27,2026-04-27 10:14:23,Jonathan Carvajal:25 | Gerardo Mercier:11,
,CONFIRMAR_USO_HISTORICO_STOCK_LECTURAS,pumad7040,36,1,8,2025-09-24 08:56:27,2026-04-27 10:14:23,Jonathan Carvajal:25 | Gerardo Mercier:11,
,CONFIRMAR_USO_HISTORICO_STOCK_LECTURAS,setyoga4p,36,2,5,2025-09-24 08:56:27,2026-04-27 10:14:24,Jonathan Carvajal:25 | Gerardo Mercier:11,
,CONFIRMAR_USO_HISTORICO_STOCK_LECTURAS,AA-5050,35,1,4,2025-11-14 10:08:40,2026-03-23 14:26:20,Gerardo Mercier:35,
,CONFIRMAR_USO_HISTORICO_STOCK_LECTURAS,D207089,35,2,2,2025-11-14 10:08:38,2026-03-23 14:16:42,Gerardo Mercier:35,
,CONFIRMAR_USO_HISTORICO_STOCK_LECTURAS,F1077,35,2,7,2025-11-14 10:08:38,2026-03-23 14:16:44,Gerardo Mercier:35,
,CONFIRMAR_USO_HISTORICO_STOCK_LECTURAS,JUEGROL24243-B,35,0,500,2025-08-27 13:34:23,2026-01-14 08:58:59,Gerardo Mercier:35,
,CONFIRMAR_USO_HISTORICO_STOCK_LECTURAS,juegrol24225,35,0,222,2025-08-27 13:36:10,2026-04-27 10:14:21,Jonathan Carvajal:25 | Gerardo Mercier:10,
,CONFIRMAR_USO_HISTORICO_STOCK_LECTURAS,juegrol24254,35,0,378,2025-08-27 13:36:10,2026-04-27 10:14:21,Jonathan Carvajal:25 | Gerardo Mercier:10,
,CONFIRMAR_USO_HISTORICO_STOCK_LECTURAS,301229,34,1,54,2025-09-24 08:56:24,2026-04-27 10:14:18,Jonathan Carvajal:25 | Gerardo Mercier:9,
,CONFIRMAR_USO_HISTORICO_STOCK_LECTURAS,D101035,34,1,5,2025-11-17 10:27:38,2026-03-23 14:16:43,Gerardo Mercier:34,
,CONFIRMAR_USO_HISTORICO_STOCK_LECTURAS,D701046,34,1,1,2025-11-17 10:27:40,2026-03-23 14:16:42,Gerardo Mercier:34,
,CONFIRMAR_USO_HISTORICO_STOCK_LECTURAS,D750010,34,2,4,2025-11-17 10:27:40,2026-03-23 14:16:42,Gerardo Mercier:34,
,CONFIRMAR_USO_HISTORICO_STOCK_LECTURAS,E9383,34,1,3,2025-11-17 10:27:40,2026-03-23 14:16:41,Gerardo Mercier:34,
,CONFIRMAR_USO_HISTORICO_STOCK_LECTURAS,PT-EV00601,34,3,5,2025-11-17 10:27:40,2026-03-23 14:16:44,Gerardo Mercier:34,
,CONFIRMAR_USO_HISTORICO_STOCK_LECTURAS,6604,33,0,3,2026-01-07 08:50:05,2026-04-27 10:14:18,Jonathan Carvajal:25 | Gerardo Mercier:8,
,CONFIRMAR_USO_HISTORICO_STOCK_LECTURAS,D101005,33,1,2,2025-11-18 10:02:31,2026-03-23 14:16:43,Gerardo Mercier:33,
,CONFIRMAR_USO_HISTORICO_STOCK_LECTURAS,D101011,33,0,2,2025-11-18 10:02:31,2026-03-23 14:16:43,Gerardo Mercier:33,
,CONFIRMAR_USO_HISTORICO_STOCK_LECTURAS,D807061,33,2,3,2025-11-18 10:02:31,2026-03-23 14:16:43,Gerardo Mercier:33,
,CONFIRMAR_USO_HISTORICO_STOCK_LECTURAS,D901037,33,0,0,2025-11-18 10:02:31,2026-03-23 14:16:44,Gerardo Mercier:33,
,CONFIRMAR_USO_HISTORICO_STOCK_LECTURAS,JUEGBHA055,33,7,16,2025-11-19 09:04:28,2026-03-23 14:21:41,Gerardo Mercier:33,
,CONFIRMAR_USO_HISTORICO_STOCK_LECTURAS,JUEGSTA017,33,1,1,2025-11-19 09:04:28,2026-03-23 14:21:44,Gerardo Mercier:33,
,CONFIRMAR_USO_HISTORICO_STOCK_LECTURAS,JUEGZHE043,33,0,2,2026-01-09 09:04:33,2026-04-27 10:14:22,Jonathan Carvajal:25 | Gerardo Mercier:8,
,CONFIRMAR_USO_HISTORICO_STOCK_LECTURAS,juegolja4010952,33,2,6,2025-09-24 08:56:26,2026-04-27 10:14:21,Jonathan Carvajal:25 | Gerardo Mercier:8,
,CONFIRMAR_USO_HISTORICO_STOCK_LECTURAS,D705029,32,1,2,2026-01-08 09:48:18,2026-04-27 10:14:19,Jonathan Carvajal:25 | Gerardo Mercier:7,
,CONFIRMAR_USO_HISTORICO_STOCK_LECTURAS,JUEGPLO106,32,1,1,2025-11-20 14:51:03,2026-03-23 14:21:42,Gerardo Mercier:32,
,CONFIRMAR_USO_HISTORICO_STOCK_LECTURAS,LTSALDA156,32,4,4,2025-11-20 14:51:03,2026-03-23 14:21:44,Gerardo Mercier:32,
,CONFIRMAR_USO_HISTORICO_STOCK_LECTURAS,d801010,32,0,2,2025-08-21 12:52:59,2025-11-17 10:27:39,Gerardo Mercier:32,
,CONFIRMAR_USO_HISTORICO_STOCK_LECTURAS,juegrol23054a,32,1,82,2025-09-02 08:55:00,2026-04-27 10:14:21,Jonathan Carvajal:25 | Gerardo Mercier:7,
,CONFIRMAR_USO_HISTORICO_STOCK_LECTURAS,C105004,31,2,2,2025-11-14 10:08:39,2026-01-14 08:59:02,Gerardo Mercier:31,
,CONFIRMAR_USO_HISTORICO_STOCK_LECTURAS,JUEGCL3906904,31,2,7,2025-09-24 08:56:25,2026-03-23 14:26:22,Gerardo Mercier:31,
,CONFIRMAR_USO_HISTORICO_STOCK_LECTURAS,JUEGPLO156,31,1,7,2025-09-24 08:56:26,2026-03-23 14:21:44,Gerardo Mercier:31,
,CONFIRMAR_USO_HISTORICO_STOCK_LECTURAS,JUEGROL23133,31,0,9,2025-08-27 13:34:21,2026-03-23 14:14:26,Gerardo Mercier:31,
,CONFIRMAR_USO_HISTORICO_STOCK_LECTURAS,JUEGROL23143A,31,0,52,2025-08-27 13:34:21,2026-03-23 14:14:28,Gerardo Mercier:31,
,CONFIRMAR_USO_HISTORICO_STOCK_LECTURAS,JUEGROL23861,31,0,96,2025-08-27 13:34:22,2026-03-31 17:49:32,Gerardo Mercier:29 | Jonathan Carvajal:2,
,CONFIRMAR_USO_HISTORICO_STOCK_LECTURAS,JUEGROL23869,31,0,45,2025-08-27 13:34:22,2026-03-23 14:14:27,Gerardo Mercier:31,
,CONFIRMAR_USO_HISTORICO_STOCK_LECTURAS,juegcl4014455,31,1,12,2025-09-03 13:47:23,2026-04-27 10:14:20,Jonathan Carvajal:25 | Gerardo Mercier:6,
,CONFIRMAR_USO_HISTORICO_STOCK_LECTURAS,BFBALENT006,30,1,1,2026-02-10 16:56:35,2026-04-27 10:14:18,Jonathan Carvajal:25 | Gerardo Mercier:5,
,CONFIRMAR_USO_HISTORICO_STOCK_LECTURAS,BUBBLE TUBIE SENSORY-180180,30,3,16,2026-02-10 16:56:40,2026-04-27 10:14:18,Jonathan Carvajal:25 | Gerardo Mercier:5,
,CONFIRMAR_USO_HISTORICO_STOCK_LECTURAS,D705014,30,1,4,2025-11-20 14:51:00,2026-03-23 14:16:44,Gerardo Mercier:30,
,CONFIRMAR_USO_HISTORICO_STOCK_LECTURAS,DIASOLEADO,30,3,3,2025-12-22 09:02:38,2026-04-27 10:14:19,Jonathan Carvajal:17 | Gerardo Mercier:13,
,CONFIRMAR_USO_HISTORICO_STOCK_LECTURAS,JUEGBAS502,30,0,3,2025-11-26 10:09:38,2026-03-23 14:21:44,Gerardo Mercier:30,
,CONFIRMAR_USO_HISTORICO_STOCK_LECTURAS,JUEGBHA053,30,1,1,2025-11-26 10:09:38,2026-03-23 14:21:42,Gerardo Mercier:30,
,CONFIRMAR_USO_HISTORICO_STOCK_LECTURAS,JUEGCL1191524,30,1,2,2025-11-20 14:51:03,2026-03-23 14:26:21,Gerardo Mercier:30,
,CONFIRMAR_USO_HISTORICO_STOCK_LECTURAS,JUEGCL3958378,30,5,7,2025-11-20 14:51:03,2026-03-23 14:26:22,Gerardo Mercier:30,
,CONFIRMAR_USO_HISTORICO_STOCK_LECTURAS,JUEGCL4011461,30,7,8,2025-09-03 13:47:23,2026-03-23 14:26:22,Gerardo Mercier:30,
,CONFIRMAR_USO_HISTORICO_STOCK_LECTURAS,JUEGPLAS1067,30,1,13,2025-09-24 08:56:26,2026-03-23 14:26:22,Gerardo Mercier:30,
,CONFIRMAR_USO_HISTORICO_STOCK_LECTURAS,JUEGPLO080,30,1,1,2025-11-17 10:27:41,2026-01-14 08:59:05,Gerardo Mercier:30,
,CONFIRMAR_USO_HISTORICO_STOCK_LECTURAS,JUEGROL23841,30,0,21,2025-08-27 13:34:23,2026-04-27 10:14:21,Jonathan Carvajal:25 | Gerardo Mercier:5,
,CONFIRMAR_USO_HISTORICO_STOCK_LECTURAS,JUEGROL23855B,30,0,24,2025-08-27 13:34:22,2026-04-27 10:14:21,Jonathan Carvajal:25 | Gerardo Mercier:5,
,CONFIRMAR_USO_HISTORICO_STOCK_LECTURAS,JUEGROL23860,30,0,48,2025-08-27 13:34:22,2026-03-23 14:14:28,Gerardo Mercier:30,
,CONFIRMAR_USO_HISTORICO_STOCK_LECTURAS,JUEGSTA025,30,7,17,2025-11-26 10:09:38,2026-03-23 14:21:44,Gerardo Mercier:30,
,CONFIRMAR_USO_HISTORICO_STOCK_LECTURAS,JUEGZHE005,30,1,6,2025-09-24 08:56:25,2026-04-27 10:14:22,Jonathan Carvajal:17 | Gerardo Mercier:13,
,CONFIRMAR_USO_HISTORICO_STOCK_LECTURAS,LTSALDA234,30,0,1,2025-09-24 08:56:27,2026-04-27 10:14:23,Jonathan Carvajal:17 | Gerardo Mercier:13,
,CONFIRMAR_USO_HISTORICO_STOCK_LECTURAS,PELOBRU006,30,1,1,2025-11-26 10:09:38,2026-03-23 14:21:42,Gerardo Mercier:30,
,CONFIRMAR_USO_HISTORICO_STOCK_LECTURAS,PR-78342,30,5,24,2025-11-20 14:51:03,2026-03-23 14:26:22,Gerardo Mercier:30,
,CONFIRMAR_USO_HISTORICO_STOCK_LECTURAS,SENSORYMIRROR-3D,30,2,6,2026-02-10 16:56:40,2026-04-27 10:14:24,Jonathan Carvajal:25 | Gerardo Mercier:5,
,CONFIRMAR_USO_HISTORICO_STOCK_LECTURAS,d807014,30,0,11,2025-08-21 12:52:58,2025-11-13 09:08:45,Gerardo Mercier:30,
,CONFIRMAR_USO_HISTORICO_STOCK_LECTURAS,juegcl4006788,30,1,2,2025-09-04 08:57:51,2026-04-27 10:14:20,Jonathan Carvajal:25 | Gerardo Mercier:5,
,CONFIRMAR_USO_HISTORICO_STOCK_LECTURAS,juegrol23089,30,1,20,2025-08-27 13:36:10,2025-11-04 09:21:27,Gerardo Mercier:30,
,CONFIRMAR_USO_HISTORICO_STOCK_LECTURAS,juegsh1131,30,0,4,2025-09-02 08:54:59,2025-11-13 09:08:46,Gerardo Mercier:30,
,CONFIRMAR_USO_HISTORICO_STOCK_LECTURAS,28091,29,1,1,2026-02-25 17:31:37,2026-04-27 10:14:18,Jonathan Carvajal:25 | Gerardo Mercier:4,
,CONFIRMAR_USO_HISTORICO_STOCK_LECTURAS,D207080,29,2,6,2026-02-25 17:06:46,2026-04-27 10:14:19,Jonathan Carvajal:25 | Gerardo Mercier:4,
,CONFIRMAR_USO_HISTORICO_STOCK_LECTURAS,DEPGIMBAL008,29,1,3,2026-02-25 17:31:37,2026-04-27 10:14:19,Jonathan Carvajal:25 | Gerardo Mercier:4,
,CONFIRMAR_USO_HISTORICO_STOCK_LECTURAS,GIACCCIN001,29,31,40,2025-11-25 09:14:40,2026-03-23 14:26:22,Gerardo Mercier:29,
,CONFIRMAR_USO_HISTORICO_STOCK_LECTURAS,INSTTAL012,29,1,52,2026-03-02 07:49:38,2026-04-27 10:14:20,Jonathan Carvajal:25 | Gerardo Mercier:4,
,CONFIRMAR_USO_HISTORICO_STOCK_LECTURAS,JUEGROL23855C,29,1,24,2026-02-25 17:02:54,2026-04-27 10:14:21,Jonathan Carvajal:25 | Gerardo Mercier:4,
,CONFIRMAR_USO_HISTORICO_STOCK_LECTURAS,MUNDT025,29,0,9,2025-08-21 12:57:49,2026-03-23 14:18:04,Gerardo Mercier:29,
,CONFIRMAR_USO_HISTORICO_STOCK_LECTURAS,PENN,29,2,4,2025-11-25 09:14:40,2026-03-23 14:26:22,Gerardo Mercier:29,
,CONFIRMAR_USO_HISTORICO_STOCK_LECTURAS,SETPIBZASCANDO,29,1,1,2025-11-25 09:14:40,2026-03-23 14:26:21,Gerardo Mercier:29,
,CONFIRMAR_USO_HISTORICO_STOCK_LECTURAS,VOBALAMA002,29,0,3,2025-09-24 08:56:27,2026-03-23 14:26:21,Gerardo Mercier:29,
,CONFIRMAR_USO_HISTORICO_STOCK_LECTURAS,c105004,29,2,2,2025-09-03 13:47:22,2025-11-13 09:08:46,Gerardo Mercier:29,
,CONFIRMAR_USO_HISTORICO_STOCK_LECTURAS,d902004,29,1,3,2025-08-21 12:52:58,2025-11-04 09:21:32,Gerardo Mercier:29,
,CONFIRMAR_USO_HISTORICO_STOCK_LECTURAS,twister,29,1,2,2025-08-21 12:52:59,2025-11-04 09:21:35,Gerardo Mercier:29,
,CONFIRMAR_USO_HISTORICO_STOCK_LECTURAS,C910014,28,32,32,2025-12-01 10:22:46,2026-03-23 14:21:44,Gerardo Mercier:28,
,CONFIRMAR_USO_HISTORICO_STOCK_LECTURAS,DEPVOLBAL075,28,1,1,2025-11-26 10:09:38,2026-03-23 14:26:20,Gerardo Mercier:28,
,CONFIRMAR_USO_HISTORICO_STOCK_LECTURAS,DEPVOLBAL108,28,0,1,2025-11-26 10:09:38,2026-03-23 14:26:19,Gerardo Mercier:28,
,CONFIRMAR_USO_HISTORICO_STOCK_LECTURAS,DEPVOLBAL137,28,1,3,2025-11-26 10:09:38,2026-03-23 14:26:21,Gerardo Mercier:28,
,CONFIRMAR_USO_HISTORICO_STOCK_LECTURAS,DEPVOLBAL140,28,3,5,2025-11-26 10:09:38,2026-03-23 14:26:22,Gerardo Mercier:28,
,CONFIRMAR_USO_HISTORICO_STOCK_LECTURAS,JUEGBAS280,28,2,2,2025-09-02 08:54:58,2025-11-04 09:21:34,Gerardo Mercier:28,
,CONFIRMAR_USO_HISTORICO_STOCK_LECTURAS,JUEGROL23969-2A,28,7,54,2025-09-02 08:55:00,2025-10-13 12:29:25,Gerardo Mercier:28,
,CONFIRMAR_USO_HISTORICO_STOCK_LECTURAS,JUEGROL24259,28,0,102,2025-08-27 13:34:22,2026-03-23 14:14:28,Gerardo Mercier:28,
,CONFIRMAR_USO_HISTORICO_STOCK_LECTURAS,JUEGROL24402,28,0,188,2025-08-27 13:34:22,2026-03-23 14:14:28,Gerardo Mercier:28,
,CONFIRMAR_USO_HISTORICO_STOCK_LECTURAS,MUNDT023,28,0,10,2025-08-21 12:57:49,2026-03-23 14:18:04,Gerardo Mercier:28,
,CONFIRMAR_USO_HISTORICO_STOCK_LECTURAS,NWHP2030S,28,0,10,2025-11-26 10:09:35,2026-03-23 14:16:44,Gerardo Mercier:28,
,CONFIRMAR_USO_HISTORICO_STOCK_LECTURAS,STICLON033,28,4,4,2025-12-01 10:22:46,2026-03-23 14:21:44,Gerardo Mercier:28,
,CONFIRMAR_USO_HISTORICO_STOCK_LECTURAS,TIMBREMESA,28,1,9,2026-03-02 07:52:03,2026-04-27 10:14:24,Jonathan Carvajal:25 | Gerardo Mercier:3,
,CONFIRMAR_USO_HISTORICO_STOCK_LECTURAS,VIPTM20098-27,28,27,150,2025-11-26 10:09:38,2026-03-23 14:26:22,Gerardo Mercier:28,
,CONFIRMAR_USO_HISTORICO_STOCK_LECTURAS,VOBALAMA011,28,3,3,2025-11-26 10:09:38,2026-03-23 14:26:21,Gerardo Mercier:28,
,CONFIRMAR_USO_HISTORICO_STOCK_LECTURAS,06-145514,27,0,8,2025-11-27 09:58:16,2026-03-23 14:26:19,Gerardo Mercier:27,
,CONFIRMAR_USO_HISTORICO_STOCK_LECTURAS,BASMOL7,27,1,2,2025-09-24 08:56:25,2026-03-23 14:26:21,Gerardo Mercier:27,
,CONFIRMAR_USO_HISTORICO_STOCK_LECTURAS,D203008,27,0,2,2025-09-24 08:56:25,2026-03-23 14:16:43,Gerardo Mercier:27,
,CONFIRMAR_USO_HISTORICO_STOCK_LECTURAS,D705058,27,0,0,2025-11-27 09:58:13,2026-03-23 14:16:44,Gerardo Mercier:27,
,CONFIRMAR_USO_HISTORICO_STOCK_LECTURAS,D803009,27,2,5,2025-09-24 08:56:25,2026-03-23 14:16:43,Gerardo Mercier:27,
,CONFIRMAR_USO_HISTORICO_STOCK_LECTURAS,DEPFUTBAL708,27,2,4,2025-11-27 09:58:16,2026-03-23 14:26:21,Gerardo Mercier:27,
,CONFIRMAR_USO_HISTORICO_STOCK_LECTURAS,HABALAMA015,27,2,2,2025-11-27 09:58:16,2026-03-23 14:26:21,Gerardo Mercier:27,
,CONFIRMAR_USO_HISTORICO_STOCK_LECTURAS,JUEGCL1101585,27,0,7,2025-09-03 13:47:22,2026-03-23 14:26:22,Gerardo Mercier:27,
,CONFIRMAR_USO_HISTORICO_STOCK_LECTURAS,JUEGCL3831091,27,2,3,2025-09-03 13:47:22,2026-03-23 14:26:21,Gerardo Mercier:27,
,CONFIRMAR_USO_HISTORICO_STOCK_LECTURAS,JUEGCL4044391,27,1,2,2025-09-03 13:47:23,2026-03-23 14:26:20,Gerardo Mercier:27,
,CONFIRMAR_USO_HISTORICO_STOCK_LECTURAS,JUEGCL4422403,27,1,4,2025-11-27 09:58:16,2026-03-23 14:26:22,Gerardo Mercier:27,
,CONFIRMAR_USO_HISTORICO_STOCK_LECTURAS,JUEGCL4438695,27,2,2,2025-11-27 09:58:16,2026-03-23 14:26:21,Gerardo Mercier:27,
,CONFIRMAR_USO_HISTORICO_STOCK_LECTURAS,JUEGROL23064,27,0,80,2025-08-27 13:34:22,2026-04-27 10:14:21,Jonathan Carvajal:25 | Gerardo Mercier:2,
,CONFIRMAR_USO_HISTORICO_STOCK_LECTURAS,JUEGROL23071,27,0,30,2025-08-27 13:34:22,2026-04-27 10:14:21,Jonathan Carvajal:25 | Gerardo Mercier:2,
,CONFIRMAR_USO_HISTORICO_STOCK_LECTURAS,JUEGROL283,27,4,19,2025-12-01 10:22:43,2026-03-23 14:14:27,Gerardo Mercier:27,
,CONFIRMAR_USO_HISTORICO_STOCK_LECTURAS,JUEGRUB011,27,1,2,2025-09-03 13:47:22,2025-11-04 09:21:34,Gerardo Mercier:27,
,CONFIRMAR_USO_HISTORICO_STOCK_LECTURAS,JUEGYIN112,27,9,9,2025-12-02 09:16:22,2026-03-23 14:21:44,Gerardo Mercier:27,
,CONFIRMAR_USO_HISTORICO_STOCK_LECTURAS,PL-ABC,27,9,12,2025-11-27 09:58:16,2026-03-23 14:26:22,Gerardo Mercier:27,
,CONFIRMAR_USO_HISTORICO_STOCK_LECTURAS,PT-EV00518,27,0,1,2025-11-27 09:58:13,2026-03-23 14:16:43,Gerardo Mercier:27,
,CONFIRMAR_USO_HISTORICO_STOCK_LECTURAS,juegbas410,27,1,1,2025-09-24 08:56:25,2026-04-27 10:14:20,Jonathan Carvajal:25 | Gerardo Mercier:2,
,CONFIRMAR_USO_HISTORICO_STOCK_LECTURAS,2018D-636,26,2,2,2025-12-01 10:22:46,2026-03-23 14:26:21,Gerardo Mercier:26,
,CONFIRMAR_USO_HISTORICO_STOCK_LECTURAS,2018d-896-1,26,1,8,2026-03-23 14:26:22,2026-04-27 10:14:18,Jonathan Carvajal:25 | Gerardo Mercier:1,
,CONFIRMAR_USO_HISTORICO_STOCK_LECTURAS,23PL-0198,26,0,6,2025-12-01 10:22:46,2026-03-23 14:26:19,Gerardo Mercier:26,
,CONFIRMAR_USO_HISTORICO_STOCK_LECTURAS,23PL-367,26,3,7,2025-12-01 10:22:46,2026-03-23 14:26:21,Gerardo Mercier:26,
,CONFIRMAR_USO_HISTORICO_STOCK_LECTURAS,23PL-371,26,2,2,2025-12-01 10:22:46,2026-03-23 14:26:21,Gerardo Mercier:26,
,CONFIRMAR_USO_HISTORICO_STOCK_LECTURAS,23PL-403,26,7,7,2025-12-01 10:22:46,2026-03-23 14:26:22,Gerardo Mercier:26,
,CONFIRMAR_USO_HISTORICO_STOCK_LECTURAS,23PL-722,26,4,4,2025-12-01 10:22:46,2026-03-23 14:26:21,Gerardo Mercier:26,
,CONFIRMAR_USO_HISTORICO_STOCK_LECTURAS,23pl-721,26,1,5,2026-03-23 14:26:22,2026-04-27 10:14:18,Jonathan Carvajal:25 | Gerardo Mercier:1,
,CONFIRMAR_USO_HISTORICO_STOCK_LECTURAS,4011461,26,1,8,2026-03-23 14:26:22,2026-04-27 10:14:18,Jonathan Carvajal:25 | Gerardo Mercier:1,
,CONFIRMAR_USO_HISTORICO_STOCK_LECTURAS,9788472909342,26,1,30,2026-03-23 14:26:22,2026-04-27 10:14:18,Jonathan Carvajal:25 | Gerardo Mercier:1,
,CONFIRMAR_USO_HISTORICO_STOCK_LECTURAS,AC7617,26,3,3,2025-12-01 10:22:46,2026-03-23 14:26:21,Gerardo Mercier:26,
,CONFIRMAR_USO_HISTORICO_STOCK_LECTURAS,CMLCORRE001,26,0,1,2025-12-01 10:22:46,2026-03-23 14:26:19,Gerardo Mercier:26,
,CONFIRMAR_USO_HISTORICO_STOCK_LECTURAS,D101004,26,4,5,2025-12-01 10:22:43,2026-03-23 14:16:43,Gerardo Mercier:26,
,CONFIRMAR_USO_HISTORICO_STOCK_LECTURAS,D207027,26,1,2,2025-09-24 08:56:25,2026-04-27 10:14:19,Jonathan Carvajal:25 | Gerardo Mercier:1,
,CONFIRMAR_USO_HISTORICO_STOCK_LECTURAS,D207028,26,2,10,2025-09-24 08:56:25,2026-04-27 10:14:19,Jonathan Carvajal:25 | Gerardo Mercier:1,
,CONFIRMAR_USO_HISTORICO_STOCK_LECTURAS,D207029,26,2,9,2025-09-24 08:56:25,2026-04-27 10:14:19,Jonathan Carvajal:25 | Gerardo Mercier:1,
,CONFIRMAR_USO_HISTORICO_STOCK_LECTURAS,D207045,26,4,7,2025-12-01 10:22:44,2026-03-23 14:16:44,Gerardo Mercier:26,
,CONFIRMAR_USO_HISTORICO_STOCK_LECTURAS,D207078,26,0,3,2025-08-21 12:52:20,2026-04-27 10:14:19,Jonathan Carvajal:25 | Gerardo Mercier:1,
,CONFIRMAR_USO_HISTORICO_STOCK_LECTURAS,D208003,26,2,2,2025-12-01 10:22:44,2026-03-23 14:16:44,Gerardo Mercier:26,
,CONFIRMAR_USO_HISTORICO_STOCK_LECTURAS,D701015,26,1,5,2025-12-01 10:22:44,2026-03-23 14:16:43,Gerardo Mercier:26,
,CONFIRMAR_USO_HISTORICO_STOCK_LECTURAS,D703011,26,1,3,2025-12-01 10:22:44,2026-03-23 14:16:44,Gerardo Mercier:26,
,CONFIRMAR_USO_HISTORICO_STOCK_LECTURAS,EJR50103,26,1,2,2026-03-23 14:26:21,2026-04-27 10:14:19,Jonathan Carvajal:25 | Gerardo Mercier:1,
,CONFIRMAR_USO_HISTORICO_STOCK_LECTURAS,HL-73-4A,26,0,13,2025-08-27 13:34:22,2026-04-27 10:14:20,Jonathan Carvajal:25 | Gerardo Mercier:1,
,CONFIRMAR_USO_HISTORICO_STOCK_LECTURAS,JG-9074,26,2,2,2025-12-01 10:22:46,2026-03-23 14:26:21,Gerardo Mercier:26,
,CONFIRMAR_USO_HISTORICO_STOCK_LECTURAS,JG-9223,26,4,4,2025-12-01 10:22:46,2026-03-23 14:26:22,Gerardo Mercier:26,
,CONFIRMAR_USO_HISTORICO_STOCK_LECTURAS,JHTOY-636,26,2,3,2025-12-01 10:22:46,2026-03-23 14:26:21,Gerardo Mercier:26,
,CONFIRMAR_USO_HISTORICO_STOCK_LECTURAS,JHTOY-656,26,3,3,2025-12-01 10:22:46,2026-03-23 14:26:21,Gerardo Mercier:26,
,CONFIRMAR_USO_HISTORICO_STOCK_LECTURAS,JUEGBAS647,26,0,3,2025-12-04 09:34:51,2026-03-23 14:21:42,Gerardo Mercier:26,
,CONFIRMAR_USO_HISTORICO_STOCK_LECTURAS,JUEGCL3964997,26,0,2,2025-12-01 10:22:46,2026-03-23 14:26:20,Gerardo Mercier:26,
,CONFIRMAR_USO_HISTORICO_STOCK_LECTURAS,JUEGCL4010945,26,1,1,2025-12-01 10:22:46,2026-03-23 14:26:20,Gerardo Mercier:26,
,CONFIRMAR_USO_HISTORICO_STOCK_LECTURAS,JUEGCL4015476,26,3,5,2025-12-01 10:22:46,2026-03-23 14:26:22,Gerardo Mercier:26,
,CONFIRMAR_USO_HISTORICO_STOCK_LECTURAS,JUEGCL4015742,26,1,8,2025-12-01 10:22:46,2026-03-23 14:26:20,Gerardo Mercier:26,
,CONFIRMAR_USO_HISTORICO_STOCK_LECTURAS,JUEGEXC008-2,26,53,53,2025-12-04 09:34:51,2026-03-23 14:21:42,Gerardo Mercier:26,
,CONFIRMAR_USO_HISTORICO_STOCK_LECTURAS,JUEGGRE015,26,0,1,2025-09-24 08:56:25,2026-04-27 10:14:20,Jonathan Carvajal:25 | Gerardo Mercier:1,
,CONFIRMAR_USO_HISTORICO_STOCK_LECTURAS,JUEGINT010,26,0,1,2025-09-24 08:56:25,2026-04-27 10:14:20,Jonathan Carvajal:25 | Gerardo Mercier:1,
,CONFIRMAR_USO_HISTORICO_STOCK_LECTURAS,JUEGJAI111,26,1,24,2025-09-24 08:56:25,2026-04-27 10:14:20,Jonathan Carvajal:25 | Gerardo Mercier:1,
,CONFIRMAR_USO_HISTORICO_STOCK_LECTURAS,JUEGJAI158,26,2,7,2025-09-24 08:56:26,2026-04-27 10:14:20,Jonathan Carvajal:25 | Gerardo Mercier:1,
,CONFIRMAR_USO_HISTORICO_STOCK_LECTURAS,JUEGLUE016,26,1,1,2025-09-24 08:56:26,2026-04-27 10:14:21,Jonathan Carvajal:25 | Gerardo Mercier:1,
,CONFIRMAR_USO_HISTORICO_STOCK_LECTURAS,JUEGROL0042,26,0,41,2025-08-27 13:34:22,2026-04-27 10:14:21,Jonathan Carvajal:25 | Gerardo Mercier:1,
,CONFIRMAR_USO_HISTORICO_STOCK_LECTURAS,JUEGROL20810,26,0,6,2025-08-27 13:34:21,2026-04-27 10:14:21,Jonathan Carvajal:25 | Gerardo Mercier:1,
,CONFIRMAR_USO_HISTORICO_STOCK_LECTURAS,JUEGROL23060,26,0,59,2025-08-27 13:34:22,2026-04-27 10:14:21,Jonathan Carvajal:25 | Gerardo Mercier:1,
,CONFIRMAR_USO_HISTORICO_STOCK_LECTURAS,JUEGROL23062,26,0,44,2025-08-27 13:34:22,2026-04-27 10:14:21,Jonathan Carvajal:25 | Gerardo Mercier:1,
,CONFIRMAR_USO_HISTORICO_STOCK_LECTURAS,JUEGROL23065,26,0,78,2025-08-27 13:34:22,2026-04-27 10:14:21,Jonathan Carvajal:25 | Gerardo Mercier:1,
,CONFIRMAR_USO_HISTORICO_STOCK_LECTURAS,JUEGROL23072,26,0,48,2025-08-27 13:34:22,2026-04-27 10:14:21,Jonathan Carvajal:25 | Gerardo Mercier:1,
,CONFIRMAR_USO_HISTORICO_STOCK_LECTURAS,JUEGROL23077,26,0,64,2025-08-27 13:34:22,2026-04-27 10:14:21,Jonathan Carvajal:25 | Gerardo Mercier:1,
,CONFIRMAR_USO_HISTORICO_STOCK_LECTURAS,JUEGROL23078,26,0,41,2025-08-27 13:34:22,2026-04-27 10:14:21,Jonathan Carvajal:25 | Gerardo Mercier:1,
,CONFIRMAR_USO_HISTORICO_STOCK_LECTURAS,JUEGROL23104,26,0,39,2025-08-27 13:34:22,2026-04-27 10:14:21,Jonathan Carvajal:25 | Gerardo Mercier:1,
,CONFIRMAR_USO_HISTORICO_STOCK_LECTURAS,JUEGROL23106,26,0,27,2025-08-27 13:34:22,2026-04-27 10:14:21,Jonathan Carvajal:25 | Gerardo Mercier:1,
,CONFIRMAR_USO_HISTORICO_STOCK_LECTURAS,JUEGROL23840,26,0,41,2025-08-27 13:34:23,2026-04-27 10:14:21,Jonathan Carvajal:25 | Gerardo Mercier:1,
,CONFIRMAR_USO_HISTORICO_STOCK_LECTURAS,JUEGROL23842,26,0,2,2025-08-27 13:34:22,2026-04-27 10:14:21,Jonathan Carvajal:25 | Gerardo Mercier:1,
,CONFIRMAR_USO_HISTORICO_STOCK_LECTURAS,JUEGROL23846,26,0,17,2025-08-27 13:34:22,2026-04-27 10:14:21,Jonathan Carvajal:25 | Gerardo Mercier:1,
,CONFIRMAR_USO_HISTORICO_STOCK_LECTURAS,JUEGROL23849,26,0,2,2025-08-27 13:34:22,2026-03-23 14:14:27,Gerardo Mercier:26,
,CONFIRMAR_USO_HISTORICO_STOCK_LECTURAS,JUEGROL23854,26,0,65,2025-08-27 13:34:23,2026-04-27 10:14:21,Jonathan Carvajal:25 | Gerardo Mercier:1,
,CONFIRMAR_USO_HISTORICO_STOCK_LECTURAS,JUEGROL23917,26,0,209,2025-08-27 13:34:21,2026-04-27 10:14:21,Jonathan Carvajal:25 | Gerardo Mercier:1,
,CONFIRMAR_USO_HISTORICO_STOCK_LECTURAS,JUEGROL24064,26,0,505,2025-08-27 13:34:21,2026-04-27 10:14:21,Jonathan Carvajal:25 | Gerardo Mercier:1,
,CONFIRMAR_USO_HISTORICO_STOCK_LECTURAS,JUEGROL24077,26,0,3,2025-08-27 13:34:23,2026-04-27 10:14:21,Jonathan Carvajal:25 | Gerardo Mercier:1,
,CONFIRMAR_USO_HISTORICO_STOCK_LECTURAS,JUEGROL24218,26,0,299,2025-08-27 13:34:22,2026-03-23 14:14:28,Gerardo Mercier:26,
,CONFIRMAR_USO_HISTORICO_STOCK_LECTURAS,JUEGROL24227,26,0,14,2025-08-27 13:34:22,2026-04-27 10:14:21,Jonathan Carvajal:25 | Gerardo Mercier:1,
,CONFIRMAR_USO_HISTORICO_STOCK_LECTURAS,JUEGROL24263,26,0,78,2025-08-27 13:34:23,2026-04-27 10:14:21,Jonathan Carvajal:25 | Gerardo Mercier:1,
,CONFIRMAR_USO_HISTORICO_STOCK_LECTURAS,JUEGROL24313,26,0,47,2025-08-27 13:34:22,2026-04-27 10:14:21,Jonathan Carvajal:25 | Gerardo Mercier:1,
,CONFIRMAR_USO_HISTORICO_STOCK_LECTURAS,JUEGROL24404B,26,0,7,2025-08-27 13:34:22,2026-04-27 10:14:21,Jonathan Carvajal:25 | Gerardo Mercier:1,
,CONFIRMAR_USO_HISTORICO_STOCK_LECTURAS,JUEGROL356,26,0,3,2025-08-27 13:34:22,2026-04-27 10:14:22,Jonathan Carvajal:25 | Gerardo Mercier:1,
,CONFIRMAR_USO_HISTORICO_STOCK_LECTURAS,JUEGROL458,26,0,1,2025-08-27 13:34:22,2026-04-27 10:14:22,Jonathan Carvajal:25 | Gerardo Mercier:1,
,CONFIRMAR_USO_HISTORICO_STOCK_LECTURAS,JUEGROL472,26,2,79,2026-03-23 14:14:28,2026-04-27 10:14:22,Jonathan Carvajal:25 | Gerardo Mercier:1,
,CONFIRMAR_USO_HISTORICO_STOCK_LECTURAS,JUEGROLGYM-5,26,0,2,2025-08-27 13:34:23,2026-04-27 10:14:22,Jonathan Carvajal:25 | Gerardo Mercier:1,
,CONFIRMAR_USO_HISTORICO_STOCK_LECTURAS,JUEGYIN124,26,0,1,2025-12-04 09:34:50,2026-03-23 14:21:42,Gerardo Mercier:26,
,CONFIRMAR_USO_HISTORICO_STOCK_LECTURAS,LAMIFUY002,26,0,1,2025-12-04 09:34:51,2026-03-23 14:21:42,Gerardo Mercier:26,
,CONFIRMAR_USO_HISTORICO_STOCK_LECTURAS,LK326002303,26,2,2,2025-12-01 10:22:46,2026-03-23 14:26:21,Gerardo Mercier:26,
,CONFIRMAR_USO_HISTORICO_STOCK_LECTURAS,MF10B,26,1,1,2025-12-01 10:22:46,2026-03-23 14:26:20,Gerardo Mercier:26,
,CONFIRMAR_USO_HISTORICO_STOCK_LECTURAS,MK-342AM,26,1,1,2025-09-24 08:56:27,2026-04-27 10:14:23,Jonathan Carvajal:25 | Gerardo Mercier:1,
,CONFIRMAR_USO_HISTORICO_STOCK_LECTURAS,MK-40A,26,2,2,2025-09-24 08:56:27,2026-04-27 10:14:23,Jonathan Carvajal:25 | Gerardo Mercier:1,
,CONFIRMAR_USO_HISTORICO_STOCK_LECTURAS,MSN15025,26,1,1,2025-12-01 10:22:46,2026-03-23 14:26:20,Gerardo Mercier:26,
,CONFIRMAR_USO_HISTORICO_STOCK_LECTURAS,MSN18011,26,1,1,2025-12-01 10:22:46,2026-03-23 14:26:20,Gerardo Mercier:26,
,CONFIRMAR_USO_HISTORICO_STOCK_LECTURAS,MSN18014,26,2,2,2025-12-01 10:22:46,2026-03-23 14:26:21,Gerardo Mercier:26,
,CONFIRMAR_USO_HISTORICO_STOCK_LECTURAS,MSN20019,26,1,1,2025-12-01 10:22:46,2026-03-23 14:26:20,Gerardo Mercier:26,
,CONFIRMAR_USO_HISTORICO_STOCK_LECTURAS,MSN20022,26,3,3,2025-12-01 10:22:46,2026-03-23 14:26:21,Gerardo Mercier:26,
,CONFIRMAR_USO_HISTORICO_STOCK_LECTURAS,MSN21027A,26,2,2,2025-12-01 10:22:46,2026-03-23 14:26:21,Gerardo Mercier:26,
,CONFIRMAR_USO_HISTORICO_STOCK_LECTURAS,PIZASEITJS,26,1,2,2026-03-23 14:26:21,2026-04-27 10:14:23,Jonathan Carvajal:25 | Gerardo Mercier:1,
,CONFIRMAR_USO_HISTORICO_STOCK_LECTURAS,T301002,26,2,2,2025-12-01 10:22:44,2026-03-23 14:16:44,Gerardo Mercier:26,
,CONFIRMAR_USO_HISTORICO_STOCK_LECTURAS,ZKB-2012,26,7,9,2025-12-01 10:22:46,2026-03-23 14:26:22,Gerardo Mercier:26,
,CONFIRMAR_USO_HISTORICO_STOCK_LECTURAS,ZKB-915,26,2,2,2025-12-01 10:22:46,2026-03-23 14:26:21,Gerardo Mercier:26,
,CONFIRMAR_USO_HISTORICO_STOCK_LECTURAS,a6984,26,1,2,2025-09-24 08:56:25,2026-04-27 10:14:18,Jonathan Carvajal:25 | Gerardo Mercier:1,
,CONFIRMAR_USO_HISTORICO_STOCK_LECTURAS,bampele001,26,1,1,2026-03-23 14:26:22,2026-04-27 10:14:18,Jonathan Carvajal:25 | Gerardo Mercier:1,
,CONFIRMAR_USO_HISTORICO_STOCK_LECTURAS,bb32006787ce,26,0,2,2025-09-24 08:56:25,2026-04-27 10:14:18,Jonathan Carvajal:25 | Gerardo Mercier:1,
,CONFIRMAR_USO_HISTORICO_STOCK_LECTURAS,c1009,26,1,2,2025-09-24 08:56:25,2026-04-27 10:14:18,Jonathan Carvajal:25 | Gerardo Mercier:1,
,CONFIRMAR_USO_HISTORICO_STOCK_LECTURAS,c201025,26,1,1,2025-09-24 08:56:25,2026-04-27 10:14:18,Jonathan Carvajal:25 | Gerardo Mercier:1,
,CONFIRMAR_USO_HISTORICO_STOCK_LECTURAS,d101045,26,1,9,2025-09-24 08:56:25,2026-04-27 10:14:18,Jonathan Carvajal:25 | Gerardo Mercier:1,
,CONFIRMAR_USO_HISTORICO_STOCK_LECTURAS,d203023,26,1,1,2025-09-24 08:56:25,2026-04-27 10:14:19,Jonathan Carvajal:25 | Gerardo Mercier:1,
,CONFIRMAR_USO_HISTORICO_STOCK_LECTURAS,d209018,26,1,7,2025-09-24 08:56:25,2026-04-27 10:14:19,Jonathan Carvajal:25 | Gerardo Mercier:1,
,CONFIRMAR_USO_HISTORICO_STOCK_LECTURAS,d450023,26,1,1,2025-09-24 08:56:25,2026-04-27 10:14:19,Jonathan Carvajal:25 | Gerardo Mercier:1,
,CONFIRMAR_USO_HISTORICO_STOCK_LECTURAS,d503011,26,2,3,2025-09-24 08:56:25,2026-04-27 10:14:19,Jonathan Carvajal:25 | Gerardo Mercier:1,
,CONFIRMAR_USO_HISTORICO_STOCK_LECTURAS,d703011,26,2,2,2025-09-24 08:56:25,2026-04-27 10:14:19,Jonathan Carvajal:25 | Gerardo Mercier:1,
,CONFIRMAR_USO_HISTORICO_STOCK_LECTURAS,d709017,26,1,1,2025-09-24 08:56:25,2026-04-27 10:14:19,Jonathan Carvajal:25 | Gerardo Mercier:1,
,CONFIRMAR_USO_HISTORICO_STOCK_LECTURAS,d803021,26,1,3,2025-09-24 08:56:25,2026-04-27 10:14:19,Jonathan Carvajal:25 | Gerardo Mercier:1,
,CONFIRMAR_USO_HISTORICO_STOCK_LECTURAS,d803024,26,2,10,2025-09-24 08:56:25,2026-04-27 10:14:19,Jonathan Carvajal:25 | Gerardo Mercier:1,
,CONFIRMAR_USO_HISTORICO_STOCK_LECTURAS,dasewingw001,26,1,1,2025-09-24 08:56:25,2026-04-27 10:14:19,Jonathan Carvajal:25 | Gerardo Mercier:1,
,CONFIRMAR_USO_HISTORICO_STOCK_LECTURAS,dbwhp2030spvc,26,1,1,2025-09-24 08:56:25,2026-04-27 10:14:19,Jonathan Carvajal:25 | Gerardo Mercier:1,
,CONFIRMAR_USO_HISTORICO_STOCK_LECTURAS,dcma11,26,1,2,2025-09-24 08:56:25,2026-04-27 10:14:19,Jonathan Carvajal:25 | Gerardo Mercier:1,
,CONFIRMAR_USO_HISTORICO_STOCK_LECTURAS,dcma12,26,1,2,2025-09-24 08:56:25,2026-04-27 10:14:19,Jonathan Carvajal:25 | Gerardo Mercier:1,
,CONFIRMAR_USO_HISTORICO_STOCK_LECTURAS,emboque,26,1,1,2026-03-23 14:26:22,2026-04-27 10:14:20,Jonathan Carvajal:25 | Gerardo Mercier:1,
,CONFIRMAR_USO_HISTORICO_STOCK_LECTURAS,fal15728801,26,1,1,2026-03-23 14:26:22,2026-04-27 10:14:20,Jonathan Carvajal:25 | Gerardo Mercier:1,
,CONFIRMAR_USO_HISTORICO_STOCK_LECTURAS,glm048,26,3,9,2025-09-24 08:56:25,2026-04-27 10:14:20,Jonathan Carvajal:25 | Gerardo Mercier:1,
,CONFIRMAR_USO_HISTORICO_STOCK_LECTURAS,grancapital,26,2,2,2025-09-24 08:56:25,2026-04-27 10:14:20,Jonathan Carvajal:25 | Gerardo Mercier:1,
,CONFIRMAR_USO_HISTORICO_STOCK_LECTURAS,insttal007,26,1,1,2025-09-24 08:56:25,2026-04-27 10:14:20,Jonathan Carvajal:25 | Gerardo Mercier:1,
,CONFIRMAR_USO_HISTORICO_STOCK_LECTURAS,insttal010,26,1,7,2025-09-24 08:56:25,2026-04-27 10:14:20,Jonathan Carvajal:25 | Gerardo Mercier:1,
,CONFIRMAR_USO_HISTORICO_STOCK_LECTURAS,insttal037,26,1,2,2025-09-24 08:56:25,2026-04-27 10:14:20,Jonathan Carvajal:25 | Gerardo Mercier:1,
,CONFIRMAR_USO_HISTORICO_STOCK_LECTURAS,jueg-1345675,26,1,2,2025-09-24 08:56:25,2026-04-27 10:14:20,Jonathan Carvajal:25 | Gerardo Mercier:1,
,CONFIRMAR_USO_HISTORICO_STOCK_LECTURAS,jueg-4414081,26,1,4,2025-09-24 08:56:25,2026-04-27 10:14:20,Jonathan Carvajal:25 | Gerardo Mercier:1,
,CONFIRMAR_USO_HISTORICO_STOCK_LECTURAS,juegbas069,26,0,1,2025-09-24 08:56:25,2026-04-27 10:14:20,Jonathan Carvajal:25 | Gerardo Mercier:1,
,CONFIRMAR_USO_HISTORICO_STOCK_LECTURAS,juegbas208,26,1,1,2025-09-24 08:56:25,2026-04-27 10:14:20,Jonathan Carvajal:25 | Gerardo Mercier:1,
,CONFIRMAR_USO_HISTORICO_STOCK_LECTURAS,juegbas229,26,2,3,2025-09-24 08:56:25,2026-04-27 10:14:20,Jonathan Carvajal:25 | Gerardo Mercier:1,
,CONFIRMAR_USO_HISTORICO_STOCK_LECTURAS,juegbas237,26,1,1,2025-09-24 08:56:25,2026-04-27 10:14:20,Jonathan Carvajal:25 | Gerardo Mercier:1,
,CONFIRMAR_USO_HISTORICO_STOCK_LECTURAS,juegbas296,26,1,1,2025-09-24 08:56:25,2026-04-27 10:14:20,Jonathan Carvajal:25 | Gerardo Mercier:1,
,CONFIRMAR_USO_HISTORICO_STOCK_LECTURAS,juegbas321,26,1,6,2025-09-24 08:56:25,2026-04-27 10:14:20,Jonathan Carvajal:25 | Gerardo Mercier:1,
,CONFIRMAR_USO_HISTORICO_STOCK_LECTURAS,juegbas413,26,1,1,2025-09-24 08:56:25,2026-04-27 10:14:20,Jonathan Carvajal:25 | Gerardo Mercier:1,
,CONFIRMAR_USO_HISTORICO_STOCK_LECTURAS,juegcl3958378,26,1,6,2025-09-24 08:56:25,2026-04-27 10:14:20,Jonathan Carvajal:25 | Gerardo Mercier:1,
,CONFIRMAR_USO_HISTORICO_STOCK_LECTURAS,juegcl3965338,26,1,10,2025-09-24 08:56:25,2026-04-27 10:14:20,Jonathan Carvajal:25 | Gerardo Mercier:1,
,CONFIRMAR_USO_HISTORICO_STOCK_LECTURAS,juegcl4006658,26,1,4,2025-09-24 08:56:25,2026-04-27 10:14:20,Jonathan Carvajal:25 | Gerardo Mercier:1,
,CONFIRMAR_USO_HISTORICO_STOCK_LECTURAS,juegcl4011287,26,2,5,2025-09-24 08:56:25,2026-04-27 10:14:20,Jonathan Carvajal:25 | Gerardo Mercier:1,
,CONFIRMAR_USO_HISTORICO_STOCK_LECTURAS,juegcl4014448,26,2,6,2026-03-23 14:26:22,2026-04-27 10:14:20,Jonathan Carvajal:25 | Gerardo Mercier:1,
,CONFIRMAR_USO_HISTORICO_STOCK_LECTURAS,juegcl4141953,26,1,2,2026-03-23 14:26:22,2026-04-27 10:14:20,Jonathan Carvajal:25 | Gerardo Mercier:1,
,CONFIRMAR_USO_HISTORICO_STOCK_LECTURAS,juegcub031,26,1,1,2025-09-24 08:56:25,2026-04-27 10:14:20,Jonathan Carvajal:25 | Gerardo Mercier:1,
,CONFIRMAR_USO_HISTORICO_STOCK_LECTURAS,juegfun019,26,1,2,2025-09-24 08:56:25,2026-04-27 10:14:20,Jonathan Carvajal:25 | Gerardo Mercier:1,
,CONFIRMAR_USO_HISTORICO_STOCK_LECTURAS,juegfun024,26,1,2,2025-09-24 08:56:25,2026-04-27 10:14:20,Jonathan Carvajal:25 | Gerardo Mercier:1,
,CONFIRMAR_USO_HISTORICO_STOCK_LECTURAS,jueggen102,26,1,1,2025-09-24 08:56:25,2026-04-27 10:14:20,Jonathan Carvajal:25 | Gerardo Mercier:1,
,CONFIRMAR_USO_HISTORICO_STOCK_LECTURAS,jueggoc046,26,1,1,2025-09-24 08:56:25,2026-04-27 10:14:20,Jonathan Carvajal:25 | Gerardo Mercier:1,
,CONFIRMAR_USO_HISTORICO_STOCK_LECTURAS,jueggod059,26,1,1,2025-09-24 08:56:25,2026-04-27 10:14:20,Jonathan Carvajal:25 | Gerardo Mercier:1,
,CONFIRMAR_USO_HISTORICO_STOCK_LECTURAS,juegint013,26,0,2,2025-09-24 08:56:25,2026-04-27 10:14:20,Jonathan Carvajal:25 | Gerardo Mercier:1,
,CONFIRMAR_USO_HISTORICO_STOCK_LECTURAS,juegint017,26,0,1,2025-09-24 08:56:25,2026-04-27 10:14:20,Jonathan Carvajal:25 | Gerardo Mercier:1,
,CONFIRMAR_USO_HISTORICO_STOCK_LECTURAS,juegint030,26,1,2,2025-09-24 08:56:25,2026-04-27 10:14:20,Jonathan Carvajal:25 | Gerardo Mercier:1,
,CONFIRMAR_USO_HISTORICO_STOCK_LECTURAS,juegint092,26,0,1,2025-09-24 08:56:25,2026-04-27 10:14:20,Jonathan Carvajal:25 | Gerardo Mercier:1,
,CONFIRMAR_USO_HISTORICO_STOCK_LECTURAS,juegjai1558,26,1,1,2025-09-24 08:56:26,2026-04-27 10:14:20,Jonathan Carvajal:25 | Gerardo Mercier:1,
,CONFIRMAR_USO_HISTORICO_STOCK_LECTURAS,juegjai518,26,1,2,2025-09-24 08:56:26,2026-04-27 10:14:21,Jonathan Carvajal:25 | Gerardo Mercier:1,
,CONFIRMAR_USO_HISTORICO_STOCK_LECTURAS,juegjai545,26,1,1,2025-09-24 08:56:26,2026-04-27 10:14:21,Jonathan Carvajal:25 | Gerardo Mercier:1,
,CONFIRMAR_USO_HISTORICO_STOCK_LECTURAS,jueglue041,26,1,1,2025-09-24 08:56:26,2026-04-27 10:14:21,Jonathan Carvajal:25 | Gerardo Mercier:1,
,CONFIRMAR_USO_HISTORICO_STOCK_LECTURAS,jueglue048,26,1,2,2025-09-24 08:56:26,2026-04-27 10:14:21,Jonathan Carvajal:25 | Gerardo Mercier:1,
,CONFIRMAR_USO_HISTORICO_STOCK_LECTURAS,juegplas1041,26,1,2,2025-09-24 08:56:26,2026-04-27 10:14:21,Jonathan Carvajal:25 | Gerardo Mercier:1,
,CONFIRMAR_USO_HISTORICO_STOCK_LECTURAS,juegplas1645,26,1,1,2025-09-24 08:56:26,2026-04-27 10:14:21,Jonathan Carvajal:25 | Gerardo Mercier:1,
,CONFIRMAR_USO_HISTORICO_STOCK_LECTURAS,juegplo019-1,26,1,1,2025-09-24 08:56:26,2026-04-27 10:14:21,Jonathan Carvajal:25 | Gerardo Mercier:1,
,CONFIRMAR_USO_HISTORICO_STOCK_LECTURAS,juegplo076,26,0,1,2025-09-24 08:56:26,2026-04-27 10:14:21,Jonathan Carvajal:25 | Gerardo Mercier:1,
,CONFIRMAR_USO_HISTORICO_STOCK_LECTURAS,juegplo176,26,1,6,2025-09-24 08:56:26,2026-04-27 10:14:21,Jonathan Carvajal:25 | Gerardo Mercier:1,
,CONFIRMAR_USO_HISTORICO_STOCK_LECTURAS,juegqia040,26,1,1,2025-09-24 08:56:26,2026-04-27 10:14:21,Jonathan Carvajal:25 | Gerardo Mercier:1,
,CONFIRMAR_USO_HISTORICO_STOCK_LECTURAS,juegrol-20900,26,1,31,2025-09-24 08:56:26,2026-04-27 10:14:21,Jonathan Carvajal:25 | Gerardo Mercier:1,
,CONFIRMAR_USO_HISTORICO_STOCK_LECTURAS,juegrol068,26,62,63,2025-08-27 13:36:10,2025-10-22 12:14:22,Gerardo Mercier:26,
,CONFIRMAR_USO_HISTORICO_STOCK_LECTURAS,juegrol135,26,1,4,2025-09-24 08:56:26,2026-04-27 10:14:21,Jonathan Carvajal:25 | Gerardo Mercier:1,
,CONFIRMAR_USO_HISTORICO_STOCK_LECTURAS,juegrol23055a,26,1,30,2025-09-24 08:56:26,2026-04-27 10:14:21,Jonathan Carvajal:25 | Gerardo Mercier:1,
,CONFIRMAR_USO_HISTORICO_STOCK_LECTURAS,juegrol23100,26,1,121,2025-09-24 08:56:26,2026-04-27 10:14:21,Jonathan Carvajal:25 | Gerardo Mercier:1,
,CONFIRMAR_USO_HISTORICO_STOCK_LECTURAS,juegrol23103,26,2,112,2025-09-24 08:56:26,2026-04-27 10:14:21,Jonathan Carvajal:25 | Gerardo Mercier:1,
,CONFIRMAR_USO_HISTORICO_STOCK_LECTURAS,juegrol23123-1,26,1,9,2025-09-24 08:56:26,2026-04-27 10:14:21,Jonathan Carvajal:25 | Gerardo Mercier:1,
,CONFIRMAR_USO_HISTORICO_STOCK_LECTURAS,juegrol23129,26,1,76,2025-09-24 08:56:26,2026-04-27 10:14:21,Jonathan Carvajal:25 | Gerardo Mercier:1,
,CONFIRMAR_USO_HISTORICO_STOCK_LECTURAS,juegrol23131,26,3,83,2025-09-24 08:56:26,2026-04-27 10:14:21,Jonathan Carvajal:25 | Gerardo Mercier:1,
,CONFIRMAR_USO_HISTORICO_STOCK_LECTURAS,juegrol23833,26,2,48,2025-09-24 08:56:26,2026-04-27 10:14:21,Jonathan Carvajal:25 | Gerardo Mercier:1,
,CONFIRMAR_USO_HISTORICO_STOCK_LECTURAS,juegrol23835,26,1,1,2025-08-27 13:36:10,2025-10-22 12:14:23,Gerardo Mercier:26,
,CONFIRMAR_USO_HISTORICO_STOCK_LECTURAS,juegrol23847,26,3,13,2025-09-24 08:56:26,2026-04-27 10:14:21,Jonathan Carvajal:25 | Gerardo Mercier:1,
,CONFIRMAR_USO_HISTORICO_STOCK_LECTURAS,juegrol23860,26,3,47,2025-09-24 08:56:26,2026-04-27 10:14:21,Jonathan Carvajal:25 | Gerardo Mercier:1,
,CONFIRMAR_USO_HISTORICO_STOCK_LECTURAS,juegrol23969-4,26,3,20,2025-09-24 08:56:26,2026-04-27 10:14:21,Jonathan Carvajal:25 | Gerardo Mercier:1,
,CONFIRMAR_USO_HISTORICO_STOCK_LECTURAS,juegsh255,26,1,2,2025-09-24 08:56:26,2026-04-27 10:14:22,Jonathan Carvajal:25 | Gerardo Mercier:1,
,CONFIRMAR_USO_HISTORICO_STOCK_LECTURAS,juegsh900,26,1,1,2025-09-24 08:56:27,2026-04-27 10:14:22,Jonathan Carvajal:25 | Gerardo Mercier:1,
,CONFIRMAR_USO_HISTORICO_STOCK_LECTURAS,juegson067,26,1,1,2025-09-24 08:56:27,2026-04-27 10:14:22,Jonathan Carvajal:25 | Gerardo Mercier:1,
,CONFIRMAR_USO_HISTORICO_STOCK_LECTURAS,juegtea051,26,1,2,2025-08-21 12:52:58,2026-04-27 10:14:22,Jonathan Carvajal:25 | Gerardo Mercier:1,
,CONFIRMAR_USO_HISTORICO_STOCK_LECTURAS,juegtea082,26,1,1,2025-09-24 08:56:27,2026-04-27 10:14:22,Jonathan Carvajal:25 | Gerardo Mercier:1,
,CONFIRMAR_USO_HISTORICO_STOCK_LECTURAS,juegtom002,26,1,1,2025-09-24 08:56:27,2026-04-27 10:14:22,Jonathan Carvajal:25 | Gerardo Mercier:1,
,CONFIRMAR_USO_HISTORICO_STOCK_LECTURAS,juegyin012,26,2,3,2025-09-24 08:56:27,2026-04-27 10:14:22,Jonathan Carvajal:25 | Gerardo Mercier:1,
,CONFIRMAR_USO_HISTORICO_STOCK_LECTURAS,juegyin042-1,26,1,3,2025-09-24 08:56:27,2026-04-27 10:14:22,Jonathan Carvajal:25 | Gerardo Mercier:1,
,CONFIRMAR_USO_HISTORICO_STOCK_LECTURAS,juegyin087,26,1,1,2025-09-24 08:56:27,2026-04-27 10:14:22,Jonathan Carvajal:25 | Gerardo Mercier:1,
,CONFIRMAR_USO_HISTORICO_STOCK_LECTURAS,juegzhe007,26,1,3,2025-09-24 08:56:27,2026-04-27 10:14:22,Jonathan Carvajal:25 | Gerardo Mercier:1,
,CONFIRMAR_USO_HISTORICO_STOCK_LECTURAS,juegzhe129,26,1,2,2025-09-24 08:56:27,2026-04-27 10:14:22,Jonathan Carvajal:25 | Gerardo Mercier:1,
,CONFIRMAR_USO_HISTORICO_STOCK_LECTURAS,juegzhe175,26,2,3,2025-09-02 08:54:59,2025-10-29 09:50:35,Gerardo Mercier:26,
,CONFIRMAR_USO_HISTORICO_STOCK_LECTURAS,juegzhe176,26,1,2,2025-09-24 08:56:27,2026-04-27 10:14:22,Jonathan Carvajal:25 | Gerardo Mercier:1,
,CONFIRMAR_USO_HISTORICO_STOCK_LECTURAS,juegzhe346,26,1,2,2025-09-24 08:56:27,2026-04-27 10:14:23,Jonathan Carvajal:25 | Gerardo Mercier:1,
,CONFIRMAR_USO_HISTORICO_STOCK_LECTURAS,juegzhe382,26,1,2,2025-09-24 08:56:27,2026-04-27 10:14:23,Jonathan Carvajal:25 | Gerardo Mercier:1,
,CONFIRMAR_USO_HISTORICO_STOCK_LECTURAS,juemes022,26,1,4,2025-09-24 08:56:27,2026-04-27 10:14:23,Jonathan Carvajal:25 | Gerardo Mercier:1,
,CONFIRMAR_USO_HISTORICO_STOCK_LECTURAS,lamijmi016,26,1,44,2025-09-24 08:56:27,2026-04-27 10:14:23,Jonathan Carvajal:25 | Gerardo Mercier:1,
,CONFIRMAR_USO_HISTORICO_STOCK_LECTURAS,ltbriba007-2,26,2,36,2025-09-24 08:56:27,2026-04-27 10:14:23,Jonathan Carvajal:25 | Gerardo Mercier:1,
,CONFIRMAR_USO_HISTORICO_STOCK_LECTURAS,ltbriba035-1,26,3,63,2025-09-24 08:56:27,2026-04-27 10:14:23,Jonathan Carvajal:25 | Gerardo Mercier:1,
,CONFIRMAR_USO_HISTORICO_STOCK_LECTURAS,ltsalda728,26,1,2,2025-09-24 08:56:27,2026-04-27 10:14:23,Jonathan Carvajal:25 | Gerardo Mercier:1,
,CONFIRMAR_USO_HISTORICO_STOCK_LECTURAS,merc1kg,26,0,1,2025-09-24 08:56:27,2026-04-27 10:14:23,Jonathan Carvajal:25 | Gerardo Mercier:1,
,CONFIRMAR_USO_HISTORICO_STOCK_LECTURAS,mlpis50,26,1,1,2025-09-24 08:56:27,2026-04-27 10:14:23,Jonathan Carvajal:25 | Gerardo Mercier:1,
,CONFIRMAR_USO_HISTORICO_STOCK_LECTURAS,mmsi-silla-6t,26,1,2,2025-09-24 08:56:27,2026-04-27 10:14:23,Jonathan Carvajal:25 | Gerardo Mercier:1,
,CONFIRMAR_USO_HISTORICO_STOCK_LECTURAS,mo-01-0001-22,26,1,1,2026-03-23 14:26:22,2026-04-27 10:14:23,Jonathan Carvajal:25 | Gerardo Mercier:1,
,CONFIRMAR_USO_HISTORICO_STOCK_LECTURAS,mundt002,26,1,9,2025-09-24 08:56:27,2026-04-27 10:14:23,Jonathan Carvajal:25 | Gerardo Mercier:1,
,CONFIRMAR_USO_HISTORICO_STOCK_LECTURAS,mundt003,26,1,16,2025-09-24 08:56:27,2026-04-27 10:14:23,Jonathan Carvajal:25 | Gerardo Mercier:1,
,CONFIRMAR_USO_HISTORICO_STOCK_LECTURAS,mundt004,26,2,11,2025-09-24 08:56:27,2026-04-27 10:14:23,Jonathan Carvajal:25 | Gerardo Mercier:1,
,CONFIRMAR_USO_HISTORICO_STOCK_LECTURAS,mundt005,26,1,12,2025-09-24 08:56:27,2026-04-27 10:14:23,Jonathan Carvajal:25 | Gerardo Mercier:1,
,CONFIRMAR_USO_HISTORICO_STOCK_LECTURAS,mundt007,26,1,8,2025-09-24 08:56:27,2026-04-27 10:14:23,Jonathan Carvajal:25 | Gerardo Mercier:1,
,CONFIRMAR_USO_HISTORICO_STOCK_LECTURAS,mundt010,26,1,5,2025-09-24 08:56:27,2026-04-27 10:14:23,Jonathan Carvajal:25 | Gerardo Mercier:1,
,CONFIRMAR_USO_HISTORICO_STOCK_LECTURAS,mundt011,26,3,9,2025-09-24 08:56:27,2026-04-27 10:14:23,Jonathan Carvajal:25 | Gerardo Mercier:1,
,CONFIRMAR_USO_HISTORICO_STOCK_LECTURAS,mundt012,26,1,16,2025-09-24 08:56:27,2026-04-27 10:14:23,Jonathan Carvajal:25 | Gerardo Mercier:1,
,CONFIRMAR_USO_HISTORICO_STOCK_LECTURAS,mundt013,26,1,9,2025-09-24 08:56:27,2026-04-27 10:14:23,Jonathan Carvajal:25 | Gerardo Mercier:1,
,CONFIRMAR_USO_HISTORICO_STOCK_LECTURAS,mundt015,26,1,8,2025-09-24 08:56:27,2026-04-27 10:14:23,Jonathan Carvajal:25 | Gerardo Mercier:1,
,CONFIRMAR_USO_HISTORICO_STOCK_LECTURAS,mundt016,26,2,11,2025-09-24 08:56:27,2026-04-27 10:14:23,Jonathan Carvajal:25 | Gerardo Mercier:1,
,CONFIRMAR_USO_HISTORICO_STOCK_LECTURAS,mundt017,26,1,9,2025-09-24 08:56:27,2026-04-27 10:14:23,Jonathan Carvajal:25 | Gerardo Mercier:1,
,CONFIRMAR_USO_HISTORICO_STOCK_LECTURAS,mundt019,26,1,1,2025-09-24 08:56:27,2026-04-27 10:14:23,Jonathan Carvajal:25 | Gerardo Mercier:1,
,CONFIRMAR_USO_HISTORICO_STOCK_LECTURAS,mundt021,26,2,11,2025-09-24 08:56:27,2026-04-27 10:14:23,Jonathan Carvajal:25 | Gerardo Mercier:1,
,CONFIRMAR_USO_HISTORICO_STOCK_LECTURAS,mundt022,26,1,10,2025-09-24 08:56:27,2026-04-27 10:14:23,Jonathan Carvajal:25 | Gerardo Mercier:1,
,CONFIRMAR_USO_HISTORICO_STOCK_LECTURAS,mundt024,26,1,5,2025-09-24 08:56:27,2026-04-27 10:14:23,Jonathan Carvajal:25 | Gerardo Mercier:1,
,CONFIRMAR_USO_HISTORICO_STOCK_LECTURAS,mundt028,26,1,9,2025-09-24 08:56:27,2026-04-27 10:14:23,Jonathan Carvajal:25 | Gerardo Mercier:1,
,CONFIRMAR_USO_HISTORICO_STOCK_LECTURAS,mundt032,26,2,10,2025-09-24 08:56:27,2026-04-27 10:14:23,Jonathan Carvajal:25 | Gerardo Mercier:1,
,CONFIRMAR_USO_HISTORICO_STOCK_LECTURAS,mundt033,26,1,12,2025-09-24 08:56:27,2026-04-27 10:14:23,Jonathan Carvajal:25 | Gerardo Mercier:1,
,CONFIRMAR_USO_HISTORICO_STOCK_LECTURAS,mundt039,26,1,8,2025-09-24 08:56:27,2026-04-27 10:14:23,Jonathan Carvajal:25 | Gerardo Mercier:1,
,CONFIRMAR_USO_HISTORICO_STOCK_LECTURAS,mundt043,26,1,2,2025-09-24 08:56:27,2026-04-27 10:14:23,Jonathan Carvajal:25 | Gerardo Mercier:1,
,CONFIRMAR_USO_HISTORICO_STOCK_LECTURAS,mundt046,26,2,8,2025-09-24 08:56:27,2026-04-27 10:14:23,Jonathan Carvajal:25 | Gerardo Mercier:1,
,CONFIRMAR_USO_HISTORICO_STOCK_LECTURAS,mundt047,26,3,13,2025-09-24 08:56:27,2026-04-27 10:14:23,Jonathan Carvajal:25 | Gerardo Mercier:1,
,CONFIRMAR_USO_HISTORICO_STOCK_LECTURAS,mundt051,26,1,14,2025-09-24 08:56:27,2026-04-27 10:14:23,Jonathan Carvajal:25 | Gerardo Mercier:1,
,CONFIRMAR_USO_HISTORICO_STOCK_LECTURAS,mundt052,26,2,11,2025-09-24 08:56:27,2026-04-27 10:14:23,Jonathan Carvajal:25 | Gerardo Mercier:1,
,CONFIRMAR_USO_HISTORICO_STOCK_LECTURAS,mundt120,26,1,10,2025-09-24 08:56:27,2026-04-27 10:14:23,Jonathan Carvajal:25 | Gerardo Mercier:1,
,CONFIRMAR_USO_HISTORICO_STOCK_LECTURAS,mundt38,26,1,8,2025-09-24 08:56:27,2026-04-27 10:14:23,Jonathan Carvajal:25 | Gerardo Mercier:1,
,CONFIRMAR_USO_HISTORICO_STOCK_LECTURAS,ncd06001,26,2,5,2025-09-24 08:56:27,2026-04-27 10:14:23,Jonathan Carvajal:25 | Gerardo Mercier:1,
,CONFIRMAR_USO_HISTORICO_STOCK_LECTURAS,nwx12015,26,1,1,2025-09-24 08:56:27,2026-04-27 10:14:23,Jonathan Carvajal:25 | Gerardo Mercier:1,
,CONFIRMAR_USO_HISTORICO_STOCK_LECTURAS,penn,26,1,2,2025-09-24 08:56:27,2026-04-27 10:14:23,Jonathan Carvajal:25 | Gerardo Mercier:1,
,CONFIRMAR_USO_HISTORICO_STOCK_LECTURAS,pizacub636,26,2,4,2026-03-23 14:21:44,2026-04-27 10:14:23,Jonathan Carvajal:25 | Gerardo Mercier:1,
,CONFIRMAR_USO_HISTORICO_STOCK_LECTURAS,pk16,26,1,1,2026-03-23 14:26:22,2026-04-27 10:14:23,Jonathan Carvajal:25 | Gerardo Mercier:1,
,CONFIRMAR_USO_HISTORICO_STOCK_LECTURAS,pr-78342,26,2,11,2025-09-24 08:56:27,2026-04-27 10:14:23,Jonathan Carvajal:25 | Gerardo Mercier:1,
,CONFIRMAR_USO_HISTORICO_STOCK_LECTURAS,pr10226,26,1,3,2025-09-24 08:56:27,2026-04-27 10:14:23,Jonathan Carvajal:25 | Gerardo Mercier:1,
,CONFIRMAR_USO_HISTORICO_STOCK_LECTURAS,pt-ev00608,26,1,6,2025-09-24 08:56:27,2026-04-27 10:14:23,Jonathan Carvajal:25 | Gerardo Mercier:1,
,CONFIRMAR_USO_HISTORICO_STOCK_LECTURAS,pua,26,1,3,2025-09-24 08:56:27,2026-04-27 10:14:23,Jonathan Carvajal:25 | Gerardo Mercier:1,
,CONFIRMAR_USO_HISTORICO_STOCK_LECTURAS,pumad4030-2,26,1,1,2025-09-24 08:56:27,2026-04-27 10:14:23,Jonathan Carvajal:25 | Gerardo Mercier:1,
,CONFIRMAR_USO_HISTORICO_STOCK_LECTURAS,s201003,26,1,5,2025-09-24 08:56:27,2026-04-27 10:14:23,Jonathan Carvajal:25 | Gerardo Mercier:1,
,CONFIRMAR_USO_HISTORICO_STOCK_LECTURAS,s501003,26,1,1,2025-09-24 08:56:27,2026-04-27 10:14:23,Jonathan Carvajal:25 | Gerardo Mercier:1,
,CONFIRMAR_USO_HISTORICO_STOCK_LECTURAS,smx230,26,1,3,2025-09-24 08:56:27,2026-04-27 10:14:24,Jonathan Carvajal:25 | Gerardo Mercier:1,
,CONFIRMAR_USO_HISTORICO_STOCK_LECTURAS,so31,26,1,1,2025-09-24 08:56:27,2026-04-27 10:14:24,Jonathan Carvajal:25 | Gerardo Mercier:1,
,CONFIRMAR_USO_HISTORICO_STOCK_LECTURAS,t201034,26,1,2,2025-09-24 08:56:27,2026-04-27 10:14:24,Jonathan Carvajal:25 | Gerardo Mercier:1,
,CONFIRMAR_USO_HISTORICO_STOCK_LECTURAS,ta-teraul020,26,1,3,2025-09-24 08:56:27,2026-04-27 10:14:24,Jonathan Carvajal:25 | Gerardo Mercier:1,
,CONFIRMAR_USO_HISTORICO_STOCK_LECTURAS,teclado32,26,3,39,2025-09-24 08:56:27,2026-04-27 10:14:24,Jonathan Carvajal:25 | Gerardo Mercier:1,
,CONFIRMAR_USO_HISTORICO_STOCK_LECTURAS,timbdan020,26,1,4,2025-09-24 08:56:27,2026-04-27 10:14:24,Jonathan Carvajal:25 | Gerardo Mercier:1,
,CONFIRMAR_USO_HISTORICO_STOCK_LECTURAS,ventosa,26,1,2,2026-03-23 14:26:22,2026-04-27 10:14:24,Jonathan Carvajal:25 | Gerardo Mercier:1,
,CONFIRMAR_USO_HISTORICO_STOCK_LECTURAS,wy505-1,26,3,3,2025-09-24 08:56:27,2026-04-27 10:14:24,Jonathan Carvajal:25 | Gerardo Mercier:1,
,CONFIRMAR_USO_HISTORICO_STOCK_LECTURAS,zkb-2012,26,1,8,2025-09-24 08:56:27,2026-04-27 10:14:24,Jonathan Carvajal:25 | Gerardo Mercier:1,
,CONFIRMAR_USO_HISTORICO_STOCK_LECTURAS,112669879,25,0,1,2026-03-31 17:28:24,2026-04-27 10:14:18,Jonathan Carvajal:25,
,CONFIRMAR_USO_HISTORICO_STOCK_LECTURAS,142579,25,1,1,2026-03-31 17:28:24,2026-04-27 10:14:18,Jonathan Carvajal:25,
,CONFIRMAR_USO_HISTORICO_STOCK_LECTURAS,2018D-1311,25,2,4,2025-12-02 09:16:23,2026-03-23 14:26:21,Gerardo Mercier:25,
,CONFIRMAR_USO_HISTORICO_STOCK_LECTURAS,2018D-1313,25,4,4,2025-12-02 09:16:23,2026-03-23 14:26:21,Gerardo Mercier:25,
,CONFIRMAR_USO_HISTORICO_STOCK_LECTURAS,2018d-1061,25,0,1,2026-03-31 17:28:25,2026-04-27 10:14:18,Jonathan Carvajal:25,
,CONFIRMAR_USO_HISTORICO_STOCK_LECTURAS,2018d-1311,25,1,2,2026-03-31 17:28:25,2026-04-27 10:14:18,Jonathan Carvajal:25,
,CONFIRMAR_USO_HISTORICO_STOCK_LECTURAS,2018d-1313,25,1,4,2026-03-31 17:28:25,2026-04-27 10:14:18,Jonathan Carvajal:25,
,CONFIRMAR_USO_HISTORICO_STOCK_LECTURAS,2018d-636,25,1,2,2026-03-31 17:28:25,2026-04-27 10:14:18,Jonathan Carvajal:25,
,CONFIRMAR_USO_HISTORICO_STOCK_LECTURAS,218afa095,25,1,2,2026-03-31 17:28:25,2026-04-27 10:14:18,Jonathan Carvajal:25,
,CONFIRMAR_USO_HISTORICO_STOCK_LECTURAS,218afa248-1,25,1,2,2026-03-31 17:28:25,2026-04-27 10:14:18,Jonathan Carvajal:25,
,CONFIRMAR_USO_HISTORICO_STOCK_LECTURAS,218afa362,25,1,1,2026-03-31 17:28:25,2026-04-27 10:14:18,Jonathan Carvajal:25,
,CONFIRMAR_USO_HISTORICO_STOCK_LECTURAS,23PL-0266,25,1,3,2025-12-02 09:16:23,2026-03-23 14:26:21,Gerardo Mercier:25,
,CONFIRMAR_USO_HISTORICO_STOCK_LECTURAS,23pl-0130,25,1,2,2026-03-31 17:28:25,2026-04-27 10:14:18,Jonathan Carvajal:25,
,CONFIRMAR_USO_HISTORICO_STOCK_LECTURAS,23pl-0204,25,1,2,2026-03-31 17:28:25,2026-04-27 10:14:18,Jonathan Carvajal:25,
,CONFIRMAR_USO_HISTORICO_STOCK_LECTURAS,23pl-0266,25,1,2,2026-03-31 17:28:25,2026-04-27 10:14:18,Jonathan Carvajal:25,
,CONFIRMAR_USO_HISTORICO_STOCK_LECTURAS,23pl-367,25,1,3,2026-03-31 17:28:25,2026-04-27 10:14:18,Jonathan Carvajal:25,
,CONFIRMAR_USO_HISTORICO_STOCK_LECTURAS,23pl-371,25,1,2,2026-03-31 17:28:25,2026-04-27 10:14:18,Jonathan Carvajal:25,
,CONFIRMAR_USO_HISTORICO_STOCK_LECTURAS,23pl-403,25,1,7,2026-03-31 17:28:25,2026-04-27 10:14:18,Jonathan Carvajal:25,
,CONFIRMAR_USO_HISTORICO_STOCK_LECTURAS,36masas,25,1,2,2026-03-31 17:28:25,2026-04-27 10:14:18,Jonathan Carvajal:25,
,CONFIRMAR_USO_HISTORICO_STOCK_LECTURAS,5206192040793,25,0,1,2026-03-31 17:28:25,2026-04-27 10:14:18,Jonathan Carvajal:25,
,CONFIRMAR_USO_HISTORICO_STOCK_LECTURAS,5207181040008,25,0,2,2026-03-31 17:28:25,2026-04-27 10:14:18,Jonathan Carvajal:25,
,CONFIRMAR_USO_HISTORICO_STOCK_LECTURAS,613-8A0265,25,0,12,2026-03-31 17:28:25,2026-04-27 10:14:18,Jonathan Carvajal:25,
,CONFIRMAR_USO_HISTORICO_STOCK_LECTURAS,A2120,25,1,4,2025-12-02 09:16:17,2026-03-23 14:16:42,Gerardo Mercier:25,
,CONFIRMAR_USO_HISTORICO_STOCK_LECTURAS,AA-6120,25,1,2,2026-03-31 17:28:25,2026-04-27 10:14:18,Jonathan Carvajal:25,
,CONFIRMAR_USO_HISTORICO_STOCK_LECTURAS,AC7666,25,0,2,2025-12-02 09:16:23,2026-03-23 14:26:21,Gerardo Mercier:25,
,CONFIRMAR_USO_HISTORICO_STOCK_LECTURAS,BAREDCES001,25,1,4,2026-03-31 17:28:25,2026-04-27 10:14:18,Jonathan Carvajal:25,
,CONFIRMAR_USO_HISTORICO_STOCK_LECTURAS,C111007,25,0,1,2026-03-31 17:28:25,2026-04-27 10:14:18,Jonathan Carvajal:25,
,CONFIRMAR_USO_HISTORICO_STOCK_LECTURAS,C2124,25,1,6,2025-11-25 09:14:40,2026-02-10 16:56:35,Gerardo Mercier:25,
,CONFIRMAR_USO_HISTORICO_STOCK_LECTURAS,C306006,25,0,1,2026-03-31 17:28:25,2026-04-27 10:14:18,Jonathan Carvajal:25,
,CONFIRMAR_USO_HISTORICO_STOCK_LECTURAS,CUSININO,25,2,2,2026-03-31 17:28:25,2026-04-27 10:14:18,Jonathan Carvajal:25,
,CONFIRMAR_USO_HISTORICO_STOCK_LECTURAS,D101053,25,1,3,2026-03-31 17:28:25,2026-04-27 10:14:18,Jonathan Carvajal:25,
,CONFIRMAR_USO_HISTORICO_STOCK_LECTURAS,D207020,25,1,3,2026-03-31 17:28:26,2026-04-27 10:14:19,Jonathan Carvajal:25,
,CONFIRMAR_USO_HISTORICO_STOCK_LECTURAS,D207022,25,1,3,2026-03-31 17:28:26,2026-04-27 10:14:19,Jonathan Carvajal:25,
,CONFIRMAR_USO_HISTORICO_STOCK_LECTURAS,D207026,25,1,1,2026-03-31 17:28:26,2026-04-27 10:14:19,Jonathan Carvajal:25,
,CONFIRMAR_USO_HISTORICO_STOCK_LECTURAS,D207032,25,1,3,2026-03-31 17:28:26,2026-04-27 10:14:19,Jonathan Carvajal:25,
,CONFIRMAR_USO_HISTORICO_STOCK_LECTURAS,D207043,25,1,3,2026-03-31 17:28:26,2026-04-27 10:14:19,Jonathan Carvajal:25,
,CONFIRMAR_USO_HISTORICO_STOCK_LECTURAS,D701038,25,1,6,2026-03-31 17:28:26,2026-04-27 10:14:19,Jonathan Carvajal:25,
,CONFIRMAR_USO_HISTORICO_STOCK_LECTURAS,D701062,25,0,7,2026-03-31 17:28:26,2026-04-27 10:14:19,Jonathan Carvajal:25,
,CONFIRMAR_USO_HISTORICO_STOCK_LECTURAS,D701063,25,0,7,2026-03-31 17:28:26,2026-04-27 10:14:19,Jonathan Carvajal:25,
,CONFIRMAR_USO_HISTORICO_STOCK_LECTURAS,D705016,25,1,2,2026-03-31 17:28:26,2026-04-27 10:14:19,Jonathan Carvajal:25,
,CONFIRMAR_USO_HISTORICO_STOCK_LECTURAS,D705070,25,1,2,2026-03-31 17:28:27,2026-04-27 10:14:19,Jonathan Carvajal:25,
,CONFIRMAR_USO_HISTORICO_STOCK_LECTURAS,D705085,25,1,1,2026-03-31 17:28:27,2026-04-27 10:14:19,Jonathan Carvajal:25,
,CONFIRMAR_USO_HISTORICO_STOCK_LECTURAS,D707021,25,1,2,2026-03-31 17:28:27,2026-04-27 10:14:19,Jonathan Carvajal:25,
,CONFIRMAR_USO_HISTORICO_STOCK_LECTURAS,D801012,25,1,2,2026-03-31 17:28:27,2026-04-27 10:14:19,Jonathan Carvajal:25,
,CONFIRMAR_USO_HISTORICO_STOCK_LECTURAS,D807020,25,1,1,2026-03-31 17:28:27,2026-04-27 10:14:19,Jonathan Carvajal:25,
,CONFIRMAR_USO_HISTORICO_STOCK_LECTURAS,D807032,25,1,3,2026-03-31 17:28:27,2026-04-27 10:14:19,Jonathan Carvajal:25,
,CONFIRMAR_USO_HISTORICO_STOCK_LECTURAS,D807033,25,1,2,2026-03-31 17:28:27,2026-04-27 10:14:19,Jonathan Carvajal:25,
,CONFIRMAR_USO_HISTORICO_STOCK_LECTURAS,D807054,25,0,6,2026-03-31 17:28:27,2026-04-27 10:14:19,Jonathan Carvajal:25,
,CONFIRMAR_USO_HISTORICO_STOCK_LECTURAS,D807057,25,1,2,2026-03-31 17:28:27,2026-04-27 10:14:19,Jonathan Carvajal:25,
,CONFIRMAR_USO_HISTORICO_STOCK_LECTURAS,D807065,25,2,4,2026-03-31 17:28:27,2026-04-27 10:14:19,Jonathan Carvajal:25,
,CONFIRMAR_USO_HISTORICO_STOCK_LECTURAS,D809013,25,1,2,2026-03-31 17:28:27,2026-04-27 10:14:19,Jonathan Carvajal:25,
,CONFIRMAR_USO_HISTORICO_STOCK_LECTURAS,D880004,25,0,1,2026-03-31 17:28:27,2026-04-27 10:14:19,Jonathan Carvajal:25,
,CONFIRMAR_USO_HISTORICO_STOCK_LECTURAS,D901010,25,1,4,2026-03-31 17:28:27,2026-04-27 10:14:19,Jonathan Carvajal:25,
,CONFIRMAR_USO_HISTORICO_STOCK_LECTURAS,D901016,25,1,18,2026-03-31 17:28:27,2026-04-27 10:14:19,Jonathan Carvajal:25,
,CONFIRMAR_USO_HISTORICO_STOCK_LECTURAS,D901019,25,1,2,2026-03-31 17:28:27,2026-04-27 10:14:19,Jonathan Carvajal:25,
,CONFIRMAR_USO_HISTORICO_STOCK_LECTURAS,D902009,25,1,1,2026-03-31 17:28:27,2026-04-27 10:14:19,Jonathan Carvajal:25,
,CONFIRMAR_USO_HISTORICO_STOCK_LECTURAS,DCE015,25,1,1,2026-03-31 17:28:27,2026-04-27 10:14:19,Jonathan Carvajal:25,
,CONFIRMAR_USO_HISTORICO_STOCK_LECTURAS,DCMF26,25,1,2,2025-12-02 09:16:23,2026-03-23 14:26:21,Gerardo Mercier:25,
,CONFIRMAR_USO_HISTORICO_STOCK_LECTURAS,DEPFUTACC078,25,2,15,2026-03-31 17:28:27,2026-04-27 10:14:19,Jonathan Carvajal:25,
,CONFIRMAR_USO_HISTORICO_STOCK_LECTURAS,DEPFUTBAL505,25,0,1,2026-03-31 17:28:27,2026-04-27 10:14:19,Jonathan Carvajal:25,
,CONFIRMAR_USO_HISTORICO_STOCK_LECTURAS,DEPFUTBOL002,25,0,1,2026-03-31 17:28:27,2026-04-27 10:14:19,Jonathan Carvajal:25,
,CONFIRMAR_USO_HISTORICO_STOCK_LECTURAS,DEPPINPEL047,25,2,2,2025-11-25 09:14:40,2026-02-10 16:56:36,Gerardo Mercier:25,
,CONFIRMAR_USO_HISTORICO_STOCK_LECTURAS,DMB010,25,1,1,2026-03-31 17:28:27,2026-04-27 10:14:19,Jonathan Carvajal:25,
,CONFIRMAR_USO_HISTORICO_STOCK_LECTURAS,FIFHAMAN015,25,1,1,2026-03-31 17:28:28,2026-04-27 10:14:20,Jonathan Carvajal:25,
,CONFIRMAR_USO_HISTORICO_STOCK_LECTURAS,FUACCENT028,25,1,1,2026-03-31 17:28:28,2026-04-27 10:14:20,Jonathan Carvajal:25,
,CONFIRMAR_USO_HISTORICO_STOCK_LECTURAS,FUNMAIS,25,1,2,2026-03-31 17:28:28,2026-04-27 10:14:20,Jonathan Carvajal:25,
,CONFIRMAR_USO_HISTORICO_STOCK_LECTURAS,JG-9353,25,1,3,2025-12-02 09:16:23,2026-03-23 14:26:21,Gerardo Mercier:25,
,CONFIRMAR_USO_HISTORICO_STOCK_LECTURAS,JG-9407,25,1,2,2026-03-31 17:28:28,2026-04-27 10:14:20,Jonathan Carvajal:25,
,CONFIRMAR_USO_HISTORICO_STOCK_LECTURAS,JHTOY-171-2,25,1,3,2025-09-24 08:56:25,2026-03-23 14:26:21,Gerardo Mercier:25,
,CONFIRMAR_USO_HISTORICO_STOCK_LECTURAS,JHTOY-196,25,1,2,2025-09-24 08:56:25,2026-03-23 14:26:21,Gerardo Mercier:25,
,CONFIRMAR_USO_HISTORICO_STOCK_LECTURAS,JU21-09,25,1,1,2025-12-02 09:16:22,2026-03-23 14:26:20,Gerardo Mercier:25,
,CONFIRMAR_USO_HISTORICO_STOCK_LECTURAS,JUEGBAS341,25,0,2,2026-03-31 17:28:29,2026-04-27 10:14:20,Jonathan Carvajal:25,
,CONFIRMAR_USO_HISTORICO_STOCK_LECTURAS,JUEGBOR013,25,1,1,2026-03-31 17:28:29,2026-04-27 10:14:20,Jonathan Carvajal:25,
,CONFIRMAR_USO_HISTORICO_STOCK_LECTURAS,JUEGCAI053,25,0,1,2026-03-31 17:28:29,2026-04-27 10:14:20,Jonathan Carvajal:25,
,CONFIRMAR_USO_HISTORICO_STOCK_LECTURAS,JUEGCAI068,25,1,2,2026-03-31 17:28:29,2026-04-27 10:14:20,Jonathan Carvajal:25,
,CONFIRMAR_USO_HISTORICO_STOCK_LECTURAS,JUEGCL1115674,25,1,3,2026-03-31 17:28:29,2026-04-27 10:14:20,Jonathan Carvajal:25,
,CONFIRMAR_USO_HISTORICO_STOCK_LECTURAS,JUEGCL2422764,25,1,1,2026-03-31 17:28:29,2026-04-27 10:14:20,Jonathan Carvajal:25,
,CONFIRMAR_USO_HISTORICO_STOCK_LECTURAS,JUEGCL4040515,25,4,6,2025-12-02 09:16:23,2026-03-23 14:26:22,Gerardo Mercier:25,
,CONFIRMAR_USO_HISTORICO_STOCK_LECTURAS,JUEGCL4045268,25,3,3,2025-12-02 09:16:22,2026-03-23 14:26:21,Gerardo Mercier:25,
,CONFIRMAR_USO_HISTORICO_STOCK_LECTURAS,JUEGCOL-08,25,1,10,2026-03-31 17:28:30,2026-04-27 10:14:20,Jonathan Carvajal:25,
,CONFIRMAR_USO_HISTORICO_STOCK_LECTURAS,JUEGCUB059,25,0,1,2026-03-31 17:28:30,2026-04-27 10:14:20,Jonathan Carvajal:25,
,CONFIRMAR_USO_HISTORICO_STOCK_LECTURAS,JUEGGOD046,25,0,1,2026-03-31 17:28:30,2026-04-27 10:14:20,Jonathan Carvajal:25,
,CONFIRMAR_USO_HISTORICO_STOCK_LECTURAS,JUEGGRE024,25,1,1,2026-03-31 17:28:30,2026-04-27 10:14:20,Jonathan Carvajal:25,
,CONFIRMAR_USO_HISTORICO_STOCK_LECTURAS,JUEGH2M079,25,0,1,2026-03-31 17:28:30,2026-04-27 10:14:20,Jonathan Carvajal:25,
,CONFIRMAR_USO_HISTORICO_STOCK_LECTURAS,JUEGJAI261,25,0,4,2026-03-31 17:28:31,2026-04-27 10:14:20,Jonathan Carvajal:25,
,CONFIRMAR_USO_HISTORICO_STOCK_LECTURAS,JUEGJAI317,25,1,3,2026-03-31 17:28:31,2026-04-27 10:14:20,Jonathan Carvajal:25,
,CONFIRMAR_USO_HISTORICO_STOCK_LECTURAS,JUEGJAI321,25,1,7,2026-03-31 17:28:31,2026-04-27 10:14:20,Jonathan Carvajal:25,
,CONFIRMAR_USO_HISTORICO_STOCK_LECTURAS,JUEGJAI398,25,1,3,2026-03-31 17:28:31,2026-04-27 10:14:21,Jonathan Carvajal:25,
,CONFIRMAR_USO_HISTORICO_STOCK_LECTURAS,JUEGJAI408,25,1,3,2026-03-31 17:28:31,2026-04-27 10:14:21,Jonathan Carvajal:25,
,CONFIRMAR_USO_HISTORICO_STOCK_LECTURAS,JUEGJAI430,25,1,8,2026-03-31 17:28:31,2026-04-27 10:14:21,Jonathan Carvajal:25,
,CONFIRMAR_USO_HISTORICO_STOCK_LECTURAS,JUEGJAI534,25,1,6,2026-03-31 17:28:31,2026-04-27 10:14:21,Jonathan Carvajal:25,
,CONFIRMAR_USO_HISTORICO_STOCK_LECTURAS,JUEGJAI558,25,1,9,2026-03-31 17:28:31,2026-04-27 10:14:21,Jonathan Carvajal:25,
,CONFIRMAR_USO_HISTORICO_STOCK_LECTURAS,JUEGJAISM,25,1,1,2025-11-25 09:14:38,2026-01-14 08:59:01,Gerardo Mercier:25,
,CONFIRMAR_USO_HISTORICO_STOCK_LECTURAS,JUEGLEA063,25,0,1,2026-03-31 17:28:31,2026-04-27 10:14:21,Jonathan Carvajal:25,
,CONFIRMAR_USO_HISTORICO_STOCK_LECTURAS,JUEGLEA214,25,1,1,2026-03-31 17:28:31,2026-04-27 10:14:21,Jonathan Carvajal:25,
,CONFIRMAR_USO_HISTORICO_STOCK_LECTURAS,JUEGLEA221,25,0,1,2026-03-31 17:28:31,2026-04-27 10:14:21,Jonathan Carvajal:25,
,CONFIRMAR_USO_HISTORICO_STOCK_LECTURAS,JUEGLEA298,25,4,4,2025-12-05 13:50:12,2026-03-23 14:21:44,Gerardo Mercier:25,
,CONFIRMAR_USO_HISTORICO_STOCK_LECTURAS,JUEGOLMA210,25,0,3,2026-03-31 17:28:31,2026-04-27 10:14:21,Jonathan Carvajal:25,
,CONFIRMAR_USO_HISTORICO_STOCK_LECTURAS,JUEGPLAS1055,25,0,11,2026-03-31 17:28:31,2026-04-27 10:14:21,Jonathan Carvajal:25,
,CONFIRMAR_USO_HISTORICO_STOCK_LECTURAS,JUEGPLAS1103,25,1,1,2026-03-31 17:28:31,2026-04-27 10:14:21,Jonathan Carvajal:25,
,CONFIRMAR_USO_HISTORICO_STOCK_LECTURAS,JUEGPLAS1149,25,1,1,2026-03-31 17:28:31,2026-04-27 10:14:21,Jonathan Carvajal:25,
,CONFIRMAR_USO_HISTORICO_STOCK_LECTURAS,JUEGPLAS1185,25,0,1,2026-03-31 17:28:31,2026-04-27 10:14:21,Jonathan Carvajal:25,
,CONFIRMAR_USO_HISTORICO_STOCK_LECTURAS,JUEGPLAS1514,25,0,100,2026-03-31 17:28:31,2026-04-27 10:14:21,Jonathan Carvajal:25,
,CONFIRMAR_USO_HISTORICO_STOCK_LECTURAS,JUEGPLO019,25,0,1,2026-03-31 17:28:31,2026-04-27 10:14:21,Jonathan Carvajal:25,
,CONFIRMAR_USO_HISTORICO_STOCK_LECTURAS,JUEGPLO056,25,1,2,2026-03-31 17:28:31,2026-04-27 10:14:21,Jonathan Carvajal:25,
,CONFIRMAR_USO_HISTORICO_STOCK_LECTURAS,JUEGROL20856,25,1,228,2026-03-31 17:28:32,2026-04-27 10:14:21,Jonathan Carvajal:25,
,CONFIRMAR_USO_HISTORICO_STOCK_LECTURAS,JUEGROL23061,25,0,47,2025-08-27 13:34:22,2026-04-27 10:14:21,Jonathan Carvajal:23 | Gerardo Mercier:2,
,CONFIRMAR_USO_HISTORICO_STOCK_LECTURAS,JUEGROL23095-C,25,0,27,2025-08-27 13:34:22,2025-11-04 09:21:27,Gerardo Mercier:25,
,CONFIRMAR_USO_HISTORICO_STOCK_LECTURAS,JUEGROL23144,25,2,238,2026-03-31 17:28:32,2026-04-27 10:14:21,Jonathan Carvajal:25,
,CONFIRMAR_USO_HISTORICO_STOCK_LECTURAS,JUEGROL23853,25,0,87,2025-08-27 13:34:22,2026-03-23 14:14:27,Gerardo Mercier:25,
,CONFIRMAR_USO_HISTORICO_STOCK_LECTURAS,JUEGROL24051-3,25,2,58,2026-03-31 17:28:32,2026-04-27 10:14:21,Jonathan Carvajal:25,
,CONFIRMAR_USO_HISTORICO_STOCK_LECTURAS,JUEGROL24242,25,2,405,2026-03-31 17:28:32,2026-04-27 10:14:21,Jonathan Carvajal:25,
,CONFIRMAR_USO_HISTORICO_STOCK_LECTURAS,JUEGROL25824,25,1,28,2026-03-31 17:28:32,2026-04-27 10:14:22,Jonathan Carvajal:25,
,CONFIRMAR_USO_HISTORICO_STOCK_LECTURAS,JUEGROL473,25,1,10,2026-03-31 17:28:32,2026-04-27 10:14:22,Jonathan Carvajal:25,
,CONFIRMAR_USO_HISTORICO_STOCK_LECTURAS,JUEGSH004,25,1,1,2026-03-31 17:28:32,2026-04-27 10:14:22,Jonathan Carvajal:25,
,CONFIRMAR_USO_HISTORICO_STOCK_LECTURAS,JUEGSH1149,25,1,5,2026-03-31 17:28:32,2026-04-27 10:14:22,Jonathan Carvajal:25,
,CONFIRMAR_USO_HISTORICO_STOCK_LECTURAS,JUEGSH1189,25,1,4,2026-03-31 17:28:32,2026-04-27 10:14:22,Jonathan Carvajal:25,
,CONFIRMAR_USO_HISTORICO_STOCK_LECTURAS,JUEGSH1483,25,2,8,2026-03-31 17:28:32,2026-04-27 10:14:22,Jonathan Carvajal:25,
,CONFIRMAR_USO_HISTORICO_STOCK_LECTURAS,JUEGSH1514,25,1,2,2026-03-31 17:28:32,2026-04-27 10:14:22,Jonathan Carvajal:25,
,CONFIRMAR_USO_HISTORICO_STOCK_LECTURAS,JUEGSH1594,25,0,1,2026-03-31 17:28:32,2026-04-27 10:14:22,Jonathan Carvajal:25,
,CONFIRMAR_USO_HISTORICO_STOCK_LECTURAS,JUEGSH1724,25,2,4,2026-03-31 17:28:32,2026-04-27 10:14:22,Jonathan Carvajal:25,
,CONFIRMAR_USO_HISTORICO_STOCK_LECTURAS,JUEGSH1825,25,1,1,2026-03-31 17:28:32,2026-04-27 10:14:22,Jonathan Carvajal:25,
,CONFIRMAR_USO_HISTORICO_STOCK_LECTURAS,JUEGSH216,25,1,2,2026-03-31 17:28:32,2026-04-27 10:14:22,Jonathan Carvajal:25,
,CONFIRMAR_USO_HISTORICO_STOCK_LECTURAS,JUEGSH281,25,1,13,2026-03-31 17:28:32,2026-04-27 10:14:22,Jonathan Carvajal:25,
,CONFIRMAR_USO_HISTORICO_STOCK_LECTURAS,JUEGSH357,25,1,2,2026-03-31 17:28:32,2026-04-27 10:14:22,Jonathan Carvajal:25,
,CONFIRMAR_USO_HISTORICO_STOCK_LECTURAS,JUEGSH403,25,1,2,2026-03-31 17:28:32,2026-04-27 10:14:22,Jonathan Carvajal:25,
,CONFIRMAR_USO_HISTORICO_STOCK_LECTURAS,JUEGSH436,25,1,2,2026-03-31 17:28:32,2026-04-27 10:14:22,Jonathan Carvajal:25,
,CONFIRMAR_USO_HISTORICO_STOCK_LECTURAS,JUEGSH477,25,1,3,2026-03-31 17:28:32,2026-04-27 10:14:22,Jonathan Carvajal:25,
,CONFIRMAR_USO_HISTORICO_STOCK_LECTURAS,JUEGSH670,25,1,3,2026-03-31 17:28:32,2026-04-27 10:14:22,Jonathan Carvajal:25,
,CONFIRMAR_USO_HISTORICO_STOCK_LECTURAS,JUEGSH781-1,25,0,3,2026-03-31 17:28:32,2026-04-27 10:14:22,Jonathan Carvajal:25,
,CONFIRMAR_USO_HISTORICO_STOCK_LECTURAS,JUEGSH871,25,2,2,2026-03-31 17:28:32,2026-04-27 10:14:22,Jonathan Carvajal:25,
,CONFIRMAR_USO_HISTORICO_STOCK_LECTURAS,JUEGSH894,25,2,3,2026-03-31 17:28:32,2026-04-27 10:14:22,Jonathan Carvajal:25,
,CONFIRMAR_USO_HISTORICO_STOCK_LECTURAS,JUEGSH902,25,1,1,2026-03-31 17:28:32,2026-04-27 10:14:22,Jonathan Carvajal:25,
,CONFIRMAR_USO_HISTORICO_STOCK_LECTURAS,JUEGSON044,25,0,1,2026-03-31 17:28:32,2026-04-27 10:14:22,Jonathan Carvajal:25,
,CONFIRMAR_USO_HISTORICO_STOCK_LECTURAS,JUEGSON078,25,0,1,2026-03-31 17:28:32,2026-04-27 10:14:22,Jonathan Carvajal:25,
,CONFIRMAR_USO_HISTORICO_STOCK_LECTURAS,JUEGSP23PL770,25,1,1,2026-03-31 17:28:32,2026-04-27 10:14:22,Jonathan Carvajal:25,
,CONFIRMAR_USO_HISTORICO_STOCK_LECTURAS,JUEGSTA035,25,0,2,2026-03-31 17:28:32,2026-04-27 10:14:22,Jonathan Carvajal:25,
,CONFIRMAR_USO_HISTORICO_STOCK_LECTURAS,JUEGTOK078,25,0,3,2026-03-31 17:28:32,2026-04-27 10:14:22,Jonathan Carvajal:25,
,CONFIRMAR_USO_HISTORICO_STOCK_LECTURAS,JUEGUSL086,25,0,1,2026-03-31 17:28:32,2026-04-27 10:14:22,Jonathan Carvajal:25,
,CONFIRMAR_USO_HISTORICO_STOCK_LECTURAS,JUEGWOM026,25,1,1,2026-03-31 17:28:32,2026-04-27 10:14:22,Jonathan Carvajal:25,
,CONFIRMAR_USO_HISTORICO_STOCK_LECTURAS,JUEGYIN157,25,0,1,2026-03-31 17:28:33,2026-04-27 10:14:22,Jonathan Carvajal:25,
,CONFIRMAR_USO_HISTORICO_STOCK_LECTURAS,JUEGZHE075,25,0,5,2026-03-31 17:28:33,2026-04-27 10:14:22,Jonathan Carvajal:25,
,CONFIRMAR_USO_HISTORICO_STOCK_LECTURAS,JUEGZHE096,25,1,1,2026-03-31 17:28:33,2026-04-27 10:14:22,Jonathan Carvajal:25,
,CONFIRMAR_USO_HISTORICO_STOCK_LECTURAS,JUEGZHE180,25,1,1,2026-03-31 17:28:33,2026-04-27 10:14:22,Jonathan Carvajal:25,
,CONFIRMAR_USO_HISTORICO_STOCK_LECTURAS,JUEGZHE219,25,1,1,2026-03-31 17:28:33,2026-04-27 10:14:22,Jonathan Carvajal:25,
,CONFIRMAR_USO_HISTORICO_STOCK_LECTURAS,JUEGZHE233,25,1,1,2026-03-31 17:28:33,2026-04-27 10:14:22,Jonathan Carvajal:25,
,CONFIRMAR_USO_HISTORICO_STOCK_LECTURAS,JUEGZHE238,25,1,1,2026-03-31 17:28:33,2026-04-27 10:14:22,Jonathan Carvajal:25,
,CONFIRMAR_USO_HISTORICO_STOCK_LECTURAS,JUEGZHE268,25,2,2,2026-03-31 17:28:33,2026-04-27 10:14:22,Jonathan Carvajal:25,
,CONFIRMAR_USO_HISTORICO_STOCK_LECTURAS,JUEGZHE295,25,3,3,2026-03-31 17:28:33,2026-04-27 10:14:22,Jonathan Carvajal:25,
,CONFIRMAR_USO_HISTORICO_STOCK_LECTURAS,JUEGZHE310,25,0,1,2026-03-31 17:28:33,2026-04-27 10:14:23,Jonathan Carvajal:25,
,CONFIRMAR_USO_HISTORICO_STOCK_LECTURAS,JUEGZHE324,25,1,2,2026-03-31 17:28:33,2026-04-27 10:14:23,Jonathan Carvajal:25,
,CONFIRMAR_USO_HISTORICO_STOCK_LECTURAS,JUEGZHE373,25,0,1,2026-03-31 17:28:33,2026-04-27 10:14:23,Jonathan Carvajal:25,
,CONFIRMAR_USO_HISTORICO_STOCK_LECTURAS,JUEMES024,25,1,1,2026-03-31 17:28:25,2026-04-27 10:14:18,Jonathan Carvajal:25,
,CONFIRMAR_USO_HISTORICO_STOCK_LECTURAS,JY-MR-194630,25,1,5,2026-03-31 17:28:33,2026-04-27 10:14:23,Jonathan Carvajal:25,
,CONFIRMAR_USO_HISTORICO_STOCK_LECTURAS,LA006,25,1,1,2026-03-31 17:28:33,2026-04-27 10:14:23,Jonathan Carvajal:25,
,CONFIRMAR_USO_HISTORICO_STOCK_LECTURAS,LK326001810,25,1,1,2026-03-31 17:28:33,2026-04-27 10:14:23,Jonathan Carvajal:25,
,CONFIRMAR_USO_HISTORICO_STOCK_LECTURAS,LTSALDA630,25,0,1,2026-03-31 17:28:33,2026-04-27 10:14:23,Jonathan Carvajal:25,
,CONFIRMAR_USO_HISTORICO_STOCK_LECTURAS,MERCDOMINO,25,1,2,2026-03-31 17:28:33,2026-04-27 10:14:23,Jonathan Carvajal:25,
,CONFIRMAR_USO_HISTORICO_STOCK_LECTURAS,MERCLUZ,25,1,3,2026-03-31 17:28:33,2026-04-27 10:14:23,Jonathan Carvajal:25,
,CONFIRMAR_USO_HISTORICO_STOCK_LECTURAS,MK-388G,25,2,7,2026-03-31 17:28:33,2026-04-27 10:14:23,Jonathan Carvajal:25,
,CONFIRMAR_USO_HISTORICO_STOCK_LECTURAS,MK10032,25,0,1,2026-03-31 17:28:33,2026-04-27 10:14:23,Jonathan Carvajal:25,
,CONFIRMAR_USO_HISTORICO_STOCK_LECTURAS,MUNDT016,25,0,11,2025-08-21 12:57:49,2026-03-23 14:18:04,Gerardo Mercier:25,
,CONFIRMAR_USO_HISTORICO_STOCK_LECTURAS,PA-868300999,25,1,1,2026-03-31 17:28:33,2026-04-27 10:14:23,Jonathan Carvajal:25,
,CONFIRMAR_USO_HISTORICO_STOCK_LECTURAS,PALEDAN015,25,0,1,2026-03-31 17:28:33,2026-04-27 10:14:23,Jonathan Carvajal:25,
,CONFIRMAR_USO_HISTORICO_STOCK_LECTURAS,PESCA1,25,1,1,2026-03-31 17:28:33,2026-04-27 10:14:23,Jonathan Carvajal:25,
,CONFIRMAR_USO_HISTORICO_STOCK_LECTURAS,PIZACUB247,25,1,4,2026-03-31 17:28:33,2026-04-27 10:14:23,Jonathan Carvajal:25,
,CONFIRMAR_USO_HISTORICO_STOCK_LECTURAS,PL-636,25,1,2,2025-12-02 09:16:23,2026-03-23 14:26:21,Gerardo Mercier:25,
,CONFIRMAR_USO_HISTORICO_STOCK_LECTURAS,PUMAD4030-2,25,1,3,2025-12-02 09:16:22,2026-03-23 14:26:21,Gerardo Mercier:25,
,CONFIRMAR_USO_HISTORICO_STOCK_LECTURAS,PUMAD4626,25,1,1,2026-03-31 17:28:33,2026-04-27 10:14:23,Jonathan Carvajal:25,
,CONFIRMAR_USO_HISTORICO_STOCK_LECTURAS,PUSHUP,25,0,1,2026-03-31 17:28:33,2026-04-27 10:14:23,Jonathan Carvajal:25,
,CONFIRMAR_USO_HISTORICO_STOCK_LECTURAS,R57015,25,1,8,2026-03-31 17:28:33,2026-04-27 10:14:23,Jonathan Carvajal:25,
,CONFIRMAR_USO_HISTORICO_STOCK_LECTURAS,Squigz,25,1,1,2026-03-31 17:28:25,2026-04-27 10:14:18,Jonathan Carvajal:25,
,CONFIRMAR_USO_HISTORICO_STOCK_LECTURAS,TA-TERAUL020,25,1,3,2025-12-22 09:02:38,2026-03-23 14:26:21,Gerardo Mercier:25,
,CONFIRMAR_USO_HISTORICO_STOCK_LECTURAS,TH001,25,1,1,2025-12-02 09:16:22,2026-03-23 14:26:21,Gerardo Mercier:25,
,CONFIRMAR_USO_HISTORICO_STOCK_LECTURAS,TL015,25,1,1,2025-12-02 09:16:23,2026-03-23 14:26:21,Gerardo Mercier:25,
,CONFIRMAR_USO_HISTORICO_STOCK_LECTURAS,TMACCRED002,25,1,3,2026-03-31 17:28:34,2026-04-27 10:14:24,Jonathan Carvajal:25,
,CONFIRMAR_USO_HISTORICO_STOCK_LECTURAS,TMPALSET003,25,1,3,2026-03-31 17:28:34,2026-04-27 10:14:24,Jonathan Carvajal:25,
,CONFIRMAR_USO_HISTORICO_STOCK_LECTURAS,TNWX-1542,25,1,1,2026-03-31 17:28:34,2026-04-27 10:14:24,Jonathan Carvajal:25,
,CONFIRMAR_USO_HISTORICO_STOCK_LECTURAS,TNWX-1672,25,2,2,2025-12-02 09:16:22,2026-03-23 14:26:21,Gerardo Mercier:25,
,CONFIRMAR_USO_HISTORICO_STOCK_LECTURAS,TNWX-8342B,25,1,1,2025-12-02 09:16:23,2026-03-23 14:26:21,Gerardo Mercier:25,
,CONFIRMAR_USO_HISTORICO_STOCK_LECTURAS,TRE001,25,1,1,2026-03-31 17:28:34,2026-04-27 10:14:24,Jonathan Carvajal:25,
,CONFIRMAR_USO_HISTORICO_STOCK_LECTURAS,ZKB-DY-01,25,0,1,2026-03-31 17:28:34,2026-04-27 10:14:24,Jonathan Carvajal:25,
,CONFIRMAR_USO_HISTORICO_STOCK_LECTURAS,a501010,25,1,43,2026-03-31 17:28:25,2026-04-27 10:14:18,Jonathan Carvajal:25,
,CONFIRMAR_USO_HISTORICO_STOCK_LECTURAS,a605032,25,1,3,2026-03-31 17:28:25,2026-04-27 10:14:18,Jonathan Carvajal:25,
,CONFIRMAR_USO_HISTORICO_STOCK_LECTURAS,a605040,25,1,10,2026-03-31 17:28:25,2026-04-27 10:14:18,Jonathan Carvajal:25,
,CONFIRMAR_USO_HISTORICO_STOCK_LECTURAS,aa-11000,25,1,6,2026-03-31 17:28:25,2026-04-27 10:14:18,Jonathan Carvajal:25,
,CONFIRMAR_USO_HISTORICO_STOCK_LECTURAS,aa-5010,25,1,5,2026-03-31 17:28:25,2026-04-27 10:14:18,Jonathan Carvajal:25,
,CONFIRMAR_USO_HISTORICO_STOCK_LECTURAS,aa-5200,25,1,7,2026-03-31 17:28:25,2026-04-27 10:14:18,Jonathan Carvajal:25,
,CONFIRMAR_USO_HISTORICO_STOCK_LECTURAS,ab1028,25,1,2,2026-03-31 17:28:25,2026-04-27 10:14:18,Jonathan Carvajal:25,
,CONFIRMAR_USO_HISTORICO_STOCK_LECTURAS,ac00019-0000,25,0,2,2026-03-31 17:28:25,2026-04-27 10:14:18,Jonathan Carvajal:25,
,CONFIRMAR_USO_HISTORICO_STOCK_LECTURAS,ac7617,25,1,3,2026-03-31 17:28:25,2026-04-27 10:14:18,Jonathan Carvajal:25,
,CONFIRMAR_USO_HISTORICO_STOCK_LECTURAS,ac7666,25,0,1,2026-03-31 17:28:25,2026-04-27 10:14:18,Jonathan Carvajal:25,
,CONFIRMAR_USO_HISTORICO_STOCK_LECTURAS,accohol002,25,1,5,2026-03-31 17:28:25,2026-04-27 10:14:18,Jonathan Carvajal:25,
,CONFIRMAR_USO_HISTORICO_STOCK_LECTURAS,ack1131270117,25,1,2,2026-03-31 17:28:25,2026-04-27 10:14:18,Jonathan Carvajal:25,
,CONFIRMAR_USO_HISTORICO_STOCK_LECTURAS,adhebei002,25,0,5,2026-03-31 17:28:25,2026-04-27 10:14:18,Jonathan Carvajal:25,
,CONFIRMAR_USO_HISTORICO_STOCK_LECTURAS,adheshi017,25,0,9,2026-03-31 17:28:25,2026-04-27 10:14:18,Jonathan Carvajal:25,
,CONFIRMAR_USO_HISTORICO_STOCK_LECTURAS,alfombra150,25,1,3,2026-03-31 17:28:25,2026-04-27 10:14:18,Jonathan Carvajal:25,
,CONFIRMAR_USO_HISTORICO_STOCK_LECTURAS,ansal-12235,25,0,1,2026-03-31 17:28:25,2026-04-27 10:14:18,Jonathan Carvajal:25,
,CONFIRMAR_USO_HISTORICO_STOCK_LECTURAS,arciman001,25,1,9,2026-03-31 17:28:25,2026-04-27 10:14:18,Jonathan Carvajal:25,
,CONFIRMAR_USO_HISTORICO_STOCK_LECTURAS,arenamagros1,25,0,1,2026-03-31 17:28:25,2026-04-27 10:14:18,Jonathan Carvajal:25,
,CONFIRMAR_USO_HISTORICO_STOCK_LECTURAS,arenbei009,25,1,11,2026-03-31 17:28:25,2026-04-27 10:14:18,Jonathan Carvajal:25,
,CONFIRMAR_USO_HISTORICO_STOCK_LECTURAS,atricub005,25,1,3,2026-03-31 17:28:25,2026-04-27 10:14:18,Jonathan Carvajal:25,
,CONFIRMAR_USO_HISTORICO_STOCK_LECTURAS,atricub007,25,1,2,2026-03-31 17:28:25,2026-04-27 10:14:18,Jonathan Carvajal:25,
,CONFIRMAR_USO_HISTORICO_STOCK_LECTURAS,b0640,25,1,2,2026-03-31 17:28:25,2026-04-27 10:14:18,Jonathan Carvajal:25,
,CONFIRMAR_USO_HISTORICO_STOCK_LECTURAS,b2136,25,0,1,2026-03-31 17:28:25,2026-04-27 10:14:18,Jonathan Carvajal:25,
,CONFIRMAR_USO_HISTORICO_STOCK_LECTURAS,balaana002,25,1,1,2026-03-31 17:28:25,2026-04-27 10:14:18,Jonathan Carvajal:25,
,CONFIRMAR_USO_HISTORICO_STOCK_LECTURAS,basta2,25,0,1,2026-03-31 17:28:25,2026-04-27 10:14:18,Jonathan Carvajal:25,
,CONFIRMAR_USO_HISTORICO_STOCK_LECTURAS,bb32001038sxv,25,1,1,2026-03-31 17:28:25,2026-04-27 10:14:18,Jonathan Carvajal:25,
,CONFIRMAR_USO_HISTORICO_STOCK_LECTURAS,bb650,25,1,4,2026-03-31 17:28:25,2026-04-27 10:14:18,Jonathan Carvajal:25,
,CONFIRMAR_USO_HISTORICO_STOCK_LECTURAS,bhs-vv,25,1,32,2026-03-31 17:28:25,2026-04-27 10:14:18,Jonathan Carvajal:25,
,CONFIRMAR_USO_HISTORICO_STOCK_LECTURAS,bj466,25,1,1,2026-03-31 17:28:25,2026-04-27 10:14:18,Jonathan Carvajal:25,
,CONFIRMAR_USO_HISTORICO_STOCK_LECTURAS,bloques32,25,1,1,2026-03-31 17:28:25,2026-04-27 10:14:18,Jonathan Carvajal:25,
,CONFIRMAR_USO_HISTORICO_STOCK_LECTURAS,botones1,25,1,1,2026-03-31 17:28:25,2026-04-27 10:14:18,Jonathan Carvajal:25,
,CONFIRMAR_USO_HISTORICO_STOCK_LECTURAS,brazosypiernas,25,1,6,2026-03-31 17:28:25,2026-04-27 10:14:18,Jonathan Carvajal:25,
,CONFIRMAR_USO_HISTORICO_STOCK_LECTURAS,brocdan005,25,0,1,2026-03-31 17:28:25,2026-04-27 10:14:18,Jonathan Carvajal:25,
,CONFIRMAR_USO_HISTORICO_STOCK_LECTURAS,brocdan011,25,1,3,2026-03-31 17:28:25,2026-04-27 10:14:18,Jonathan Carvajal:25,
,CONFIRMAR_USO_HISTORICO_STOCK_LECTURAS,c101038,25,1,9,2026-03-31 17:28:25,2026-04-27 10:14:18,Jonathan Carvajal:25,
,CONFIRMAR_USO_HISTORICO_STOCK_LECTURAS,c105009,25,0,3,2026-03-31 17:28:25,2026-04-27 10:14:18,Jonathan Carvajal:25,
,CONFIRMAR_USO_HISTORICO_STOCK_LECTURAS,c107020,25,1,22,2026-03-31 17:28:25,2026-04-27 10:14:18,Jonathan Carvajal:25,
,CONFIRMAR_USO_HISTORICO_STOCK_LECTURAS,c108014,25,0,2,2026-03-31 17:28:25,2026-04-27 10:14:18,Jonathan Carvajal:25,
,CONFIRMAR_USO_HISTORICO_STOCK_LECTURAS,c108017,25,1,21,2026-03-31 17:28:25,2026-04-27 10:14:18,Jonathan Carvajal:25,
,CONFIRMAR_USO_HISTORICO_STOCK_LECTURAS,c505007,25,1,9,2026-03-31 17:28:25,2026-04-27 10:14:18,Jonathan Carvajal:25,
,CONFIRMAR_USO_HISTORICO_STOCK_LECTURAS,c604045,25,1,10,2026-03-31 17:28:25,2026-04-27 10:14:18,Jonathan Carvajal:25,
,CONFIRMAR_USO_HISTORICO_STOCK_LECTURAS,c706004,25,1,4,2026-03-31 17:28:25,2026-04-27 10:14:18,Jonathan Carvajal:25,
,CONFIRMAR_USO_HISTORICO_STOCK_LECTURAS,c707002,25,1,30,2026-03-31 17:28:25,2026-04-27 10:14:18,Jonathan Carvajal:25,
,CONFIRMAR_USO_HISTORICO_STOCK_LECTURAS,c910014,25,1,32,2026-03-31 17:28:25,2026-04-27 10:14:18,Jonathan Carvajal:25,
,CONFIRMAR_USO_HISTORICO_STOCK_LECTURAS,cajmas001,25,0,1,2026-03-31 17:28:25,2026-04-27 10:14:18,Jonathan Carvajal:25,
,CONFIRMAR_USO_HISTORICO_STOCK_LECTURAS,carpainfantil,25,1,10,2026-03-31 17:28:25,2026-04-27 10:14:18,Jonathan Carvajal:25,
,CONFIRMAR_USO_HISTORICO_STOCK_LECTURAS,cartchi064,25,1,1,2026-03-31 17:28:25,2026-04-27 10:14:18,Jonathan Carvajal:25,
,CONFIRMAR_USO_HISTORICO_STOCK_LECTURAS,ce96,25,1,2,2026-03-31 17:28:25,2026-04-27 10:14:18,Jonathan Carvajal:25,
,CONFIRMAR_USO_HISTORICO_STOCK_LECTURAS,celetoy,25,0,1,2026-03-31 17:28:25,2026-04-27 10:14:18,Jonathan Carvajal:25,
,CONFIRMAR_USO_HISTORICO_STOCK_LECTURAS,championpenn,25,1,5,2026-03-31 17:28:25,2026-04-27 10:14:18,Jonathan Carvajal:25,
,CONFIRMAR_USO_HISTORICO_STOCK_LECTURAS,cintame1,25,1,1,2026-03-31 17:28:25,2026-04-27 10:14:18,Jonathan Carvajal:25,
,CONFIRMAR_USO_HISTORICO_STOCK_LECTURAS,compbei001,25,1,5,2026-03-31 17:28:25,2026-04-27 10:14:18,Jonathan Carvajal:25,
,CONFIRMAR_USO_HISTORICO_STOCK_LECTURAS,cono18cm,25,0,1,2026-03-31 17:28:25,2026-04-27 10:14:18,Jonathan Carvajal:25,
,CONFIRMAR_USO_HISTORICO_STOCK_LECTURAS,cortina,25,0,2,2026-03-31 17:28:25,2026-04-27 10:14:18,Jonathan Carvajal:25,
,CONFIRMAR_USO_HISTORICO_STOCK_LECTURAS,cortinafibsensory,25,4,41,2026-03-31 17:28:25,2026-04-27 10:14:18,Jonathan Carvajal:25,
,CONFIRMAR_USO_HISTORICO_STOCK_LECTURAS,cortmag004,25,1,1,2026-03-31 17:28:25,2026-04-27 10:14:18,Jonathan Carvajal:25,
,CONFIRMAR_USO_HISTORICO_STOCK_LECTURAS,cubosensory,25,1,6,2026-03-31 17:28:25,2026-04-27 10:14:18,Jonathan Carvajal:25,
,CONFIRMAR_USO_HISTORICO_STOCK_LECTURAS,d101003,25,0,11,2026-03-31 17:28:25,2026-04-27 10:14:18,Jonathan Carvajal:25,
,CONFIRMAR_USO_HISTORICO_STOCK_LECTURAS,d101027,25,1,5,2026-03-31 17:28:25,2026-04-27 10:14:18,Jonathan Carvajal:25,
,CONFIRMAR_USO_HISTORICO_STOCK_LECTURAS,d101033,25,1,3,2026-03-31 17:28:25,2026-04-27 10:14:18,Jonathan Carvajal:25,
,CONFIRMAR_USO_HISTORICO_STOCK_LECTURAS,d101036,25,1,5,2026-03-31 17:28:25,2026-04-27 10:14:18,Jonathan Carvajal:25,
,CONFIRMAR_USO_HISTORICO_STOCK_LECTURAS,d101044,25,1,1,2026-03-31 17:28:25,2026-04-27 10:14:18,Jonathan Carvajal:25,
,CONFIRMAR_USO_HISTORICO_STOCK_LECTURAS,d103003,25,1,2,2026-03-31 17:28:25,2026-04-27 10:14:18,Jonathan Carvajal:25,
,CONFIRMAR_USO_HISTORICO_STOCK_LECTURAS,d201054,25,1,2,2026-03-31 17:28:25,2026-04-27 10:14:19,Jonathan Carvajal:25,
,CONFIRMAR_USO_HISTORICO_STOCK_LECTURAS,d207001,25,2,9,2026-03-31 17:28:26,2026-04-27 10:14:19,Jonathan Carvajal:25,
,CONFIRMAR_USO_HISTORICO_STOCK_LECTURAS,d207003,25,2,5,2026-03-31 17:28:26,2026-04-27 10:14:19,Jonathan Carvajal:25,
,CONFIRMAR_USO_HISTORICO_STOCK_LECTURAS,d207005,25,2,13,2026-03-31 17:28:26,2026-04-27 10:14:19,Jonathan Carvajal:25,
,CONFIRMAR_USO_HISTORICO_STOCK_LECTURAS,d207006,25,2,4,2026-03-31 17:28:26,2026-04-27 10:14:19,Jonathan Carvajal:25,
,CONFIRMAR_USO_HISTORICO_STOCK_LECTURAS,d207007,25,1,4,2026-03-31 17:28:26,2026-04-27 10:14:19,Jonathan Carvajal:25,
,CONFIRMAR_USO_HISTORICO_STOCK_LECTURAS,d207009,25,1,4,2026-03-31 17:28:26,2026-04-27 10:14:19,Jonathan Carvajal:25,
,CONFIRMAR_USO_HISTORICO_STOCK_LECTURAS,d207011,25,2,8,2026-03-31 17:28:26,2026-04-27 10:14:19,Jonathan Carvajal:25,
,CONFIRMAR_USO_HISTORICO_STOCK_LECTURAS,d207012,25,2,7,2026-03-31 17:28:26,2026-04-27 10:14:19,Jonathan Carvajal:25,
,CONFIRMAR_USO_HISTORICO_STOCK_LECTURAS,d207013,25,2,8,2026-03-31 17:28:26,2026-04-27 10:14:19,Jonathan Carvajal:25,
,CONFIRMAR_USO_HISTORICO_STOCK_LECTURAS,d207014,25,2,4,2026-03-31 17:28:26,2026-04-27 10:14:19,Jonathan Carvajal:25,
,CONFIRMAR_USO_HISTORICO_STOCK_LECTURAS,d207015,25,2,5,2026-03-31 17:28:26,2026-04-27 10:14:19,Jonathan Carvajal:25,
,CONFIRMAR_USO_HISTORICO_STOCK_LECTURAS,d207016,25,1,1,2026-03-31 17:28:26,2026-04-27 10:14:19,Jonathan Carvajal:25,
,CONFIRMAR_USO_HISTORICO_STOCK_LECTURAS,d207017,25,2,15,2026-03-31 17:28:26,2026-04-27 10:14:19,Jonathan Carvajal:25,
,CONFIRMAR_USO_HISTORICO_STOCK_LECTURAS,d207018,25,1,2,2026-03-31 17:28:26,2026-04-27 10:14:19,Jonathan Carvajal:25,
,CONFIRMAR_USO_HISTORICO_STOCK_LECTURAS,d207019,25,2,8,2026-03-31 17:28:26,2026-04-27 10:14:19,Jonathan Carvajal:25,
,CONFIRMAR_USO_HISTORICO_STOCK_LECTURAS,d207030,25,1,3,2026-03-31 17:28:26,2026-04-27 10:14:19,Jonathan Carvajal:25,
,CONFIRMAR_USO_HISTORICO_STOCK_LECTURAS,d207034,25,2,8,2026-03-31 17:28:26,2026-04-27 10:14:19,Jonathan Carvajal:25,
,CONFIRMAR_USO_HISTORICO_STOCK_LECTURAS,d207035,25,2,14,2026-03-31 17:28:26,2026-04-27 10:14:19,Jonathan Carvajal:25,
,CONFIRMAR_USO_HISTORICO_STOCK_LECTURAS,d207036,25,3,25,2026-03-31 17:28:26,2026-04-27 10:14:19,Jonathan Carvajal:25,
,CONFIRMAR_USO_HISTORICO_STOCK_LECTURAS,d207038,25,2,20,2026-03-31 17:28:26,2026-04-27 10:14:19,Jonathan Carvajal:25,
,CONFIRMAR_USO_HISTORICO_STOCK_LECTURAS,d207041,25,2,3,2026-03-31 17:28:26,2026-04-27 10:14:19,Jonathan Carvajal:25,
,CONFIRMAR_USO_HISTORICO_STOCK_LECTURAS,d207042,25,2,5,2026-03-31 17:28:26,2026-04-27 10:14:19,Jonathan Carvajal:25,
,CONFIRMAR_USO_HISTORICO_STOCK_LECTURAS,d207044,25,2,4,2026-03-31 17:28:26,2026-04-27 10:14:19,Jonathan Carvajal:25,
,CONFIRMAR_USO_HISTORICO_STOCK_LECTURAS,d207045,25,3,11,2026-03-31 17:28:26,2026-04-27 10:14:19,Jonathan Carvajal:25,
,CONFIRMAR_USO_HISTORICO_STOCK_LECTURAS,d207048,25,1,2,2026-03-31 17:28:26,2026-04-27 10:14:19,Jonathan Carvajal:25,
,CONFIRMAR_USO_HISTORICO_STOCK_LECTURAS,d207049,25,0,1,2026-03-31 17:28:26,2026-04-27 10:14:19,Jonathan Carvajal:25,
,CONFIRMAR_USO_HISTORICO_STOCK_LECTURAS,d207050,25,0,1,2026-03-31 17:28:26,2026-04-27 10:14:19,Jonathan Carvajal:25,
,CONFIRMAR_USO_HISTORICO_STOCK_LECTURAS,d207052,25,2,7,2026-03-31 17:28:26,2026-04-27 10:14:19,Jonathan Carvajal:25,
,CONFIRMAR_USO_HISTORICO_STOCK_LECTURAS,d207053,25,1,5,2026-03-31 17:28:26,2026-04-27 10:14:19,Jonathan Carvajal:25,
,CONFIRMAR_USO_HISTORICO_STOCK_LECTURAS,d207056,25,2,6,2026-03-31 17:28:26,2026-04-27 10:14:19,Jonathan Carvajal:25,
,CONFIRMAR_USO_HISTORICO_STOCK_LECTURAS,d207057,25,1,2,2026-03-31 17:28:26,2026-04-27 10:14:19,Jonathan Carvajal:25,
,CONFIRMAR_USO_HISTORICO_STOCK_LECTURAS,d207058,25,1,1,2026-03-31 17:28:26,2026-04-27 10:14:19,Jonathan Carvajal:25,
,CONFIRMAR_USO_HISTORICO_STOCK_LECTURAS,d207059,25,1,2,2026-03-31 17:28:26,2026-04-27 10:14:19,Jonathan Carvajal:25,
,CONFIRMAR_USO_HISTORICO_STOCK_LECTURAS,d207060,25,2,8,2026-03-31 17:28:26,2026-04-27 10:14:19,Jonathan Carvajal:25,
,CONFIRMAR_USO_HISTORICO_STOCK_LECTURAS,d207066,25,2,7,2026-03-31 17:28:26,2026-04-27 10:14:19,Jonathan Carvajal:25,
,CONFIRMAR_USO_HISTORICO_STOCK_LECTURAS,d207067,25,2,5,2026-03-31 17:28:26,2026-04-27 10:14:19,Jonathan Carvajal:25,
,CONFIRMAR_USO_HISTORICO_STOCK_LECTURAS,d207070,25,2,5,2026-03-31 17:28:26,2026-04-27 10:14:19,Jonathan Carvajal:25,
,CONFIRMAR_USO_HISTORICO_STOCK_LECTURAS,d207088,25,2,4,2026-03-31 17:28:26,2026-04-27 10:14:19,Jonathan Carvajal:25,
,CONFIRMAR_USO_HISTORICO_STOCK_LECTURAS,d207089,25,1,2,2026-03-31 17:28:26,2026-04-27 10:14:19,Jonathan Carvajal:25,
,CONFIRMAR_USO_HISTORICO_STOCK_LECTURAS,d207090,25,1,1,2026-03-31 17:28:26,2026-04-27 10:14:19,Jonathan Carvajal:25,
,CONFIRMAR_USO_HISTORICO_STOCK_LECTURAS,d208003,25,1,2,2026-03-31 17:28:26,2026-04-27 10:14:19,Jonathan Carvajal:25,
,CONFIRMAR_USO_HISTORICO_STOCK_LECTURAS,d209012,25,1,1,2026-03-31 17:28:26,2026-04-27 10:14:19,Jonathan Carvajal:25,
,CONFIRMAR_USO_HISTORICO_STOCK_LECTURAS,d230017,25,1,2,2026-03-31 17:28:26,2026-04-27 10:14:19,Jonathan Carvajal:25,
,CONFIRMAR_USO_HISTORICO_STOCK_LECTURAS,d230024,25,1,4,2026-03-31 17:28:26,2026-04-27 10:14:19,Jonathan Carvajal:25,
,CONFIRMAR_USO_HISTORICO_STOCK_LECTURAS,d230031,25,1,3,2026-03-31 17:28:26,2026-04-27 10:14:19,Jonathan Carvajal:25,
,CONFIRMAR_USO_HISTORICO_STOCK_LECTURAS,d230051,25,1,2,2026-03-31 17:28:26,2026-04-27 10:14:19,Jonathan Carvajal:25,
,CONFIRMAR_USO_HISTORICO_STOCK_LECTURAS,d301002,25,1,2,2026-03-31 17:28:26,2026-04-27 10:14:19,Jonathan Carvajal:25,
,CONFIRMAR_USO_HISTORICO_STOCK_LECTURAS,d301018,25,1,6,2026-03-31 17:28:26,2026-04-27 10:14:19,Jonathan Carvajal:25,
,CONFIRMAR_USO_HISTORICO_STOCK_LECTURAS,d301023,25,1,2,2026-03-31 17:28:26,2026-04-27 10:14:19,Jonathan Carvajal:25,
,CONFIRMAR_USO_HISTORICO_STOCK_LECTURAS,d301026,25,1,1,2026-03-31 17:28:26,2026-04-27 10:14:19,Jonathan Carvajal:25,
,CONFIRMAR_USO_HISTORICO_STOCK_LECTURAS,d302057,25,0,1,2026-03-31 17:28:26,2026-04-27 10:14:19,Jonathan Carvajal:25,
,CONFIRMAR_USO_HISTORICO_STOCK_LECTURAS,d304009,25,1,1,2026-03-31 17:28:26,2026-04-27 10:14:19,Jonathan Carvajal:25,
,CONFIRMAR_USO_HISTORICO_STOCK_LECTURAS,d306022,25,1,5,2026-03-31 17:28:26,2026-04-27 10:14:19,Jonathan Carvajal:25,
,CONFIRMAR_USO_HISTORICO_STOCK_LECTURAS,d402002,25,1,2,2026-03-31 17:28:26,2026-04-27 10:14:19,Jonathan Carvajal:25,
,CONFIRMAR_USO_HISTORICO_STOCK_LECTURAS,d402004,25,1,1,2026-03-31 17:28:26,2026-04-27 10:14:19,Jonathan Carvajal:25,
,CONFIRMAR_USO_HISTORICO_STOCK_LECTURAS,d437882,25,1,1,2026-03-31 17:28:26,2026-04-27 10:14:19,Jonathan Carvajal:25,
,CONFIRMAR_USO_HISTORICO_STOCK_LECTURAS,d450002,25,1,3,2026-03-31 17:28:26,2026-04-27 10:14:19,Jonathan Carvajal:25,
,CONFIRMAR_USO_HISTORICO_STOCK_LECTURAS,d501009,25,1,1,2026-03-31 17:28:26,2026-04-27 10:14:19,Jonathan Carvajal:25,
,CONFIRMAR_USO_HISTORICO_STOCK_LECTURAS,d503003,25,1,3,2026-03-31 17:28:26,2026-04-27 10:14:19,Jonathan Carvajal:25,
,CONFIRMAR_USO_HISTORICO_STOCK_LECTURAS,d503005,25,1,1,2026-03-31 17:28:26,2026-04-27 10:14:19,Jonathan Carvajal:25,
,CONFIRMAR_USO_HISTORICO_STOCK_LECTURAS,d503012,25,4,5,2026-03-31 17:28:26,2026-04-27 10:14:19,Jonathan Carvajal:25,
,CONFIRMAR_USO_HISTORICO_STOCK_LECTURAS,d508002,25,1,3,2026-03-31 17:28:26,2026-04-27 10:14:19,Jonathan Carvajal:25,
,CONFIRMAR_USO_HISTORICO_STOCK_LECTURAS,d701021,25,1,2,2026-03-31 17:28:26,2026-04-27 10:14:19,Jonathan Carvajal:25,
,CONFIRMAR_USO_HISTORICO_STOCK_LECTURAS,d701026,25,1,1,2026-03-31 17:28:26,2026-04-27 10:14:19,Jonathan Carvajal:25,
,CONFIRMAR_USO_HISTORICO_STOCK_LECTURAS,d701028,25,1,7,2026-03-31 17:28:26,2026-04-27 10:14:19,Jonathan Carvajal:25,
,CONFIRMAR_USO_HISTORICO_STOCK_LECTURAS,d701033,25,1,7,2026-03-31 17:28:26,2026-04-27 10:14:19,Jonathan Carvajal:25,
,CONFIRMAR_USO_HISTORICO_STOCK_LECTURAS,d701035,25,2,11,2026-03-31 17:28:26,2026-04-27 10:14:19,Jonathan Carvajal:25,
,CONFIRMAR_USO_HISTORICO_STOCK_LECTURAS,d701036,25,1,1,2026-03-31 17:28:26,2026-04-27 10:14:19,Jonathan Carvajal:25,
,CONFIRMAR_USO_HISTORICO_STOCK_LECTURAS,d701037,25,0,7,2026-03-31 17:28:26,2026-04-27 10:14:19,Jonathan Carvajal:25,
,CONFIRMAR_USO_HISTORICO_STOCK_LECTURAS,d701045,25,1,5,2026-03-31 17:28:26,2026-04-27 10:14:19,Jonathan Carvajal:25,
,CONFIRMAR_USO_HISTORICO_STOCK_LECTURAS,d701046,25,0,1,2026-03-31 17:28:26,2026-04-27 10:14:19,Jonathan Carvajal:25,
,CONFIRMAR_USO_HISTORICO_STOCK_LECTURAS,d701047,25,1,2,2026-03-31 17:28:26,2026-04-27 10:14:19,Jonathan Carvajal:25,
,CONFIRMAR_USO_HISTORICO_STOCK_LECTURAS,d701054,25,1,1,2026-03-31 17:28:26,2026-04-27 10:14:19,Jonathan Carvajal:25,
,CONFIRMAR_USO_HISTORICO_STOCK_LECTURAS,d701055,25,1,2,2026-03-31 17:28:26,2026-04-27 10:14:19,Jonathan Carvajal:25,
,CONFIRMAR_USO_HISTORICO_STOCK_LECTURAS,d701056,25,1,1,2026-03-31 17:28:26,2026-04-27 10:14:19,Jonathan Carvajal:25,
,CONFIRMAR_USO_HISTORICO_STOCK_LECTURAS,d701059,25,1,2,2026-03-31 17:28:26,2026-04-27 10:14:19,Jonathan Carvajal:25,
,CONFIRMAR_USO_HISTORICO_STOCK_LECTURAS,d703007,25,0,2,2026-03-31 17:28:26,2026-04-27 10:14:19,Jonathan Carvajal:25,
,CONFIRMAR_USO_HISTORICO_STOCK_LECTURAS,d703012,25,1,3,2026-03-31 17:28:26,2026-04-27 10:14:19,Jonathan Carvajal:25,
,CONFIRMAR_USO_HISTORICO_STOCK_LECTURAS,d705009,25,1,2,2026-03-31 17:28:26,2026-04-27 10:14:19,Jonathan Carvajal:25,
,CONFIRMAR_USO_HISTORICO_STOCK_LECTURAS,d705010,25,1,3,2026-03-31 17:28:26,2026-04-27 10:14:19,Jonathan Carvajal:25,
,CONFIRMAR_USO_HISTORICO_STOCK_LECTURAS,d705014,25,1,4,2026-03-31 17:28:26,2026-04-27 10:14:19,Jonathan Carvajal:25,
,CONFIRMAR_USO_HISTORICO_STOCK_LECTURAS,d705015,25,2,10,2026-03-31 17:28:26,2026-04-27 10:14:19,Jonathan Carvajal:25,
,CONFIRMAR_USO_HISTORICO_STOCK_LECTURAS,d705028,25,0,1,2026-03-31 17:28:26,2026-04-27 10:14:19,Jonathan Carvajal:25,
,CONFIRMAR_USO_HISTORICO_STOCK_LECTURAS,d705050,25,1,1,2026-03-31 17:28:27,2026-04-27 10:14:19,Jonathan Carvajal:25,
,CONFIRMAR_USO_HISTORICO_STOCK_LECTURAS,d707024,25,1,2,2026-03-31 17:28:27,2026-04-27 10:14:19,Jonathan Carvajal:25,
,CONFIRMAR_USO_HISTORICO_STOCK_LECTURAS,d708007,25,1,2,2026-03-31 17:28:27,2026-04-27 10:14:19,Jonathan Carvajal:25,
,CONFIRMAR_USO_HISTORICO_STOCK_LECTURAS,d709018,25,3,7,2026-03-31 17:28:27,2026-04-27 10:14:19,Jonathan Carvajal:25,
,CONFIRMAR_USO_HISTORICO_STOCK_LECTURAS,d750002,25,1,2,2026-03-31 17:28:27,2026-04-27 10:14:19,Jonathan Carvajal:25,
,CONFIRMAR_USO_HISTORICO_STOCK_LECTURAS,d750005,25,1,5,2026-03-31 17:28:27,2026-04-27 10:14:19,Jonathan Carvajal:25,
,CONFIRMAR_USO_HISTORICO_STOCK_LECTURAS,d750006,25,1,7,2026-03-31 17:28:27,2026-04-27 10:14:19,Jonathan Carvajal:25,
,CONFIRMAR_USO_HISTORICO_STOCK_LECTURAS,d750010,25,1,4,2026-03-31 17:28:27,2026-04-27 10:14:19,Jonathan Carvajal:25,
,CONFIRMAR_USO_HISTORICO_STOCK_LECTURAS,d750011,25,1,5,2026-03-31 17:28:27,2026-04-27 10:14:19,Jonathan Carvajal:25,
,CONFIRMAR_USO_HISTORICO_STOCK_LECTURAS,d780003,25,1,3,2026-03-31 17:28:27,2026-04-27 10:14:19,Jonathan Carvajal:25,
,CONFIRMAR_USO_HISTORICO_STOCK_LECTURAS,d803007,25,1,1,2026-03-31 17:28:27,2026-04-27 10:14:19,Jonathan Carvajal:25,
,CONFIRMAR_USO_HISTORICO_STOCK_LECTURAS,d803011,25,0,15,2026-03-31 17:28:27,2026-04-27 10:14:19,Jonathan Carvajal:25,
,CONFIRMAR_USO_HISTORICO_STOCK_LECTURAS,d803025,25,1,9,2026-03-31 17:28:27,2026-04-27 10:14:19,Jonathan Carvajal:25,
,CONFIRMAR_USO_HISTORICO_STOCK_LECTURAS,d807021,25,1,1,2026-03-31 17:28:27,2026-04-27 10:14:19,Jonathan Carvajal:25,
,CONFIRMAR_USO_HISTORICO_STOCK_LECTURAS,d807037,25,1,1,2026-03-31 17:28:27,2026-04-27 10:14:19,Jonathan Carvajal:25,
,CONFIRMAR_USO_HISTORICO_STOCK_LECTURAS,d811003,25,1,4,2026-03-31 17:28:27,2026-04-27 10:14:19,Jonathan Carvajal:25,
,CONFIRMAR_USO_HISTORICO_STOCK_LECTURAS,d811006,25,0,2,2026-03-31 17:28:27,2026-04-27 10:14:19,Jonathan Carvajal:25,
,CONFIRMAR_USO_HISTORICO_STOCK_LECTURAS,d811020,25,0,2,2026-03-31 17:28:27,2026-04-27 10:14:19,Jonathan Carvajal:25,
,CONFIRMAR_USO_HISTORICO_STOCK_LECTURAS,d811021,25,2,11,2026-03-31 17:28:27,2026-04-27 10:14:19,Jonathan Carvajal:25,
,CONFIRMAR_USO_HISTORICO_STOCK_LECTURAS,d880002,25,1,3,2026-03-31 17:28:27,2026-04-27 10:14:19,Jonathan Carvajal:25,
,CONFIRMAR_USO_HISTORICO_STOCK_LECTURAS,d880003,25,1,4,2026-03-31 17:28:27,2026-04-27 10:14:19,Jonathan Carvajal:25,
,CONFIRMAR_USO_HISTORICO_STOCK_LECTURAS,d880005,25,1,1,2026-03-31 17:28:27,2026-04-27 10:14:19,Jonathan Carvajal:25,
,CONFIRMAR_USO_HISTORICO_STOCK_LECTURAS,d880007,25,2,9,2026-03-31 17:28:27,2026-04-27 10:14:19,Jonathan Carvajal:25,
,CONFIRMAR_USO_HISTORICO_STOCK_LECTURAS,d901037,25,0,1,2026-03-31 17:28:27,2026-04-27 10:14:19,Jonathan Carvajal:25,
,CONFIRMAR_USO_HISTORICO_STOCK_LECTURAS,d901044,25,1,4,2026-03-31 17:28:27,2026-04-27 10:14:19,Jonathan Carvajal:25,
,CONFIRMAR_USO_HISTORICO_STOCK_LECTURAS,dadodad020-2,25,0,2,2026-03-31 17:28:27,2026-04-27 10:14:19,Jonathan Carvajal:25,
,CONFIRMAR_USO_HISTORICO_STOCK_LECTURAS,dcce96,25,1,1,2026-03-31 17:28:27,2026-04-27 10:14:19,Jonathan Carvajal:25,
,CONFIRMAR_USO_HISTORICO_STOCK_LECTURAS,dcl52,25,1,8,2026-03-31 17:28:27,2026-04-27 10:14:19,Jonathan Carvajal:25,
,CONFIRMAR_USO_HISTORICO_STOCK_LECTURAS,dcmf26,25,1,2,2026-03-31 17:28:27,2026-04-27 10:14:19,Jonathan Carvajal:25,
,CONFIRMAR_USO_HISTORICO_STOCK_LECTURAS,dcso11,25,1,2,2026-03-31 17:28:27,2026-04-27 10:14:19,Jonathan Carvajal:25,
,CONFIRMAR_USO_HISTORICO_STOCK_LECTURAS,dd810bg,25,1,4,2026-03-31 17:28:27,2026-04-27 10:14:19,Jonathan Carvajal:25,
,CONFIRMAR_USO_HISTORICO_STOCK_LECTURAS,depfutacc048,25,0,1,2026-03-31 17:28:27,2026-04-27 10:14:19,Jonathan Carvajal:25,
,CONFIRMAR_USO_HISTORICO_STOCK_LECTURAS,depfutacc086,25,0,1,2026-03-31 17:28:27,2026-04-27 10:14:19,Jonathan Carvajal:25,
,CONFIRMAR_USO_HISTORICO_STOCK_LECTURAS,depfutbol001,25,0,1,2026-03-31 17:28:27,2026-04-27 10:14:19,Jonathan Carvajal:25,
,CONFIRMAR_USO_HISTORICO_STOCK_LECTURAS,depfutpet131,25,1,5,2026-03-31 17:28:27,2026-04-27 10:14:19,Jonathan Carvajal:25,
,CONFIRMAR_USO_HISTORICO_STOCK_LECTURAS,depgimbal039,25,2,24,2026-03-31 17:28:27,2026-04-27 10:14:19,Jonathan Carvajal:25,
,CONFIRMAR_USO_HISTORICO_STOCK_LECTURAS,depgimbal077,25,1,6,2026-03-31 17:28:27,2026-04-27 10:14:19,Jonathan Carvajal:25,
,CONFIRMAR_USO_HISTORICO_STOCK_LECTURAS,depgimbal082,25,1,10,2026-03-31 17:28:27,2026-04-27 10:14:19,Jonathan Carvajal:25,
,CONFIRMAR_USO_HISTORICO_STOCK_LECTURAS,depgimbal092,25,1,1,2026-03-31 17:28:27,2026-04-27 10:14:19,Jonathan Carvajal:25,
,CONFIRMAR_USO_HISTORICO_STOCK_LECTURAS,depgimman005,25,1,9,2026-03-31 17:28:27,2026-04-27 10:14:19,Jonathan Carvajal:25,
,CONFIRMAR_USO_HISTORICO_STOCK_LECTURAS,depgimmed080,25,0,1,2026-03-31 17:28:27,2026-04-27 10:14:19,Jonathan Carvajal:25,
,CONFIRMAR_USO_HISTORICO_STOCK_LECTURAS,depgimmed108,25,0,1,2026-03-31 17:28:27,2026-04-27 10:14:19,Jonathan Carvajal:25,
,CONFIRMAR_USO_HISTORICO_STOCK_LECTURAS,depgimste027,25,0,2,2026-03-31 17:28:27,2026-04-27 10:14:19,Jonathan Carvajal:25,
,CONFIRMAR_USO_HISTORICO_STOCK_LECTURAS,deppinpal125,25,1,1,2026-03-31 17:28:27,2026-04-27 10:14:19,Jonathan Carvajal:25,
,CONFIRMAR_USO_HISTORICO_STOCK_LECTURAS,deppinpal130,25,1,1,2026-03-31 17:28:27,2026-04-27 10:14:19,Jonathan Carvajal:25,
,CONFIRMAR_USO_HISTORICO_STOCK_LECTURAS,deppinpal152,25,1,1,2026-03-31 17:28:27,2026-04-27 10:14:19,Jonathan Carvajal:25,
,CONFIRMAR_USO_HISTORICO_STOCK_LECTURAS,depvolbal075,25,1,1,2026-03-31 17:28:27,2026-04-27 10:14:19,Jonathan Carvajal:25,
,CONFIRMAR_USO_HISTORICO_STOCK_LECTURAS,depvolbal137,25,1,3,2026-03-31 17:28:27,2026-04-27 10:14:19,Jonathan Carvajal:25,
,CONFIRMAR_USO_HISTORICO_STOCK_LECTURAS,depvolbal140,25,1,5,2026-03-31 17:28:27,2026-04-27 10:14:19,Jonathan Carvajal:25,
,CONFIRMAR_USO_HISTORICO_STOCK_LECTURAS,depvolmal002,25,0,1,2026-03-31 17:28:27,2026-04-27 10:14:19,Jonathan Carvajal:25,
,CONFIRMAR_USO_HISTORICO_STOCK_LECTURAS,disco22,25,1,9,2026-03-31 17:28:27,2026-04-27 10:14:19,Jonathan Carvajal:25,
,CONFIRMAR_USO_HISTORICO_STOCK_LECTURAS,dmn004,25,1,28,2026-03-31 17:28:27,2026-04-27 10:14:19,Jonathan Carvajal:25,
,CONFIRMAR_USO_HISTORICO_STOCK_LECTURAS,dpe001,25,1,2,2026-03-31 17:28:27,2026-04-27 10:14:19,Jonathan Carvajal:25,
,CONFIRMAR_USO_HISTORICO_STOCK_LECTURAS,dpe002,25,1,4,2026-03-31 17:28:27,2026-04-27 10:14:19,Jonathan Carvajal:25,
,CONFIRMAR_USO_HISTORICO_STOCK_LECTURAS,dpe005,25,1,2,2026-03-31 17:28:27,2026-04-27 10:14:19,Jonathan Carvajal:25,
,CONFIRMAR_USO_HISTORICO_STOCK_LECTURAS,dpt012,25,1,2,2026-03-31 17:28:27,2026-04-27 10:14:19,Jonathan Carvajal:25,
,CONFIRMAR_USO_HISTORICO_STOCK_LECTURAS,e-hnb720,25,1,1,2026-03-31 17:28:27,2026-04-27 10:14:19,Jonathan Carvajal:25,
,CONFIRMAR_USO_HISTORICO_STOCK_LECTURAS,e0884,25,1,1,2026-03-31 17:28:27,2026-04-27 10:14:19,Jonathan Carvajal:25,
,CONFIRMAR_USO_HISTORICO_STOCK_LECTURAS,e1756,25,0,2,2026-03-31 17:28:27,2026-04-27 10:14:19,Jonathan Carvajal:25,
,CONFIRMAR_USO_HISTORICO_STOCK_LECTURAS,e5044,25,1,1,2025-08-21 12:52:59,2025-10-22 12:14:26,Gerardo Mercier:25,
,CONFIRMAR_USO_HISTORICO_STOCK_LECTURAS,espa40,25,1,9,2026-03-31 17:28:27,2026-04-27 10:14:20,Jonathan Carvajal:25,
,CONFIRMAR_USO_HISTORICO_STOCK_LECTURAS,espadan012-1,25,2,84,2026-03-31 17:28:27,2026-04-27 10:14:20,Jonathan Carvajal:25,
,CONFIRMAR_USO_HISTORICO_STOCK_LECTURAS,f1077,25,0,2,2026-03-31 17:28:27,2026-04-27 10:14:20,Jonathan Carvajal:25,
,CONFIRMAR_USO_HISTORICO_STOCK_LECTURAS,f1079,25,1,3,2026-03-31 17:28:27,2026-04-27 10:14:20,Jonathan Carvajal:25,
,CONFIRMAR_USO_HISTORICO_STOCK_LECTURAS,f1260,25,1,2,2026-03-31 17:28:27,2026-04-27 10:14:20,Jonathan Carvajal:25,
,CONFIRMAR_USO_HISTORICO_STOCK_LECTURAS,f3639,25,1,1,2026-03-31 17:28:27,2026-04-27 10:14:20,Jonathan Carvajal:25,
,CONFIRMAR_USO_HISTORICO_STOCK_LECTURAS,f7697,25,1,1,2026-03-31 17:28:27,2026-04-27 10:14:20,Jonathan Carvajal:25,
,CONFIRMAR_USO_HISTORICO_STOCK_LECTURAS,fa056-1,25,1,1,2026-03-31 17:28:27,2026-04-27 10:14:20,Jonathan Carvajal:25,
,CONFIRMAR_USO_HISTORICO_STOCK_LECTURAS,fa089-1,25,0,1,2026-03-31 17:28:28,2026-04-27 10:14:20,Jonathan Carvajal:25,
,CONFIRMAR_USO_HISTORICO_STOCK_LECTURAS,fa192-1,25,1,3,2026-03-31 17:28:28,2026-04-27 10:14:20,Jonathan Carvajal:25,
,CONFIRMAR_USO_HISTORICO_STOCK_LECTURAS,fa195-1,25,1,1,2026-03-31 17:28:28,2026-04-27 10:14:20,Jonathan Carvajal:25,
,CONFIRMAR_USO_HISTORICO_STOCK_LECTURAS,fa336-1,25,1,2,2026-03-31 17:28:28,2026-04-27 10:14:20,Jonathan Carvajal:25,
,CONFIRMAR_USO_HISTORICO_STOCK_LECTURAS,fa360-1,25,1,1,2026-03-31 17:28:28,2026-04-27 10:14:20,Jonathan Carvajal:25,
,CONFIRMAR_USO_HISTORICO_STOCK_LECTURAS,fal115125,25,1,1,2026-03-31 17:28:28,2026-04-27 10:14:20,Jonathan Carvajal:25,
,CONFIRMAR_USO_HISTORICO_STOCK_LECTURAS,fd-1202pdb,25,1,2,2026-03-31 17:28:28,2026-04-27 10:14:20,Jonathan Carvajal:25,
,CONFIRMAR_USO_HISTORICO_STOCK_LECTURAS,ficomcue004,25,0,9,2026-03-31 17:28:28,2026-04-27 10:14:20,Jonathan Carvajal:25,
,CONFIRMAR_USO_HISTORICO_STOCK_LECTURAS,fiharbal010,25,1,2,2026-03-31 17:28:28,2026-04-27 10:14:20,Jonathan Carvajal:25,
,CONFIRMAR_USO_HISTORICO_STOCK_LECTURAS,fuaccsil001,25,0,2,2026-03-31 17:28:28,2026-04-27 10:14:20,Jonathan Carvajal:25,
,CONFIRMAR_USO_HISTORICO_STOCK_LECTURAS,fucompet001,25,1,11,2026-03-31 17:28:28,2026-04-27 10:14:20,Jonathan Carvajal:25,
,CONFIRMAR_USO_HISTORICO_STOCK_LECTURAS,fuindcam305,25,1,2,2026-03-31 17:28:28,2026-04-27 10:14:20,Jonathan Carvajal:25,
,CONFIRMAR_USO_HISTORICO_STOCK_LECTURAS,fujugsho090,25,0,1,2026-03-31 17:28:28,2026-04-27 10:14:20,Jonathan Carvajal:25,
,CONFIRMAR_USO_HISTORICO_STOCK_LECTURAS,fumedadu117,25,1,17,2026-03-31 17:28:28,2026-04-27 10:14:20,Jonathan Carvajal:25,
,CONFIRMAR_USO_HISTORICO_STOCK_LECTURAS,giacccin001,25,1,36,2026-03-31 17:28:28,2026-04-27 10:14:20,Jonathan Carvajal:25,
,CONFIRMAR_USO_HISTORICO_STOCK_LECTURAS,giacccue001,25,1,3,2026-03-31 17:28:28,2026-04-27 10:14:20,Jonathan Carvajal:25,
,CONFIRMAR_USO_HISTORICO_STOCK_LECTURAS,gym00697,25,0,1,2026-03-31 17:28:28,2026-04-27 10:14:20,Jonathan Carvajal:25,
,CONFIRMAR_USO_HISTORICO_STOCK_LECTURAS,habalama014,25,1,7,2026-03-31 17:28:28,2026-04-27 10:14:20,Jonathan Carvajal:25,
,CONFIRMAR_USO_HISTORICO_STOCK_LECTURAS,hb735700,25,1,1,2026-03-31 17:28:28,2026-04-27 10:14:20,Jonathan Carvajal:25,
,CONFIRMAR_USO_HISTORICO_STOCK_LECTURAS,hbqqcadena,25,0,2,2026-03-31 17:28:28,2026-04-27 10:14:20,Jonathan Carvajal:25,
,CONFIRMAR_USO_HISTORICO_STOCK_LECTURAS,hl-59,25,1,5,2026-03-31 17:28:28,2026-04-27 10:14:20,Jonathan Carvajal:25,
,CONFIRMAR_USO_HISTORICO_STOCK_LECTURAS,imanedu003,25,1,2,2026-03-31 17:28:28,2026-04-27 10:14:20,Jonathan Carvajal:25,
,CONFIRMAR_USO_HISTORICO_STOCK_LECTURAS,insttal003,25,1,1,2026-03-31 17:28:28,2026-04-27 10:14:20,Jonathan Carvajal:25,
,CONFIRMAR_USO_HISTORICO_STOCK_LECTURAS,insttal008,25,1,1,2026-03-31 17:28:28,2026-04-27 10:14:20,Jonathan Carvajal:25,
,CONFIRMAR_USO_HISTORICO_STOCK_LECTURAS,insttal009,25,2,6,2026-03-31 17:28:28,2026-04-27 10:14:20,Jonathan Carvajal:25,
,CONFIRMAR_USO_HISTORICO_STOCK_LECTURAS,insttal015,25,1,2,2026-03-31 17:28:28,2026-04-27 10:14:20,Jonathan Carvajal:25,
,CONFIRMAR_USO_HISTORICO_STOCK_LECTURAS,insttal018,25,0,5,2026-03-31 17:28:28,2026-04-27 10:14:20,Jonathan Carvajal:25,
,CONFIRMAR_USO_HISTORICO_STOCK_LECTURAS,insttal024,25,1,5,2026-03-31 17:28:28,2026-04-27 10:14:20,Jonathan Carvajal:25,
,CONFIRMAR_USO_HISTORICO_STOCK_LECTURAS,insttal027,25,1,1,2026-03-31 17:28:28,2026-04-27 10:14:20,Jonathan Carvajal:25,
,CONFIRMAR_USO_HISTORICO_STOCK_LECTURAS,insttal039,25,1,2,2026-03-31 17:28:28,2026-04-27 10:14:20,Jonathan Carvajal:25,
,CONFIRMAR_USO_HISTORICO_STOCK_LECTURAS,insttal041,25,0,2,2026-03-31 17:28:28,2026-04-27 10:14:20,Jonathan Carvajal:25,
,CONFIRMAR_USO_HISTORICO_STOCK_LECTURAS,insttal042,25,0,1,2026-03-31 17:28:28,2026-04-27 10:14:20,Jonathan Carvajal:25,
,CONFIRMAR_USO_HISTORICO_STOCK_LECTURAS,insttal048,25,1,2,2026-03-31 17:28:28,2026-04-27 10:14:20,Jonathan Carvajal:25,
,CONFIRMAR_USO_HISTORICO_STOCK_LECTURAS,ja0345158,25,1,1,2026-03-31 17:28:28,2026-04-27 10:14:20,Jonathan Carvajal:25,
,CONFIRMAR_USO_HISTORICO_STOCK_LECTURAS,jg-054,25,1,3,2026-03-31 17:28:28,2026-04-27 10:14:20,Jonathan Carvajal:25,
,CONFIRMAR_USO_HISTORICO_STOCK_LECTURAS,jg-9074,25,1,2,2026-03-31 17:28:28,2026-04-27 10:14:20,Jonathan Carvajal:25,
,CONFIRMAR_USO_HISTORICO_STOCK_LECTURAS,jg-9223,25,1,4,2026-03-31 17:28:28,2026-04-27 10:14:20,Jonathan Carvajal:25,
,CONFIRMAR_USO_HISTORICO_STOCK_LECTURAS,jg-9353,25,1,3,2026-03-31 17:28:28,2026-04-27 10:14:20,Jonathan Carvajal:25,
,CONFIRMAR_USO_HISTORICO_STOCK_LECTURAS,jhtoy-171-2,25,1,2,2026-03-31 17:28:28,2026-04-27 10:14:20,Jonathan Carvajal:25,
,CONFIRMAR_USO_HISTORICO_STOCK_LECTURAS,jhtoy-196,25,1,1,2026-03-31 17:28:28,2026-04-27 10:14:20,Jonathan Carvajal:25,
,CONFIRMAR_USO_HISTORICO_STOCK_LECTURAS,jhtoy-636,25,1,3,2026-03-31 17:28:28,2026-04-27 10:14:20,Jonathan Carvajal:25,
,CONFIRMAR_USO_HISTORICO_STOCK_LECTURAS,jhtoy-656,25,1,3,2026-03-31 17:28:28,2026-04-27 10:14:20,Jonathan Carvajal:25,
,CONFIRMAR_USO_HISTORICO_STOCK_LECTURAS,jpreguntoso,25,1,1,2026-03-31 17:28:28,2026-04-27 10:14:20,Jonathan Carvajal:25,
,CONFIRMAR_USO_HISTORICO_STOCK_LECTURAS,ju21-09,25,1,1,2026-03-31 17:28:28,2026-04-27 10:14:20,Jonathan Carvajal:25,
,CONFIRMAR_USO_HISTORICO_STOCK_LECTURAS,jueast505,25,0,1,2026-03-31 17:28:28,2026-04-27 10:14:20,Jonathan Carvajal:25,
,CONFIRMAR_USO_HISTORICO_STOCK_LECTURAS,juegact1802,25,0,258,2026-03-31 17:28:28,2026-04-27 10:14:20,Jonathan Carvajal:25,
,CONFIRMAR_USO_HISTORICO_STOCK_LECTURAS,juegana108,25,1,1,2026-03-31 17:28:28,2026-04-27 10:14:20,Jonathan Carvajal:25,
,CONFIRMAR_USO_HISTORICO_STOCK_LECTURAS,juegbas090,25,1,3,2026-03-31 17:28:28,2026-04-27 10:14:20,Jonathan Carvajal:25,
,CONFIRMAR_USO_HISTORICO_STOCK_LECTURAS,juegbas178,25,0,1,2026-03-31 17:28:28,2026-04-27 10:14:20,Jonathan Carvajal:25,
,CONFIRMAR_USO_HISTORICO_STOCK_LECTURAS,juegbas181,25,0,1,2026-03-31 17:28:28,2026-04-27 10:14:20,Jonathan Carvajal:25,
,CONFIRMAR_USO_HISTORICO_STOCK_LECTURAS,juegbas189,25,1,1,2026-03-31 17:28:28,2026-04-27 10:14:20,Jonathan Carvajal:25,
,CONFIRMAR_USO_HISTORICO_STOCK_LECTURAS,juegbas225,25,2,3,2026-03-31 17:28:28,2026-04-27 10:14:20,Jonathan Carvajal:25,
,CONFIRMAR_USO_HISTORICO_STOCK_LECTURAS,juegbas233,25,1,2,2026-03-31 17:28:28,2026-04-27 10:14:20,Jonathan Carvajal:25,
,CONFIRMAR_USO_HISTORICO_STOCK_LECTURAS,juegbas254-326,25,1,1,2026-03-31 17:28:29,2026-04-27 10:14:20,Jonathan Carvajal:25,
,CONFIRMAR_USO_HISTORICO_STOCK_LECTURAS,juegbas255,25,0,1,2026-03-31 17:28:29,2026-04-27 10:14:20,Jonathan Carvajal:25,
,CONFIRMAR_USO_HISTORICO_STOCK_LECTURAS,juegbas261,25,1,2,2026-03-31 17:28:29,2026-04-27 10:14:20,Jonathan Carvajal:25,
,CONFIRMAR_USO_HISTORICO_STOCK_LECTURAS,juegbas265,25,0,9,2026-03-31 17:28:29,2026-04-27 10:14:20,Jonathan Carvajal:25,
,CONFIRMAR_USO_HISTORICO_STOCK_LECTURAS,juegbas266,25,1,1,2026-03-31 17:28:29,2026-04-27 10:14:20,Jonathan Carvajal:25,
,CONFIRMAR_USO_HISTORICO_STOCK_LECTURAS,juegbas270,25,0,1,2026-03-31 17:28:29,2026-04-27 10:14:20,Jonathan Carvajal:25,
,CONFIRMAR_USO_HISTORICO_STOCK_LECTURAS,juegbas273,25,1,5,2026-03-31 17:28:29,2026-04-27 10:14:20,Jonathan Carvajal:25,
,CONFIRMAR_USO_HISTORICO_STOCK_LECTURAS,juegbas292,25,1,1,2026-03-31 17:28:29,2026-04-27 10:14:20,Jonathan Carvajal:25,
,CONFIRMAR_USO_HISTORICO_STOCK_LECTURAS,juegbas305,25,1,2,2026-03-31 17:28:29,2026-04-27 10:14:20,Jonathan Carvajal:25,
,CONFIRMAR_USO_HISTORICO_STOCK_LECTURAS,juegbas327,25,1,9,2026-03-31 17:28:29,2026-04-27 10:14:20,Jonathan Carvajal:25,
,CONFIRMAR_USO_HISTORICO_STOCK_LECTURAS,juegbas338,25,1,2,2026-03-31 17:28:29,2026-04-27 10:14:20,Jonathan Carvajal:25,
,CONFIRMAR_USO_HISTORICO_STOCK_LECTURAS,juegbas338-1,25,1,10,2026-03-31 17:28:29,2026-04-27 10:14:20,Jonathan Carvajal:25,
,CONFIRMAR_USO_HISTORICO_STOCK_LECTURAS,juegbas421,25,1,1,2026-03-31 17:28:29,2026-04-27 10:14:20,Jonathan Carvajal:25,
,CONFIRMAR_USO_HISTORICO_STOCK_LECTURAS,juegbas424,25,1,8,2026-03-31 17:28:29,2026-04-27 10:14:20,Jonathan Carvajal:25,
,CONFIRMAR_USO_HISTORICO_STOCK_LECTURAS,juegbas463,25,1,2,2026-03-31 17:28:29,2026-04-27 10:14:20,Jonathan Carvajal:25,
,CONFIRMAR_USO_HISTORICO_STOCK_LECTURAS,juegbas467,25,0,1,2026-03-31 17:28:29,2026-04-27 10:14:20,Jonathan Carvajal:25,
,CONFIRMAR_USO_HISTORICO_STOCK_LECTURAS,juegbas518,25,0,4,2026-03-31 17:28:29,2026-04-27 10:14:20,Jonathan Carvajal:25,
,CONFIRMAR_USO_HISTORICO_STOCK_LECTURAS,juegbas523,25,1,1,2026-03-31 17:28:29,2026-04-27 10:14:20,Jonathan Carvajal:25,
,CONFIRMAR_USO_HISTORICO_STOCK_LECTURAS,juegbas532,25,1,1,2026-03-31 17:28:29,2026-04-27 10:14:20,Jonathan Carvajal:25,
,CONFIRMAR_USO_HISTORICO_STOCK_LECTURAS,juegbas541,25,1,1,2026-03-31 17:28:29,2026-04-27 10:14:20,Jonathan Carvajal:25,
,CONFIRMAR_USO_HISTORICO_STOCK_LECTURAS,juegbas551,25,2,8,2026-03-31 17:28:29,2026-04-27 10:14:20,Jonathan Carvajal:25,
,CONFIRMAR_USO_HISTORICO_STOCK_LECTURAS,juegbas553,25,1,1,2026-03-31 17:28:29,2026-04-27 10:14:20,Jonathan Carvajal:25,
,CONFIRMAR_USO_HISTORICO_STOCK_LECTURAS,juegbas632,25,0,1,2026-03-31 17:28:29,2026-04-27 10:14:20,Jonathan Carvajal:25,
,CONFIRMAR_USO_HISTORICO_STOCK_LECTURAS,juegbas637,25,0,1,2026-03-31 17:28:29,2026-04-27 10:14:20,Jonathan Carvajal:25,
,CONFIRMAR_USO_HISTORICO_STOCK_LECTURAS,juegbas647,25,0,1,2026-03-31 17:28:29,2026-04-27 10:14:20,Jonathan Carvajal:25,
,CONFIRMAR_USO_HISTORICO_STOCK_LECTURAS,juegbas649,25,0,1,2026-03-31 17:28:29,2026-04-27 10:14:20,Jonathan Carvajal:25,
,CONFIRMAR_USO_HISTORICO_STOCK_LECTURAS,juegbei006,25,2,10,2026-03-31 17:28:29,2026-04-27 10:14:20,Jonathan Carvajal:25,
,CONFIRMAR_USO_HISTORICO_STOCK_LECTURAS,juegbei007,25,0,1,2026-03-31 17:28:29,2026-04-27 10:14:20,Jonathan Carvajal:25,
,CONFIRMAR_USO_HISTORICO_STOCK_LECTURAS,juegbha002,25,0,1,2026-03-31 17:28:29,2026-04-27 10:14:20,Jonathan Carvajal:25,
,CONFIRMAR_USO_HISTORICO_STOCK_LECTURAS,juegbha008,25,0,4,2026-03-31 17:28:29,2026-04-27 10:14:20,Jonathan Carvajal:25,
,CONFIRMAR_USO_HISTORICO_STOCK_LECTURAS,juegbha010,25,1,1,2026-03-31 17:28:29,2026-04-27 10:14:20,Jonathan Carvajal:25,
,CONFIRMAR_USO_HISTORICO_STOCK_LECTURAS,juegbha016,25,0,1,2026-03-31 17:28:29,2026-04-27 10:14:20,Jonathan Carvajal:25,
,CONFIRMAR_USO_HISTORICO_STOCK_LECTURAS,juegbha017,25,1,1,2026-03-31 17:28:29,2026-04-27 10:14:20,Jonathan Carvajal:25,
,CONFIRMAR_USO_HISTORICO_STOCK_LECTURAS,juegbha019,25,0,1,2026-03-31 17:28:29,2026-04-27 10:14:20,Jonathan Carvajal:25,
,CONFIRMAR_USO_HISTORICO_STOCK_LECTURAS,juegbha020,25,2,12,2026-03-31 17:28:29,2026-04-27 10:14:20,Jonathan Carvajal:25,
,CONFIRMAR_USO_HISTORICO_STOCK_LECTURAS,juegbha032,25,1,2,2026-03-31 17:28:29,2026-04-27 10:14:20,Jonathan Carvajal:25,
,CONFIRMAR_USO_HISTORICO_STOCK_LECTURAS,juegbha043-1,25,1,1,2026-03-31 17:28:29,2026-04-27 10:14:20,Jonathan Carvajal:25,
,CONFIRMAR_USO_HISTORICO_STOCK_LECTURAS,juegbha045,25,0,9,2026-03-31 17:28:29,2026-04-27 10:14:20,Jonathan Carvajal:25,
,CONFIRMAR_USO_HISTORICO_STOCK_LECTURAS,juegbha052,25,1,2,2026-03-31 17:28:29,2026-04-27 10:14:20,Jonathan Carvajal:25,
,CONFIRMAR_USO_HISTORICO_STOCK_LECTURAS,juegbha053,25,1,1,2026-03-31 17:28:29,2026-04-27 10:14:20,Jonathan Carvajal:25,
,CONFIRMAR_USO_HISTORICO_STOCK_LECTURAS,juegbha055,25,1,12,2026-03-31 17:28:29,2026-04-27 10:14:20,Jonathan Carvajal:25,
,CONFIRMAR_USO_HISTORICO_STOCK_LECTURAS,juegcai001,25,0,1,2026-03-31 17:28:29,2026-04-27 10:14:20,Jonathan Carvajal:25,
,CONFIRMAR_USO_HISTORICO_STOCK_LECTURAS,juegcai007,25,1,2,2026-03-31 17:28:29,2026-04-27 10:14:20,Jonathan Carvajal:25,
,CONFIRMAR_USO_HISTORICO_STOCK_LECTURAS,juegcai009,25,1,1,2026-03-31 17:28:29,2026-04-27 10:14:20,Jonathan Carvajal:25,
,CONFIRMAR_USO_HISTORICO_STOCK_LECTURAS,juegcai010,25,1,1,2026-03-31 17:28:29,2026-04-27 10:14:20,Jonathan Carvajal:25,
,CONFIRMAR_USO_HISTORICO_STOCK_LECTURAS,juegcai015-1,25,0,1,2026-03-31 17:28:29,2026-04-27 10:14:20,Jonathan Carvajal:25,
,CONFIRMAR_USO_HISTORICO_STOCK_LECTURAS,juegcai019,25,1,2,2026-03-31 17:28:29,2026-04-27 10:14:20,Jonathan Carvajal:25,
,CONFIRMAR_USO_HISTORICO_STOCK_LECTURAS,juegcai020,25,1,1,2026-03-31 17:28:29,2026-04-27 10:14:20,Jonathan Carvajal:25,
,CONFIRMAR_USO_HISTORICO_STOCK_LECTURAS,juegcai022,25,1,3,2026-03-31 17:28:29,2026-04-27 10:14:20,Jonathan Carvajal:25,
,CONFIRMAR_USO_HISTORICO_STOCK_LECTURAS,juegcai029,25,1,1,2026-03-31 17:28:29,2026-04-27 10:14:20,Jonathan Carvajal:25,
,CONFIRMAR_USO_HISTORICO_STOCK_LECTURAS,juegcai048-1,25,1,8,2026-03-31 17:28:29,2026-04-27 10:14:20,Jonathan Carvajal:25,
,CONFIRMAR_USO_HISTORICO_STOCK_LECTURAS,juegcai057,25,1,1,2026-03-31 17:28:29,2026-04-27 10:14:20,Jonathan Carvajal:25,
,CONFIRMAR_USO_HISTORICO_STOCK_LECTURAS,juegcai061,25,0,3,2026-03-31 17:28:29,2026-04-27 10:14:20,Jonathan Carvajal:25,
,CONFIRMAR_USO_HISTORICO_STOCK_LECTURAS,juegcai097,25,1,1,2026-03-31 17:28:29,2026-04-27 10:14:20,Jonathan Carvajal:25,
,CONFIRMAR_USO_HISTORICO_STOCK_LECTURAS,juegcai106,25,1,1,2026-03-31 17:28:29,2026-04-27 10:14:20,Jonathan Carvajal:25,
,CONFIRMAR_USO_HISTORICO_STOCK_LECTURAS,juegcl1101585,25,0,9,2026-03-31 17:28:29,2026-04-27 10:14:20,Jonathan Carvajal:25,
,CONFIRMAR_USO_HISTORICO_STOCK_LECTURAS,juegcl1156783,25,1,1,2026-03-31 17:28:29,2026-04-27 10:14:20,Jonathan Carvajal:25,
,CONFIRMAR_USO_HISTORICO_STOCK_LECTURAS,juegcl1184724,25,1,4,2026-03-31 17:28:29,2026-04-27 10:14:20,Jonathan Carvajal:25,
,CONFIRMAR_USO_HISTORICO_STOCK_LECTURAS,juegcl1191524,25,1,2,2026-03-31 17:28:29,2026-04-27 10:14:20,Jonathan Carvajal:25,
,CONFIRMAR_USO_HISTORICO_STOCK_LECTURAS,juegcl1216555,25,1,5,2026-03-31 17:28:29,2026-04-27 10:14:20,Jonathan Carvajal:25,
,CONFIRMAR_USO_HISTORICO_STOCK_LECTURAS,juegcl3025902,25,1,1,2026-03-31 17:28:29,2026-04-27 10:14:20,Jonathan Carvajal:25,
,CONFIRMAR_USO_HISTORICO_STOCK_LECTURAS,juegcl3831091,25,1,2,2026-03-31 17:28:29,2026-04-27 10:14:20,Jonathan Carvajal:25,
,CONFIRMAR_USO_HISTORICO_STOCK_LECTURAS,juegcl3906904,25,2,7,2026-03-31 17:28:29,2026-04-27 10:14:20,Jonathan Carvajal:25,
,CONFIRMAR_USO_HISTORICO_STOCK_LECTURAS,juegcl3909295,25,1,7,2026-03-31 17:28:29,2026-04-27 10:14:20,Jonathan Carvajal:25,
,CONFIRMAR_USO_HISTORICO_STOCK_LECTURAS,juegcl3964997,25,0,1,2026-03-31 17:28:29,2026-04-27 10:14:20,Jonathan Carvajal:25,
,CONFIRMAR_USO_HISTORICO_STOCK_LECTURAS,juegcl3990415,25,1,3,2026-03-31 17:28:29,2026-04-27 10:14:20,Jonathan Carvajal:25,
,CONFIRMAR_USO_HISTORICO_STOCK_LECTURAS,juegcl4006306,25,1,2,2026-03-31 17:28:29,2026-04-27 10:14:20,Jonathan Carvajal:25,
,CONFIRMAR_USO_HISTORICO_STOCK_LECTURAS,juegcl4008447,25,1,2,2026-03-31 17:28:30,2026-04-27 10:14:20,Jonathan Carvajal:25,
,CONFIRMAR_USO_HISTORICO_STOCK_LECTURAS,juegcl4010945,25,1,1,2026-03-31 17:28:30,2026-04-27 10:14:20,Jonathan Carvajal:25,
,CONFIRMAR_USO_HISTORICO_STOCK_LECTURAS,juegcl4015186,25,1,1,2026-03-31 17:28:30,2026-04-27 10:14:20,Jonathan Carvajal:25,
,CONFIRMAR_USO_HISTORICO_STOCK_LECTURAS,juegcl4015407,25,1,1,2026-03-31 17:28:30,2026-04-27 10:14:20,Jonathan Carvajal:25,
,CONFIRMAR_USO_HISTORICO_STOCK_LECTURAS,juegcl4015421,25,0,4,2026-03-31 17:28:30,2026-04-27 10:14:20,Jonathan Carvajal:25,
,CONFIRMAR_USO_HISTORICO_STOCK_LECTURAS,juegcl4015469,25,1,2,2026-03-31 17:28:30,2026-04-27 10:14:20,Jonathan Carvajal:25,
,CONFIRMAR_USO_HISTORICO_STOCK_LECTURAS,juegcl4015476,25,3,5,2026-03-31 17:28:30,2026-04-27 10:14:20,Jonathan Carvajal:25,
,CONFIRMAR_USO_HISTORICO_STOCK_LECTURAS,juegcl4015643,25,1,1,2026-03-31 17:28:30,2026-04-27 10:14:20,Jonathan Carvajal:25,
,CONFIRMAR_USO_HISTORICO_STOCK_LECTURAS,juegcl4015650,25,1,1,2026-03-31 17:28:30,2026-04-27 10:14:20,Jonathan Carvajal:25,
,CONFIRMAR_USO_HISTORICO_STOCK_LECTURAS,juegcl4015742,25,1,1,2026-03-31 17:28:30,2026-04-27 10:14:20,Jonathan Carvajal:25,
,CONFIRMAR_USO_HISTORICO_STOCK_LECTURAS,juegcl4015797,25,1,4,2026-03-31 17:28:30,2026-04-27 10:14:20,Jonathan Carvajal:25,
,CONFIRMAR_USO_HISTORICO_STOCK_LECTURAS,juegcl4016039,25,1,1,2026-03-31 17:28:30,2026-04-27 10:14:20,Jonathan Carvajal:25,
,CONFIRMAR_USO_HISTORICO_STOCK_LECTURAS,juegcl4040478,25,1,4,2026-03-31 17:28:30,2026-04-27 10:14:20,Jonathan Carvajal:25,
,CONFIRMAR_USO_HISTORICO_STOCK_LECTURAS,juegcl4040515,25,1,6,2026-03-31 17:28:30,2026-04-27 10:14:20,Jonathan Carvajal:25,
,CONFIRMAR_USO_HISTORICO_STOCK_LECTURAS,juegcl4043202,25,2,3,2026-03-31 17:28:30,2026-04-27 10:14:20,Jonathan Carvajal:25,
,CONFIRMAR_USO_HISTORICO_STOCK_LECTURAS,juegcl4044391,25,1,1,2026-03-31 17:28:30,2026-04-27 10:14:20,Jonathan Carvajal:25,
,CONFIRMAR_USO_HISTORICO_STOCK_LECTURAS,juegcl4045268,25,1,3,2026-03-31 17:28:30,2026-04-27 10:14:20,Jonathan Carvajal:25,
,CONFIRMAR_USO_HISTORICO_STOCK_LECTURAS,juegcl4198087,25,1,3,2026-03-31 17:28:30,2026-04-27 10:14:20,Jonathan Carvajal:25,
,CONFIRMAR_USO_HISTORICO_STOCK_LECTURAS,juegcl4315422,25,1,1,2026-03-31 17:28:30,2026-04-27 10:14:20,Jonathan Carvajal:25,
,CONFIRMAR_USO_HISTORICO_STOCK_LECTURAS,juegcl4422403,25,1,4,2026-03-31 17:28:30,2026-04-27 10:14:20,Jonathan Carvajal:25,
,CONFIRMAR_USO_HISTORICO_STOCK_LECTURAS,juegcl4438695,25,1,2,2026-03-31 17:28:30,2026-04-27 10:14:20,Jonathan Carvajal:25,
,CONFIRMAR_USO_HISTORICO_STOCK_LECTURAS,juegcl736180-1,25,1,3,2026-03-31 17:28:30,2026-04-27 10:14:20,Jonathan Carvajal:25,
,CONFIRMAR_USO_HISTORICO_STOCK_LECTURAS,juegcub019,25,0,1,2026-03-31 17:28:30,2026-04-27 10:14:20,Jonathan Carvajal:25,
,CONFIRMAR_USO_HISTORICO_STOCK_LECTURAS,juegcub028,25,1,2,2026-03-31 17:28:30,2026-04-27 10:14:20,Jonathan Carvajal:25,
,CONFIRMAR_USO_HISTORICO_STOCK_LECTURAS,juegcub055,25,1,1,2026-03-31 17:28:30,2026-04-27 10:14:20,Jonathan Carvajal:25,
,CONFIRMAR_USO_HISTORICO_STOCK_LECTURAS,juegcub110,25,1,5,2026-03-31 17:28:30,2026-04-27 10:14:20,Jonathan Carvajal:25,
,CONFIRMAR_USO_HISTORICO_STOCK_LECTURAS,juegcub121,25,0,2,2026-03-31 17:28:30,2026-04-27 10:14:20,Jonathan Carvajal:25,
,CONFIRMAR_USO_HISTORICO_STOCK_LECTURAS,juegdad023,25,0,3,2026-03-31 17:28:30,2026-04-27 10:14:20,Jonathan Carvajal:25,
,CONFIRMAR_USO_HISTORICO_STOCK_LECTURAS,juegdad041,25,1,35,2026-03-31 17:28:30,2026-04-27 10:14:20,Jonathan Carvajal:25,
,CONFIRMAR_USO_HISTORICO_STOCK_LECTURAS,juegdup012,25,1,1,2026-03-31 17:28:30,2026-04-27 10:14:20,Jonathan Carvajal:25,
,CONFIRMAR_USO_HISTORICO_STOCK_LECTURAS,juegdup017,25,0,1,2026-03-31 17:28:30,2026-04-27 10:14:20,Jonathan Carvajal:25,
,CONFIRMAR_USO_HISTORICO_STOCK_LECTURAS,juegdup072,25,1,5,2026-03-31 17:28:30,2026-04-27 10:14:20,Jonathan Carvajal:25,
,CONFIRMAR_USO_HISTORICO_STOCK_LECTURAS,juegedu062,25,1,1,2026-03-31 17:28:30,2026-04-27 10:14:20,Jonathan Carvajal:25,
,CONFIRMAR_USO_HISTORICO_STOCK_LECTURAS,juegexc008,25,0,3,2026-03-31 17:28:30,2026-04-27 10:14:20,Jonathan Carvajal:25,
,CONFIRMAR_USO_HISTORICO_STOCK_LECTURAS,juegexc008-2,25,1,53,2026-03-31 17:28:30,2026-04-27 10:14:20,Jonathan Carvajal:25,
,CONFIRMAR_USO_HISTORICO_STOCK_LECTURAS,juegfun001,25,1,7,2026-03-31 17:28:30,2026-04-27 10:14:20,Jonathan Carvajal:25,
,CONFIRMAR_USO_HISTORICO_STOCK_LECTURAS,juegfun003,25,1,1,2026-03-31 17:28:30,2026-04-27 10:14:20,Jonathan Carvajal:25,
,CONFIRMAR_USO_HISTORICO_STOCK_LECTURAS,juegfun017,25,1,1,2026-03-31 17:28:30,2026-04-27 10:14:20,Jonathan Carvajal:25,
,CONFIRMAR_USO_HISTORICO_STOCK_LECTURAS,juegfun018,25,1,1,2026-03-31 17:28:30,2026-04-27 10:14:20,Jonathan Carvajal:25,
,CONFIRMAR_USO_HISTORICO_STOCK_LECTURAS,juegfun030,25,1,1,2026-03-31 17:28:30,2026-04-27 10:14:20,Jonathan Carvajal:25,
,CONFIRMAR_USO_HISTORICO_STOCK_LECTURAS,juegfun038,25,0,1,2026-03-31 17:28:30,2026-04-27 10:14:20,Jonathan Carvajal:25,
,CONFIRMAR_USO_HISTORICO_STOCK_LECTURAS,juegfun059,25,1,2,2026-03-31 17:28:30,2026-04-27 10:14:20,Jonathan Carvajal:25,
,CONFIRMAR_USO_HISTORICO_STOCK_LECTURAS,juegfun060,25,1,15,2026-03-31 17:28:30,2026-04-27 10:14:20,Jonathan Carvajal:25,
,CONFIRMAR_USO_HISTORICO_STOCK_LECTURAS,juegfun075,25,1,1,2026-03-31 17:28:30,2026-04-27 10:14:20,Jonathan Carvajal:25,
,CONFIRMAR_USO_HISTORICO_STOCK_LECTURAS,juegfun081,25,1,4,2026-03-31 17:28:30,2026-04-27 10:14:20,Jonathan Carvajal:25,
,CONFIRMAR_USO_HISTORICO_STOCK_LECTURAS,juegfun082,25,1,1,2026-03-31 17:28:30,2026-04-27 10:14:20,Jonathan Carvajal:25,
,CONFIRMAR_USO_HISTORICO_STOCK_LECTURAS,juegfun083,25,1,3,2026-03-31 17:28:30,2026-04-27 10:14:20,Jonathan Carvajal:25,
,CONFIRMAR_USO_HISTORICO_STOCK_LECTURAS,jueggen007,25,1,4,2026-03-31 17:28:30,2026-04-27 10:14:20,Jonathan Carvajal:25,
,CONFIRMAR_USO_HISTORICO_STOCK_LECTURAS,jueggen033,25,1,1,2026-03-31 17:28:30,2026-04-27 10:14:20,Jonathan Carvajal:25,
,CONFIRMAR_USO_HISTORICO_STOCK_LECTURAS,jueggod001,25,1,3,2026-03-31 17:28:30,2026-04-27 10:14:20,Jonathan Carvajal:25,
,CONFIRMAR_USO_HISTORICO_STOCK_LECTURAS,jueggod011,25,1,2,2026-03-31 17:28:30,2026-04-27 10:14:20,Jonathan Carvajal:25,
,CONFIRMAR_USO_HISTORICO_STOCK_LECTURAS,jueggod032,25,1,1,2026-03-31 17:28:30,2026-04-27 10:14:20,Jonathan Carvajal:25,
,CONFIRMAR_USO_HISTORICO_STOCK_LECTURAS,jueggod033,25,1,1,2026-03-31 17:28:30,2026-04-27 10:14:20,Jonathan Carvajal:25,
,CONFIRMAR_USO_HISTORICO_STOCK_LECTURAS,jueggod043,25,0,1,2026-03-31 17:28:30,2026-04-27 10:14:20,Jonathan Carvajal:25,
,CONFIRMAR_USO_HISTORICO_STOCK_LECTURAS,jueggod048,25,1,13,2026-03-31 17:28:30,2026-04-27 10:14:20,Jonathan Carvajal:25,
,CONFIRMAR_USO_HISTORICO_STOCK_LECTURAS,jueggre040,25,1,1,2026-03-31 17:28:30,2026-04-27 10:14:20,Jonathan Carvajal:25,
,CONFIRMAR_USO_HISTORICO_STOCK_LECTURAS,jueggre058,25,0,1,2026-03-31 17:28:30,2026-04-27 10:14:20,Jonathan Carvajal:25,
,CONFIRMAR_USO_HISTORICO_STOCK_LECTURAS,jueggre064,25,1,4,2026-03-31 17:28:30,2026-04-27 10:14:20,Jonathan Carvajal:25,
,CONFIRMAR_USO_HISTORICO_STOCK_LECTURAS,jueggre078,25,1,3,2026-03-31 17:28:30,2026-04-27 10:14:20,Jonathan Carvajal:25,
,CONFIRMAR_USO_HISTORICO_STOCK_LECTURAS,jueggre092,25,1,1,2026-03-31 17:28:30,2026-04-27 10:14:20,Jonathan Carvajal:25,
,CONFIRMAR_USO_HISTORICO_STOCK_LECTURAS,juegh2m057,25,1,6,2026-03-31 17:28:30,2026-04-27 10:14:20,Jonathan Carvajal:25,
,CONFIRMAR_USO_HISTORICO_STOCK_LECTURAS,jueghan003,25,1,1,2026-03-31 17:28:30,2026-04-27 10:14:20,Jonathan Carvajal:25,
,CONFIRMAR_USO_HISTORICO_STOCK_LECTURAS,jueghan006,25,1,4,2026-03-31 17:28:30,2026-04-27 10:14:20,Jonathan Carvajal:25,
,CONFIRMAR_USO_HISTORICO_STOCK_LECTURAS,jueghan010,25,2,3,2026-03-31 17:28:30,2026-04-27 10:14:20,Jonathan Carvajal:25,
,CONFIRMAR_USO_HISTORICO_STOCK_LECTURAS,jueghan014,25,1,1,2026-03-31 17:28:30,2026-04-27 10:14:20,Jonathan Carvajal:25,
,CONFIRMAR_USO_HISTORICO_STOCK_LECTURAS,jueghan024,25,1,2,2026-03-31 17:28:30,2026-04-27 10:14:20,Jonathan Carvajal:25,
,CONFIRMAR_USO_HISTORICO_STOCK_LECTURAS,jueghan062,25,1,1,2026-03-31 17:28:30,2026-04-27 10:14:20,Jonathan Carvajal:25,
,CONFIRMAR_USO_HISTORICO_STOCK_LECTURAS,jueghan065,25,1,1,2026-03-31 17:28:30,2026-04-27 10:14:20,Jonathan Carvajal:25,
,CONFIRMAR_USO_HISTORICO_STOCK_LECTURAS,jueghan095,25,1,1,2026-03-31 17:28:30,2026-04-27 10:14:20,Jonathan Carvajal:25,
,CONFIRMAR_USO_HISTORICO_STOCK_LECTURAS,juegint104,25,0,1,2026-03-31 17:28:30,2026-04-27 10:14:20,Jonathan Carvajal:25,
,CONFIRMAR_USO_HISTORICO_STOCK_LECTURAS,juegint111,25,1,1,2026-03-31 17:28:30,2026-04-27 10:14:20,Jonathan Carvajal:25,
,CONFIRMAR_USO_HISTORICO_STOCK_LECTURAS,juegint122,25,0,2,2026-03-31 17:28:30,2026-04-27 10:14:20,Jonathan Carvajal:25,
,CONFIRMAR_USO_HISTORICO_STOCK_LECTURAS,juegint128,25,1,1,2026-03-31 17:28:30,2026-04-27 10:14:20,Jonathan Carvajal:25,
,CONFIRMAR_USO_HISTORICO_STOCK_LECTURAS,jueginv010,25,1,1,2026-03-31 17:28:30,2026-04-27 10:14:20,Jonathan Carvajal:25,
,CONFIRMAR_USO_HISTORICO_STOCK_LECTURAS,jueginv051,25,0,2,2026-03-31 17:28:30,2026-04-27 10:14:20,Jonathan Carvajal:25,
,CONFIRMAR_USO_HISTORICO_STOCK_LECTURAS,juegjai105,25,0,4,2026-03-31 17:28:30,2026-04-27 10:14:20,Jonathan Carvajal:25,
,CONFIRMAR_USO_HISTORICO_STOCK_LECTURAS,juegjai414,25,0,1,2026-03-31 17:28:31,2026-04-27 10:14:21,Jonathan Carvajal:25,
,CONFIRMAR_USO_HISTORICO_STOCK_LECTURAS,juegjaiaan,25,1,2,2025-09-02 08:54:59,2025-10-22 12:14:27,Gerardo Mercier:25,
,CONFIRMAR_USO_HISTORICO_STOCK_LECTURAS,juegjmi026,25,0,4,2026-03-31 17:28:31,2026-04-27 10:14:21,Jonathan Carvajal:25,
,CONFIRMAR_USO_HISTORICO_STOCK_LECTURAS,juegjmi053,25,1,1,2026-03-31 17:28:31,2026-04-27 10:14:21,Jonathan Carvajal:25,
,CONFIRMAR_USO_HISTORICO_STOCK_LECTURAS,juegjmi105,25,0,1,2026-03-31 17:28:31,2026-04-27 10:14:21,Jonathan Carvajal:25,
,CONFIRMAR_USO_HISTORICO_STOCK_LECTURAS,jueglea007,25,1,2,2026-03-31 17:28:31,2026-04-27 10:14:21,Jonathan Carvajal:25,
,CONFIRMAR_USO_HISTORICO_STOCK_LECTURAS,jueglea016,25,1,1,2026-03-31 17:28:31,2026-04-27 10:14:21,Jonathan Carvajal:25,
,CONFIRMAR_USO_HISTORICO_STOCK_LECTURAS,jueglea043,25,1,1,2026-03-31 17:28:31,2026-04-27 10:14:21,Jonathan Carvajal:25,
,CONFIRMAR_USO_HISTORICO_STOCK_LECTURAS,jueglea066,25,1,1,2026-03-31 17:28:31,2026-04-27 10:14:21,Jonathan Carvajal:25,
,CONFIRMAR_USO_HISTORICO_STOCK_LECTURAS,jueglea103,25,1,1,2026-03-31 17:28:31,2026-04-27 10:14:21,Jonathan Carvajal:25,
,CONFIRMAR_USO_HISTORICO_STOCK_LECTURAS,jueglea132,25,1,4,2026-03-31 17:28:31,2026-04-27 10:14:21,Jonathan Carvajal:25,
,CONFIRMAR_USO_HISTORICO_STOCK_LECTURAS,jueglea139,25,0,6,2026-03-31 17:28:31,2026-04-27 10:14:21,Jonathan Carvajal:25,
,CONFIRMAR_USO_HISTORICO_STOCK_LECTURAS,jueglea140,25,1,3,2026-03-31 17:28:31,2026-04-27 10:14:21,Jonathan Carvajal:25,
,CONFIRMAR_USO_HISTORICO_STOCK_LECTURAS,jueglea163,25,1,1,2026-03-31 17:28:31,2026-04-27 10:14:21,Jonathan Carvajal:25,
,CONFIRMAR_USO_HISTORICO_STOCK_LECTURAS,jueglea192,25,1,2,2026-03-31 17:28:31,2026-04-27 10:14:21,Jonathan Carvajal:25,
,CONFIRMAR_USO_HISTORICO_STOCK_LECTURAS,jueglea205-1,25,1,1,2026-03-31 17:28:31,2026-04-27 10:14:21,Jonathan Carvajal:25,
,CONFIRMAR_USO_HISTORICO_STOCK_LECTURAS,jueglea215,25,1,2,2026-03-31 17:28:31,2026-04-27 10:14:21,Jonathan Carvajal:25,
,CONFIRMAR_USO_HISTORICO_STOCK_LECTURAS,jueglea222,25,1,2,2026-03-31 17:28:31,2026-04-27 10:14:21,Jonathan Carvajal:25,
,CONFIRMAR_USO_HISTORICO_STOCK_LECTURAS,jueglea251,25,1,1,2026-03-31 17:28:31,2026-04-27 10:14:21,Jonathan Carvajal:25,
,CONFIRMAR_USO_HISTORICO_STOCK_LECTURAS,jueglea254,25,0,2,2026-03-31 17:28:31,2026-04-27 10:14:21,Jonathan Carvajal:25,
,CONFIRMAR_USO_HISTORICO_STOCK_LECTURAS,jueglea267,25,1,2,2026-03-31 17:28:31,2026-04-27 10:14:21,Jonathan Carvajal:25,
,CONFIRMAR_USO_HISTORICO_STOCK_LECTURAS,jueglea284-b,25,3,8,2026-03-31 17:28:31,2026-04-27 10:14:21,Jonathan Carvajal:25,
,CONFIRMAR_USO_HISTORICO_STOCK_LECTURAS,jueglea298,25,1,4,2026-03-31 17:28:31,2026-04-27 10:14:21,Jonathan Carvajal:25,
,CONFIRMAR_USO_HISTORICO_STOCK_LECTURAS,jueglea299,25,1,1,2026-03-31 17:28:31,2026-04-27 10:14:21,Jonathan Carvajal:25,
,CONFIRMAR_USO_HISTORICO_STOCK_LECTURAS,jueglea304,25,1,1,2026-03-31 17:28:31,2026-04-27 10:14:21,Jonathan Carvajal:25,
,CONFIRMAR_USO_HISTORICO_STOCK_LECTURAS,jueglea312,25,1,1,2026-03-31 17:28:31,2026-04-27 10:14:21,Jonathan Carvajal:25,
,CONFIRMAR_USO_HISTORICO_STOCK_LECTURAS,jueglea314,25,1,1,2026-03-31 17:28:31,2026-04-27 10:14:21,Jonathan Carvajal:25,
,CONFIRMAR_USO_HISTORICO_STOCK_LECTURAS,jueglea317,25,1,1,2026-03-31 17:28:31,2026-04-27 10:14:21,Jonathan Carvajal:25,
,CONFIRMAR_USO_HISTORICO_STOCK_LECTURAS,jueglea318,25,1,1,2026-03-31 17:28:31,2026-04-27 10:14:21,Jonathan Carvajal:25,
,CONFIRMAR_USO_HISTORICO_STOCK_LECTURAS,jueglea323,25,1,7,2026-03-31 17:28:31,2026-04-27 10:14:21,Jonathan Carvajal:25,
,CONFIRMAR_USO_HISTORICO_STOCK_LECTURAS,jueglea327,25,2,2,2026-03-31 17:28:31,2026-04-27 10:14:21,Jonathan Carvajal:25,
,CONFIRMAR_USO_HISTORICO_STOCK_LECTURAS,jueglea348,25,0,5,2026-03-31 17:28:31,2026-04-27 10:14:21,Jonathan Carvajal:25,
,CONFIRMAR_USO_HISTORICO_STOCK_LECTURAS,jueglea349,25,0,2,2026-03-31 17:28:31,2026-04-27 10:14:21,Jonathan Carvajal:25,
,CONFIRMAR_USO_HISTORICO_STOCK_LECTURAS,jueglea366,25,0,1,2026-03-31 17:28:31,2026-04-27 10:14:21,Jonathan Carvajal:25,
,CONFIRMAR_USO_HISTORICO_STOCK_LECTURAS,jueglea366-1,25,1,5,2026-03-31 17:28:31,2026-04-27 10:14:21,Jonathan Carvajal:25,
,CONFIRMAR_USO_HISTORICO_STOCK_LECTURAS,jueglea369,25,1,1,2026-03-31 17:28:31,2026-04-27 10:14:21,Jonathan Carvajal:25,
,CONFIRMAR_USO_HISTORICO_STOCK_LECTURAS,jueglea383,25,1,1,2026-03-31 17:28:31,2026-04-27 10:14:21,Jonathan Carvajal:25,
,CONFIRMAR_USO_HISTORICO_STOCK_LECTURAS,jueglea432,25,1,1,2026-03-31 17:28:31,2026-04-27 10:14:21,Jonathan Carvajal:25,
,CONFIRMAR_USO_HISTORICO_STOCK_LECTURAS,jueglea523,25,1,1,2026-03-31 17:28:31,2026-04-27 10:14:21,Jonathan Carvajal:25,
,CONFIRMAR_USO_HISTORICO_STOCK_LECTURAS,jueglea560,25,1,2,2026-03-31 17:28:31,2026-04-27 10:14:21,Jonathan Carvajal:25,
,CONFIRMAR_USO_HISTORICO_STOCK_LECTURAS,juegled033,25,0,1,2026-03-31 17:28:31,2026-04-27 10:14:21,Jonathan Carvajal:25,
,CONFIRMAR_USO_HISTORICO_STOCK_LECTURAS,jueglue021,25,1,1,2026-03-31 17:28:31,2026-04-27 10:14:21,Jonathan Carvajal:25,
,CONFIRMAR_USO_HISTORICO_STOCK_LECTURAS,jueglue022,25,3,5,2026-03-31 17:28:31,2026-04-27 10:14:21,Jonathan Carvajal:25,
,CONFIRMAR_USO_HISTORICO_STOCK_LECTURAS,juegmad061,25,1,2,2026-03-31 17:28:31,2026-04-27 10:14:21,Jonathan Carvajal:25,
,CONFIRMAR_USO_HISTORICO_STOCK_LECTURAS,juegmin018,25,1,1,2026-03-31 17:28:31,2026-04-27 10:14:21,Jonathan Carvajal:25,
,CONFIRMAR_USO_HISTORICO_STOCK_LECTURAS,juegmin019,25,1,1,2026-03-31 17:28:31,2026-04-27 10:14:21,Jonathan Carvajal:25,
,CONFIRMAR_USO_HISTORICO_STOCK_LECTURAS,juegmin025,25,1,3,2026-03-31 17:28:31,2026-04-27 10:14:21,Jonathan Carvajal:25,
,CONFIRMAR_USO_HISTORICO_STOCK_LECTURAS,juegmin027,25,1,8,2026-03-31 17:28:31,2026-04-27 10:14:21,Jonathan Carvajal:25,
,CONFIRMAR_USO_HISTORICO_STOCK_LECTURAS,juegmin047-1,25,1,1,2026-03-31 17:28:31,2026-04-27 10:14:21,Jonathan Carvajal:25,
,CONFIRMAR_USO_HISTORICO_STOCK_LECTURAS,juegmin136,25,1,1,2026-03-31 17:28:31,2026-04-27 10:14:21,Jonathan Carvajal:25,
,CONFIRMAR_USO_HISTORICO_STOCK_LECTURAS,juegmin162,25,1,3,2026-03-31 17:28:31,2026-04-27 10:14:21,Jonathan Carvajal:25,
,CONFIRMAR_USO_HISTORICO_STOCK_LECTURAS,juego1,25,1,1,2026-03-31 17:28:31,2026-04-27 10:14:21,Jonathan Carvajal:25,
,CONFIRMAR_USO_HISTORICO_STOCK_LECTURAS,juegolg1818,25,3,3,2026-03-31 17:28:31,2026-04-27 10:14:21,Jonathan Carvajal:25,
,CONFIRMAR_USO_HISTORICO_STOCK_LECTURAS,juegony001,25,1,1,2026-03-31 17:28:31,2026-04-27 10:14:21,Jonathan Carvajal:25,
,CONFIRMAR_USO_HISTORICO_STOCK_LECTURAS,juegony002,25,0,1,2026-03-31 17:28:31,2026-04-27 10:14:21,Jonathan Carvajal:25,
,CONFIRMAR_USO_HISTORICO_STOCK_LECTURAS,juegplas000134,25,1,4,2026-03-31 17:28:31,2026-04-27 10:14:21,Jonathan Carvajal:25,
,CONFIRMAR_USO_HISTORICO_STOCK_LECTURAS,juegplas1008,25,1,2,2026-03-31 17:28:31,2026-04-27 10:14:21,Jonathan Carvajal:25,
,CONFIRMAR_USO_HISTORICO_STOCK_LECTURAS,juegplas1034,25,1,2,2026-03-31 17:28:31,2026-04-27 10:14:21,Jonathan Carvajal:25,
,CONFIRMAR_USO_HISTORICO_STOCK_LECTURAS,juegplas1052,25,2,3,2026-03-31 17:28:31,2026-04-27 10:14:21,Jonathan Carvajal:25,
,CONFIRMAR_USO_HISTORICO_STOCK_LECTURAS,juegplas1067,25,0,14,2026-03-31 17:28:31,2026-04-27 10:14:21,Jonathan Carvajal:25,
,CONFIRMAR_USO_HISTORICO_STOCK_LECTURAS,juegplas1081,25,1,1,2026-03-31 17:28:31,2026-04-27 10:14:21,Jonathan Carvajal:25,
,CONFIRMAR_USO_HISTORICO_STOCK_LECTURAS,juegplas1101,25,1,1,2026-03-31 17:28:31,2026-04-27 10:14:21,Jonathan Carvajal:25,
,CONFIRMAR_USO_HISTORICO_STOCK_LECTURAS,juegplas1109,25,1,15,2026-03-31 17:28:31,2026-04-27 10:14:21,Jonathan Carvajal:25,
,CONFIRMAR_USO_HISTORICO_STOCK_LECTURAS,juegplas1111,25,0,1,2026-03-31 17:28:31,2026-04-27 10:14:21,Jonathan Carvajal:25,
,CONFIRMAR_USO_HISTORICO_STOCK_LECTURAS,juegplas1120,25,1,4,2026-03-31 17:28:31,2026-04-27 10:14:21,Jonathan Carvajal:25,
,CONFIRMAR_USO_HISTORICO_STOCK_LECTURAS,juegplas1173,25,0,6,2026-03-31 17:28:31,2026-04-27 10:14:21,Jonathan Carvajal:25,
,CONFIRMAR_USO_HISTORICO_STOCK_LECTURAS,juegplas1204,25,1,11,2026-03-31 17:28:31,2026-04-27 10:14:21,Jonathan Carvajal:25,
,CONFIRMAR_USO_HISTORICO_STOCK_LECTURAS,juegplas1211,25,1,7,2026-03-31 17:28:31,2026-04-27 10:14:21,Jonathan Carvajal:25,
,CONFIRMAR_USO_HISTORICO_STOCK_LECTURAS,juegplas1213-3,25,0,1,2026-03-31 17:28:31,2026-04-27 10:14:21,Jonathan Carvajal:25,
,CONFIRMAR_USO_HISTORICO_STOCK_LECTURAS,juegplas1240,25,1,3,2026-03-31 17:28:31,2026-04-27 10:14:21,Jonathan Carvajal:25,
,CONFIRMAR_USO_HISTORICO_STOCK_LECTURAS,juegplas1282,25,0,1,2026-03-31 17:28:31,2026-04-27 10:14:21,Jonathan Carvajal:25,
,CONFIRMAR_USO_HISTORICO_STOCK_LECTURAS,juegplas1305,25,0,2,2026-03-31 17:28:31,2026-04-27 10:14:21,Jonathan Carvajal:25,
,CONFIRMAR_USO_HISTORICO_STOCK_LECTURAS,juegplas150003,25,1,6,2026-03-31 17:28:31,2026-04-27 10:14:21,Jonathan Carvajal:25,
,CONFIRMAR_USO_HISTORICO_STOCK_LECTURAS,juegplas150005,25,1,7,2026-03-31 17:28:31,2026-04-27 10:14:21,Jonathan Carvajal:25,
,CONFIRMAR_USO_HISTORICO_STOCK_LECTURAS,juegplas150006,25,1,5,2026-03-31 17:28:31,2026-04-27 10:14:21,Jonathan Carvajal:25,
,CONFIRMAR_USO_HISTORICO_STOCK_LECTURAS,juegplas150007,25,1,4,2026-03-31 17:28:31,2026-04-27 10:14:21,Jonathan Carvajal:25,
,CONFIRMAR_USO_HISTORICO_STOCK_LECTURAS,juegplas15111,25,1,1,2026-03-31 17:28:31,2026-04-27 10:14:21,Jonathan Carvajal:25,
,CONFIRMAR_USO_HISTORICO_STOCK_LECTURAS,juegplas151118,25,0,1,2026-03-31 17:28:31,2026-04-27 10:14:21,Jonathan Carvajal:25,
,CONFIRMAR_USO_HISTORICO_STOCK_LECTURAS,juegplas15849,25,0,1,2026-03-31 17:28:31,2026-04-27 10:14:21,Jonathan Carvajal:25,
,CONFIRMAR_USO_HISTORICO_STOCK_LECTURAS,juegplas17015,25,1,3,2026-03-31 17:28:31,2026-04-27 10:14:21,Jonathan Carvajal:25,
,CONFIRMAR_USO_HISTORICO_STOCK_LECTURAS,juegplo002,25,2,2,2026-03-31 17:28:31,2026-04-27 10:14:21,Jonathan Carvajal:25,
,CONFIRMAR_USO_HISTORICO_STOCK_LECTURAS,juegplo004,25,1,3,2026-03-31 17:28:31,2026-04-27 10:14:21,Jonathan Carvajal:25,
,CONFIRMAR_USO_HISTORICO_STOCK_LECTURAS,juegplo005,25,1,4,2026-03-31 17:28:31,2026-04-27 10:14:21,Jonathan Carvajal:25,
,CONFIRMAR_USO_HISTORICO_STOCK_LECTURAS,juegplo007,25,1,1,2026-03-31 17:28:31,2026-04-27 10:14:21,Jonathan Carvajal:25,
,CONFIRMAR_USO_HISTORICO_STOCK_LECTURAS,juegplo028,25,0,3,2026-03-31 17:28:31,2026-04-27 10:14:21,Jonathan Carvajal:25,
,CONFIRMAR_USO_HISTORICO_STOCK_LECTURAS,juegplo034,25,1,2,2026-03-31 17:28:31,2026-04-27 10:14:21,Jonathan Carvajal:25,
,CONFIRMAR_USO_HISTORICO_STOCK_LECTURAS,juegplo040,25,2,3,2026-03-31 17:28:31,2026-04-27 10:14:21,Jonathan Carvajal:25,
,CONFIRMAR_USO_HISTORICO_STOCK_LECTURAS,juegplo047,25,1,2,2026-03-31 17:28:31,2026-04-27 10:14:21,Jonathan Carvajal:25,
,CONFIRMAR_USO_HISTORICO_STOCK_LECTURAS,juegplo060,25,0,1,2026-03-31 17:28:31,2026-04-27 10:14:21,Jonathan Carvajal:25,
,CONFIRMAR_USO_HISTORICO_STOCK_LECTURAS,juegplo070,25,1,2,2026-03-31 17:28:31,2026-04-27 10:14:21,Jonathan Carvajal:25,
,CONFIRMAR_USO_HISTORICO_STOCK_LECTURAS,juegplo075,25,1,4,2026-03-31 17:28:31,2026-04-27 10:14:21,Jonathan Carvajal:25,
,CONFIRMAR_USO_HISTORICO_STOCK_LECTURAS,juegplo077,25,1,2,2026-03-31 17:28:31,2026-04-27 10:14:21,Jonathan Carvajal:25,
,CONFIRMAR_USO_HISTORICO_STOCK_LECTURAS,juegplo078,25,2,4,2026-03-31 17:28:31,2026-04-27 10:14:21,Jonathan Carvajal:25,
,CONFIRMAR_USO_HISTORICO_STOCK_LECTURAS,juegplo080,25,0,1,2026-03-31 17:28:31,2026-04-27 10:14:21,Jonathan Carvajal:25,
,CONFIRMAR_USO_HISTORICO_STOCK_LECTURAS,juegplo082,25,1,2,2026-03-31 17:28:31,2026-04-27 10:14:21,Jonathan Carvajal:25,
,CONFIRMAR_USO_HISTORICO_STOCK_LECTURAS,juegplo093,25,2,4,2026-03-31 17:28:31,2026-04-27 10:14:21,Jonathan Carvajal:25,
,CONFIRMAR_USO_HISTORICO_STOCK_LECTURAS,juegplo095,25,0,1,2026-03-31 17:28:31,2026-04-27 10:14:21,Jonathan Carvajal:25,
,CONFIRMAR_USO_HISTORICO_STOCK_LECTURAS,juegplo100,25,1,2,2026-03-31 17:28:31,2026-04-27 10:14:21,Jonathan Carvajal:25,
,CONFIRMAR_USO_HISTORICO_STOCK_LECTURAS,juegplo102,25,0,1,2026-03-31 17:28:31,2026-04-27 10:14:21,Jonathan Carvajal:25,
,CONFIRMAR_USO_HISTORICO_STOCK_LECTURAS,juegplo107,25,0,1,2026-03-31 17:28:31,2026-04-27 10:14:21,Jonathan Carvajal:25,
,CONFIRMAR_USO_HISTORICO_STOCK_LECTURAS,juegplo108,25,2,46,2026-03-31 17:28:31,2026-04-27 10:14:21,Jonathan Carvajal:25,
,CONFIRMAR_USO_HISTORICO_STOCK_LECTURAS,juegplo115,25,2,4,2026-03-31 17:28:31,2026-04-27 10:14:21,Jonathan Carvajal:25,
,CONFIRMAR_USO_HISTORICO_STOCK_LECTURAS,juegplo121,25,1,2,2026-03-31 17:28:31,2026-04-27 10:14:21,Jonathan Carvajal:25,
,CONFIRMAR_USO_HISTORICO_STOCK_LECTURAS,juegplo122,25,1,2,2026-03-31 17:28:31,2026-04-27 10:14:21,Jonathan Carvajal:25,
,CONFIRMAR_USO_HISTORICO_STOCK_LECTURAS,juegplo131,25,1,2,2026-03-31 17:28:31,2026-04-27 10:14:21,Jonathan Carvajal:25,
,CONFIRMAR_USO_HISTORICO_STOCK_LECTURAS,juegplo156,25,1,3,2026-03-31 17:28:31,2026-04-27 10:14:21,Jonathan Carvajal:25,
,CONFIRMAR_USO_HISTORICO_STOCK_LECTURAS,juegplo168,25,1,4,2026-03-31 17:28:31,2026-04-27 10:14:21,Jonathan Carvajal:25,
,CONFIRMAR_USO_HISTORICO_STOCK_LECTURAS,juegplo170,25,1,1,2026-03-31 17:28:31,2026-04-27 10:14:21,Jonathan Carvajal:25,
,CONFIRMAR_USO_HISTORICO_STOCK_LECTURAS,juegplo174,25,1,2,2026-03-31 17:28:31,2026-04-27 10:14:21,Jonathan Carvajal:25,
,CONFIRMAR_USO_HISTORICO_STOCK_LECTURAS,juegqia022,25,2,2,2026-03-31 17:28:31,2026-04-27 10:14:21,Jonathan Carvajal:25,
,CONFIRMAR_USO_HISTORICO_STOCK_LECTURAS,juegqia028,25,1,1,2026-03-31 17:28:32,2026-04-27 10:14:21,Jonathan Carvajal:25,
,CONFIRMAR_USO_HISTORICO_STOCK_LECTURAS,juegqia047,25,0,1,2026-03-31 17:28:32,2026-04-27 10:14:21,Jonathan Carvajal:25,
,CONFIRMAR_USO_HISTORICO_STOCK_LECTURAS,juegqia067,25,1,2,2026-03-31 17:28:32,2026-04-27 10:14:21,Jonathan Carvajal:25,
,CONFIRMAR_USO_HISTORICO_STOCK_LECTURAS,juegqia089,25,1,2,2026-03-31 17:28:32,2026-04-27 10:14:21,Jonathan Carvajal:25,
,CONFIRMAR_USO_HISTORICO_STOCK_LECTURAS,juegrol001,25,5,165,2026-03-31 17:28:32,2026-04-27 10:14:21,Jonathan Carvajal:25,
,CONFIRMAR_USO_HISTORICO_STOCK_LECTURAS,juegrol019,25,5,118,2026-03-31 17:28:32,2026-04-27 10:14:21,Jonathan Carvajal:25,
,CONFIRMAR_USO_HISTORICO_STOCK_LECTURAS,juegrol019b,25,0,1,2026-03-31 17:28:32,2026-04-27 10:14:21,Jonathan Carvajal:25,
,CONFIRMAR_USO_HISTORICO_STOCK_LECTURAS,juegrol032,25,0,1,2026-03-31 17:28:32,2026-04-27 10:14:21,Jonathan Carvajal:25,
,CONFIRMAR_USO_HISTORICO_STOCK_LECTURAS,juegrol034,25,3,25,2026-03-31 17:28:32,2026-04-27 10:14:21,Jonathan Carvajal:25,
,CONFIRMAR_USO_HISTORICO_STOCK_LECTURAS,juegrol036,25,6,32,2026-03-31 17:28:32,2026-04-27 10:14:21,Jonathan Carvajal:25,
,CONFIRMAR_USO_HISTORICO_STOCK_LECTURAS,juegrol039,25,4,18,2026-03-31 17:28:32,2026-04-27 10:14:21,Jonathan Carvajal:25,
,CONFIRMAR_USO_HISTORICO_STOCK_LECTURAS,juegrol071,25,1,9,2026-03-31 17:28:32,2026-04-27 10:14:21,Jonathan Carvajal:25,
,CONFIRMAR_USO_HISTORICO_STOCK_LECTURAS,juegrol075,25,2,32,2026-03-31 17:28:32,2026-04-27 10:14:21,Jonathan Carvajal:25,
,CONFIRMAR_USO_HISTORICO_STOCK_LECTURAS,juegrol10150,25,3,148,2026-03-31 17:28:32,2026-04-27 10:14:21,Jonathan Carvajal:25,
,CONFIRMAR_USO_HISTORICO_STOCK_LECTURAS,juegrol10160,25,3,22,2026-03-31 17:28:32,2026-04-27 10:14:21,Jonathan Carvajal:25,
,CONFIRMAR_USO_HISTORICO_STOCK_LECTURAS,juegrol10170,25,3,35,2026-03-31 17:28:32,2026-04-27 10:14:21,Jonathan Carvajal:25,
,CONFIRMAR_USO_HISTORICO_STOCK_LECTURAS,juegrol10180,25,3,85,2026-03-31 17:28:32,2026-04-27 10:14:21,Jonathan Carvajal:25,
,CONFIRMAR_USO_HISTORICO_STOCK_LECTURAS,juegrol105,25,4,11,2026-03-31 17:28:32,2026-04-27 10:14:21,Jonathan Carvajal:25,
,CONFIRMAR_USO_HISTORICO_STOCK_LECTURAS,juegrol113,25,2,15,2026-03-31 17:28:32,2026-04-27 10:14:21,Jonathan Carvajal:25,
,CONFIRMAR_USO_HISTORICO_STOCK_LECTURAS,juegrol141,25,1,98,2026-03-31 17:28:32,2026-04-27 10:14:21,Jonathan Carvajal:25,
,CONFIRMAR_USO_HISTORICO_STOCK_LECTURAS,juegrol157,25,1,16,2026-03-31 17:28:32,2026-04-27 10:14:21,Jonathan Carvajal:25,
,CONFIRMAR_USO_HISTORICO_STOCK_LECTURAS,juegrol200809,25,5,1684,2026-03-31 17:28:32,2026-04-27 10:14:21,Jonathan Carvajal:25,
,CONFIRMAR_USO_HISTORICO_STOCK_LECTURAS,juegrol20801,25,5,33,2026-03-31 17:28:32,2026-04-27 10:14:21,Jonathan Carvajal:25,
,CONFIRMAR_USO_HISTORICO_STOCK_LECTURAS,juegrol20804-2,25,0,2,2026-03-31 17:28:32,2026-04-27 10:14:21,Jonathan Carvajal:25,
,CONFIRMAR_USO_HISTORICO_STOCK_LECTURAS,juegrol20805,25,1,588,2026-03-31 17:28:32,2026-04-27 10:14:21,Jonathan Carvajal:25,
,CONFIRMAR_USO_HISTORICO_STOCK_LECTURAS,juegrol20807,25,8,3183,2026-03-31 17:28:32,2026-04-27 10:14:21,Jonathan Carvajal:25,
,CONFIRMAR_USO_HISTORICO_STOCK_LECTURAS,juegrol20850,25,1,1,2026-03-31 17:28:32,2026-04-27 10:14:21,Jonathan Carvajal:25,
,CONFIRMAR_USO_HISTORICO_STOCK_LECTURAS,juegrol212a,25,1,313,2026-03-31 17:28:32,2026-04-27 10:14:21,Jonathan Carvajal:25,
,CONFIRMAR_USO_HISTORICO_STOCK_LECTURAS,juegrol23007,25,2,59,2026-03-31 17:28:32,2026-04-27 10:14:21,Jonathan Carvajal:25,
,CONFIRMAR_USO_HISTORICO_STOCK_LECTURAS,juegrol23016,25,2,47,2026-03-31 17:28:32,2026-04-27 10:14:21,Jonathan Carvajal:25,
,CONFIRMAR_USO_HISTORICO_STOCK_LECTURAS,juegrol23053,25,1,2,2026-03-31 17:28:32,2026-04-27 10:14:21,Jonathan Carvajal:25,
,CONFIRMAR_USO_HISTORICO_STOCK_LECTURAS,juegrol23054f,25,0,6,2026-03-31 17:28:32,2026-04-27 10:14:21,Jonathan Carvajal:25,
,CONFIRMAR_USO_HISTORICO_STOCK_LECTURAS,juegrol23054g,25,2,372,2026-03-31 17:28:32,2026-04-27 10:14:21,Jonathan Carvajal:25,
,CONFIRMAR_USO_HISTORICO_STOCK_LECTURAS,juegrol23059,25,1,1,2026-03-31 17:28:32,2026-04-27 10:14:21,Jonathan Carvajal:25,
,CONFIRMAR_USO_HISTORICO_STOCK_LECTURAS,juegrol23090,25,4,1403,2026-03-31 17:28:32,2026-04-27 10:14:21,Jonathan Carvajal:25,
,CONFIRMAR_USO_HISTORICO_STOCK_LECTURAS,juegrol23092,25,2,20,2026-03-31 17:28:32,2026-04-27 10:14:21,Jonathan Carvajal:25,
,CONFIRMAR_USO_HISTORICO_STOCK_LECTURAS,juegrol23093,25,1,20,2026-03-31 17:28:32,2026-04-27 10:14:21,Jonathan Carvajal:25,
,CONFIRMAR_USO_HISTORICO_STOCK_LECTURAS,juegrol23095,25,4,226,2026-03-31 17:28:32,2026-04-27 10:14:21,Jonathan Carvajal:25,
,CONFIRMAR_USO_HISTORICO_STOCK_LECTURAS,juegrol23112,25,0,1169,2026-03-31 17:28:32,2026-04-27 10:14:21,Jonathan Carvajal:25,
,CONFIRMAR_USO_HISTORICO_STOCK_LECTURAS,juegrol23112-1,25,0,976,2026-03-31 17:28:32,2026-04-27 10:14:21,Jonathan Carvajal:25,
,CONFIRMAR_USO_HISTORICO_STOCK_LECTURAS,juegrol23113,25,0,157,2026-03-31 17:28:32,2026-04-27 10:14:21,Jonathan Carvajal:25,
,CONFIRMAR_USO_HISTORICO_STOCK_LECTURAS,juegrol23115,25,4,408,2026-03-31 17:28:32,2026-04-27 10:14:21,Jonathan Carvajal:25,
,CONFIRMAR_USO_HISTORICO_STOCK_LECTURAS,juegrol23120,25,1,378,2026-03-31 17:28:32,2026-04-27 10:14:21,Jonathan Carvajal:25,
,CONFIRMAR_USO_HISTORICO_STOCK_LECTURAS,juegrol23123-2,25,1,24,2026-03-31 17:28:32,2026-04-27 10:14:21,Jonathan Carvajal:25,
,CONFIRMAR_USO_HISTORICO_STOCK_LECTURAS,juegrol23141,25,3,78,2026-03-31 17:28:32,2026-04-27 10:14:21,Jonathan Carvajal:25,
,CONFIRMAR_USO_HISTORICO_STOCK_LECTURAS,juegrol23142,25,2,67,2026-03-31 17:28:32,2026-04-27 10:14:21,Jonathan Carvajal:25,
,CONFIRMAR_USO_HISTORICO_STOCK_LECTURAS,juegrol23143,25,2,465,2026-03-31 17:28:32,2026-04-27 10:14:21,Jonathan Carvajal:25,
,CONFIRMAR_USO_HISTORICO_STOCK_LECTURAS,juegrol23143a,25,1,50,2026-03-31 17:28:32,2026-04-27 10:14:21,Jonathan Carvajal:25,
,CONFIRMAR_USO_HISTORICO_STOCK_LECTURAS,juegrol23831,25,2,23,2026-03-31 17:28:32,2026-04-27 10:14:21,Jonathan Carvajal:25,
,CONFIRMAR_USO_HISTORICO_STOCK_LECTURAS,juegrol23838,25,1,3,2026-03-31 17:28:32,2026-04-27 10:14:21,Jonathan Carvajal:25,
,CONFIRMAR_USO_HISTORICO_STOCK_LECTURAS,juegrol23847-1,25,0,161,2026-03-31 17:28:32,2026-04-27 10:14:21,Jonathan Carvajal:25,
,CONFIRMAR_USO_HISTORICO_STOCK_LECTURAS,juegrol23862,25,2,3,2026-03-31 17:28:32,2026-04-27 10:14:21,Jonathan Carvajal:25,
,CONFIRMAR_USO_HISTORICO_STOCK_LECTURAS,juegrol23863,25,1,30,2026-03-31 17:28:32,2026-04-27 10:14:21,Jonathan Carvajal:25,
,CONFIRMAR_USO_HISTORICO_STOCK_LECTURAS,juegrol23864,25,1,22,2026-03-31 17:28:32,2026-04-27 10:14:21,Jonathan Carvajal:25,
,CONFIRMAR_USO_HISTORICO_STOCK_LECTURAS,juegrol23868,25,1,16,2026-03-31 17:28:32,2026-04-27 10:14:21,Jonathan Carvajal:25,
,CONFIRMAR_USO_HISTORICO_STOCK_LECTURAS,juegrol23869,25,1,2,2026-03-31 17:28:32,2026-04-27 10:14:21,Jonathan Carvajal:25,
,CONFIRMAR_USO_HISTORICO_STOCK_LECTURAS,juegrol23870,25,3,171,2026-03-31 17:28:32,2026-04-27 10:14:21,Jonathan Carvajal:25,
,CONFIRMAR_USO_HISTORICO_STOCK_LECTURAS,juegrol23912,25,1,3,2026-03-31 17:28:32,2026-04-27 10:14:21,Jonathan Carvajal:25,
,CONFIRMAR_USO_HISTORICO_STOCK_LECTURAS,juegrol23919,25,4,110,2026-03-31 17:28:32,2026-04-27 10:14:21,Jonathan Carvajal:25,
,CONFIRMAR_USO_HISTORICO_STOCK_LECTURAS,juegrol24090,25,1,55,2026-03-31 17:28:32,2026-04-27 10:14:21,Jonathan Carvajal:25,
,CONFIRMAR_USO_HISTORICO_STOCK_LECTURAS,juegrol24203,25,1,16,2026-03-31 17:28:32,2026-04-27 10:14:21,Jonathan Carvajal:25,
,CONFIRMAR_USO_HISTORICO_STOCK_LECTURAS,juegrol24206,25,1,68,2026-03-31 17:28:32,2026-04-27 10:14:21,Jonathan Carvajal:25,
,CONFIRMAR_USO_HISTORICO_STOCK_LECTURAS,juegrol24207,25,1,242,2026-03-31 17:28:32,2026-04-27 10:14:21,Jonathan Carvajal:25,
,CONFIRMAR_USO_HISTORICO_STOCK_LECTURAS,juegrol24211,25,4,41,2026-03-31 17:28:32,2026-04-27 10:14:21,Jonathan Carvajal:25,
,CONFIRMAR_USO_HISTORICO_STOCK_LECTURAS,juegrol24223,25,2,367,2026-03-31 17:28:32,2026-04-27 10:14:21,Jonathan Carvajal:25,
,CONFIRMAR_USO_HISTORICO_STOCK_LECTURAS,juegrol24226,25,3,35,2026-03-31 17:28:32,2026-04-27 10:14:21,Jonathan Carvajal:25,
,CONFIRMAR_USO_HISTORICO_STOCK_LECTURAS,juegrol24308,25,4,27,2026-03-31 17:28:32,2026-04-27 10:14:21,Jonathan Carvajal:25,
,CONFIRMAR_USO_HISTORICO_STOCK_LECTURAS,juegrol24403,25,2,36,2026-03-31 17:28:32,2026-04-27 10:14:21,Jonathan Carvajal:25,
,CONFIRMAR_USO_HISTORICO_STOCK_LECTURAS,juegrol25006b,25,1,3,2026-03-31 17:28:32,2026-04-27 10:14:21,Jonathan Carvajal:25,
,CONFIRMAR_USO_HISTORICO_STOCK_LECTURAS,juegrol25040,25,1,69,2026-03-31 17:28:32,2026-04-27 10:14:21,Jonathan Carvajal:25,
,CONFIRMAR_USO_HISTORICO_STOCK_LECTURAS,juegrol25816,25,3,28,2026-03-31 17:28:32,2026-04-27 10:14:21,Jonathan Carvajal:25,
,CONFIRMAR_USO_HISTORICO_STOCK_LECTURAS,juegrol25817,25,4,19,2026-03-31 17:28:32,2026-04-27 10:14:21,Jonathan Carvajal:25,
,CONFIRMAR_USO_HISTORICO_STOCK_LECTURAS,juegrol25818,25,4,25,2026-03-31 17:28:32,2026-04-27 10:14:21,Jonathan Carvajal:25,
,CONFIRMAR_USO_HISTORICO_STOCK_LECTURAS,juegrol25820,25,2,28,2026-03-31 17:28:32,2026-04-27 10:14:21,Jonathan Carvajal:25,
,CONFIRMAR_USO_HISTORICO_STOCK_LECTURAS,juegrol25821,25,2,102,2026-03-31 17:28:32,2026-04-27 10:14:22,Jonathan Carvajal:25,
,CONFIRMAR_USO_HISTORICO_STOCK_LECTURAS,juegrol25825,25,2,5,2026-03-31 17:28:32,2026-04-27 10:14:22,Jonathan Carvajal:25,
,CONFIRMAR_USO_HISTORICO_STOCK_LECTURAS,juegrol25826,25,2,27,2026-03-31 17:28:32,2026-04-27 10:14:22,Jonathan Carvajal:25,
,CONFIRMAR_USO_HISTORICO_STOCK_LECTURAS,juegrol25830,25,2,91,2026-03-31 17:28:32,2026-04-27 10:14:22,Jonathan Carvajal:25,
,CONFIRMAR_USO_HISTORICO_STOCK_LECTURAS,juegrol25833,25,2,16,2026-03-31 17:28:32,2026-04-27 10:14:22,Jonathan Carvajal:25,
,CONFIRMAR_USO_HISTORICO_STOCK_LECTURAS,juegrol25838,25,2,44,2026-03-31 17:28:32,2026-04-27 10:14:22,Jonathan Carvajal:25,
,CONFIRMAR_USO_HISTORICO_STOCK_LECTURAS,juegrol25840,25,2,34,2026-03-31 17:28:32,2026-04-27 10:14:22,Jonathan Carvajal:25,
,CONFIRMAR_USO_HISTORICO_STOCK_LECTURAS,juegrol25849,25,3,73,2026-03-31 17:28:32,2026-04-27 10:14:22,Jonathan Carvajal:25,
,CONFIRMAR_USO_HISTORICO_STOCK_LECTURAS,juegrol26661,25,1,3,2026-03-31 17:28:32,2026-04-27 10:14:22,Jonathan Carvajal:25,
,CONFIRMAR_USO_HISTORICO_STOCK_LECTURAS,juegrol26661-1,25,1,4,2026-03-31 17:28:32,2026-04-27 10:14:22,Jonathan Carvajal:25,
,CONFIRMAR_USO_HISTORICO_STOCK_LECTURAS,juegrol26661-2,25,1,20,2026-03-31 17:28:32,2026-04-27 10:14:22,Jonathan Carvajal:25,
,CONFIRMAR_USO_HISTORICO_STOCK_LECTURAS,juegrol283,25,2,5,2026-03-31 17:28:32,2026-04-27 10:14:22,Jonathan Carvajal:25,
,CONFIRMAR_USO_HISTORICO_STOCK_LECTURAS,juegrol29015,25,2,15,2026-03-31 17:28:32,2026-04-27 10:14:22,Jonathan Carvajal:25,
,CONFIRMAR_USO_HISTORICO_STOCK_LECTURAS,juegrol466,25,4,15,2026-03-31 17:28:32,2026-04-27 10:14:22,Jonathan Carvajal:25,
,CONFIRMAR_USO_HISTORICO_STOCK_LECTURAS,juegrol712,25,3,30,2026-03-31 17:28:32,2026-04-27 10:14:22,Jonathan Carvajal:25,
,CONFIRMAR_USO_HISTORICO_STOCK_LECTURAS,juegrol731,25,1,3,2026-03-31 17:28:32,2026-04-27 10:14:22,Jonathan Carvajal:25,
,CONFIRMAR_USO_HISTORICO_STOCK_LECTURAS,juegrol804,25,0,1,2026-03-31 17:28:32,2026-04-27 10:14:22,Jonathan Carvajal:25,
,CONFIRMAR_USO_HISTORICO_STOCK_LECTURAS,juegrol915,25,3,19,2026-03-31 17:28:32,2026-04-27 10:14:22,Jonathan Carvajal:25,
,CONFIRMAR_USO_HISTORICO_STOCK_LECTURAS,juegrolb001,25,1,18,2026-03-31 17:28:32,2026-04-27 10:14:22,Jonathan Carvajal:25,
,CONFIRMAR_USO_HISTORICO_STOCK_LECTURAS,juegrolgym-10,25,0,4,2026-03-31 17:28:32,2026-04-27 10:14:22,Jonathan Carvajal:25,
,CONFIRMAR_USO_HISTORICO_STOCK_LECTURAS,juegrolgym-4,25,1,4,2026-03-31 17:28:32,2026-04-27 10:14:22,Jonathan Carvajal:25,
,CONFIRMAR_USO_HISTORICO_STOCK_LECTURAS,juegrolw07c068b,25,2,2,2026-03-31 17:28:32,2026-04-27 10:14:22,Jonathan Carvajal:25,
,CONFIRMAR_USO_HISTORICO_STOCK_LECTURAS,juegrolw10c404b,25,1,10,2026-03-31 17:28:32,2026-04-27 10:14:22,Jonathan Carvajal:25,
,CONFIRMAR_USO_HISTORICO_STOCK_LECTURAS,juegrub002,25,1,3,2026-03-31 17:28:32,2026-04-27 10:14:22,Jonathan Carvajal:25,
,CONFIRMAR_USO_HISTORICO_STOCK_LECTURAS,juegrub039,25,1,2,2026-03-31 17:28:32,2026-04-27 10:14:22,Jonathan Carvajal:25,
,CONFIRMAR_USO_HISTORICO_STOCK_LECTURAS,juegserp02,25,2,40,2026-03-31 17:28:32,2026-04-27 10:14:22,Jonathan Carvajal:25,
,CONFIRMAR_USO_HISTORICO_STOCK_LECTURAS,juegset-124,25,0,0,2026-03-31 17:28:32,2026-04-27 10:14:22,Jonathan Carvajal:25,
,CONFIRMAR_USO_HISTORICO_STOCK_LECTURAS,juegset-97,25,2,6,2026-03-31 17:28:32,2026-04-27 10:14:22,Jonathan Carvajal:25,
,CONFIRMAR_USO_HISTORICO_STOCK_LECTURAS,juegsh0847,25,1,2,2026-03-31 17:28:32,2026-04-27 10:14:22,Jonathan Carvajal:25,
,CONFIRMAR_USO_HISTORICO_STOCK_LECTURAS,juegsh1167,25,0,2,2026-03-31 17:28:32,2026-04-27 10:14:22,Jonathan Carvajal:25,
,CONFIRMAR_USO_HISTORICO_STOCK_LECTURAS,juegsh1775,25,1,2,2026-03-31 17:28:32,2026-04-27 10:14:22,Jonathan Carvajal:25,
,CONFIRMAR_USO_HISTORICO_STOCK_LECTURAS,juegsh1787,25,1,2,2026-03-31 17:28:32,2026-04-27 10:14:22,Jonathan Carvajal:25,
,CONFIRMAR_USO_HISTORICO_STOCK_LECTURAS,juegsh1855,25,1,2,2026-03-31 17:28:32,2026-04-27 10:14:22,Jonathan Carvajal:25,
,CONFIRMAR_USO_HISTORICO_STOCK_LECTURAS,juegsh574,25,1,40,2026-03-31 17:28:32,2026-04-27 10:14:22,Jonathan Carvajal:25,
,CONFIRMAR_USO_HISTORICO_STOCK_LECTURAS,juegsh758-2,25,1,2,2026-03-31 17:28:32,2026-04-27 10:14:22,Jonathan Carvajal:25,
,CONFIRMAR_USO_HISTORICO_STOCK_LECTURAS,juegson036,25,1,5,2026-03-31 17:28:32,2026-04-27 10:14:22,Jonathan Carvajal:25,
,CONFIRMAR_USO_HISTORICO_STOCK_LECTURAS,juegson037,25,1,3,2026-03-31 17:28:32,2026-04-27 10:14:22,Jonathan Carvajal:25,
,CONFIRMAR_USO_HISTORICO_STOCK_LECTURAS,juegson185,25,1,2,2026-03-31 17:28:32,2026-04-27 10:14:22,Jonathan Carvajal:25,
,CONFIRMAR_USO_HISTORICO_STOCK_LECTURAS,juegson211,25,1,1,2026-03-31 17:28:32,2026-04-27 10:14:22,Jonathan Carvajal:25,
,CONFIRMAR_USO_HISTORICO_STOCK_LECTURAS,juegsta009,25,0,2,2026-03-31 17:28:32,2026-04-27 10:14:22,Jonathan Carvajal:25,
,CONFIRMAR_USO_HISTORICO_STOCK_LECTURAS,juegsta017,25,0,2,2026-03-31 17:28:32,2026-04-27 10:14:22,Jonathan Carvajal:25,
,CONFIRMAR_USO_HISTORICO_STOCK_LECTURAS,juegsta025,25,1,14,2026-03-31 17:28:32,2026-04-27 10:14:22,Jonathan Carvajal:25,
,CONFIRMAR_USO_HISTORICO_STOCK_LECTURAS,juegtea005,25,1,1,2026-03-31 17:28:32,2026-04-27 10:14:22,Jonathan Carvajal:25,
,CONFIRMAR_USO_HISTORICO_STOCK_LECTURAS,juegtea021,25,1,1,2026-03-31 17:28:32,2026-04-27 10:14:22,Jonathan Carvajal:25,
,CONFIRMAR_USO_HISTORICO_STOCK_LECTURAS,juegtea045,25,1,1,2026-03-31 17:28:32,2026-04-27 10:14:22,Jonathan Carvajal:25,
,CONFIRMAR_USO_HISTORICO_STOCK_LECTURAS,juegtea068,25,0,1,2026-03-31 17:28:32,2026-04-27 10:14:22,Jonathan Carvajal:25,
,CONFIRMAR_USO_HISTORICO_STOCK_LECTURAS,juegtea071,25,1,1,2026-03-31 17:28:32,2026-04-27 10:14:22,Jonathan Carvajal:25,
,CONFIRMAR_USO_HISTORICO_STOCK_LECTURAS,juegtea092-1,25,1,1,2026-03-31 17:28:32,2026-04-27 10:14:22,Jonathan Carvajal:25,
,CONFIRMAR_USO_HISTORICO_STOCK_LECTURAS,juegtim027,25,1,1,2026-03-31 17:28:32,2026-04-27 10:14:22,Jonathan Carvajal:25,
,CONFIRMAR_USO_HISTORICO_STOCK_LECTURAS,juegtim031,25,1,1,2026-03-31 17:28:32,2026-04-27 10:14:22,Jonathan Carvajal:25,
,CONFIRMAR_USO_HISTORICO_STOCK_LECTURAS,juegtok021,25,2,4,2026-03-31 17:28:32,2026-04-27 10:14:22,Jonathan Carvajal:25,
,CONFIRMAR_USO_HISTORICO_STOCK_LECTURAS,juegtok025,25,1,1,2026-03-31 17:28:32,2026-04-27 10:14:22,Jonathan Carvajal:25,
,CONFIRMAR_USO_HISTORICO_STOCK_LECTURAS,juegtok027,25,1,1,2026-03-31 17:28:32,2026-04-27 10:14:22,Jonathan Carvajal:25,
,CONFIRMAR_USO_HISTORICO_STOCK_LECTURAS,juegtok036,25,1,2,2026-03-31 17:28:32,2026-04-27 10:14:22,Jonathan Carvajal:25,
,CONFIRMAR_USO_HISTORICO_STOCK_LECTURAS,juegtoy004,25,1,1,2026-03-31 17:28:32,2026-04-27 10:14:22,Jonathan Carvajal:25,
,CONFIRMAR_USO_HISTORICO_STOCK_LECTURAS,juegusl065,25,0,2,2026-03-31 17:28:32,2026-04-27 10:14:22,Jonathan Carvajal:25,
,CONFIRMAR_USO_HISTORICO_STOCK_LECTURAS,juegusl203,25,0,10,2026-03-31 17:28:32,2026-04-27 10:14:22,Jonathan Carvajal:25,
,CONFIRMAR_USO_HISTORICO_STOCK_LECTURAS,juegusl237,25,1,1,2026-03-31 17:28:32,2026-04-27 10:14:22,Jonathan Carvajal:25,
,CONFIRMAR_USO_HISTORICO_STOCK_LECTURAS,juegwis004,25,1,1,2026-03-31 17:28:32,2026-04-27 10:14:22,Jonathan Carvajal:25,
,CONFIRMAR_USO_HISTORICO_STOCK_LECTURAS,juegwis005,25,1,28,2026-03-31 17:28:32,2026-04-27 10:14:22,Jonathan Carvajal:25,
,CONFIRMAR_USO_HISTORICO_STOCK_LECTURAS,juegwis021,25,1,1,2026-03-31 17:28:32,2026-04-27 10:14:22,Jonathan Carvajal:25,
,CONFIRMAR_USO_HISTORICO_STOCK_LECTURAS,juegwis033-1,25,1,28,2026-03-31 17:28:32,2026-04-27 10:14:22,Jonathan Carvajal:25,
,CONFIRMAR_USO_HISTORICO_STOCK_LECTURAS,juegxin001,25,1,1,2026-03-31 17:28:32,2026-04-27 10:14:22,Jonathan Carvajal:25,
,CONFIRMAR_USO_HISTORICO_STOCK_LECTURAS,juegxin004,25,1,6,2026-03-31 17:28:32,2026-04-27 10:14:22,Jonathan Carvajal:25,
,CONFIRMAR_USO_HISTORICO_STOCK_LECTURAS,juegxin007,25,1,2,2026-03-31 17:28:32,2026-04-27 10:14:22,Jonathan Carvajal:25,
,CONFIRMAR_USO_HISTORICO_STOCK_LECTURAS,juegxin009,25,1,2,2026-03-31 17:28:32,2026-04-27 10:14:22,Jonathan Carvajal:25,
,CONFIRMAR_USO_HISTORICO_STOCK_LECTURAS,juegyin002,25,1,1,2026-03-31 17:28:32,2026-04-27 10:14:22,Jonathan Carvajal:25,
,CONFIRMAR_USO_HISTORICO_STOCK_LECTURAS,juegyin015,25,0,2,2026-03-31 17:28:32,2026-04-27 10:14:22,Jonathan Carvajal:25,
,CONFIRMAR_USO_HISTORICO_STOCK_LECTURAS,juegyin018,25,1,4,2026-03-31 17:28:32,2026-04-27 10:14:22,Jonathan Carvajal:25,
,CONFIRMAR_USO_HISTORICO_STOCK_LECTURAS,juegyin020,25,0,1,2026-03-31 17:28:32,2026-04-27 10:14:22,Jonathan Carvajal:25,
,CONFIRMAR_USO_HISTORICO_STOCK_LECTURAS,juegyin023-3,25,0,1,2026-03-31 17:28:32,2026-04-27 10:14:22,Jonathan Carvajal:25,
,CONFIRMAR_USO_HISTORICO_STOCK_LECTURAS,juegyin030,25,1,1,2026-03-31 17:28:32,2026-04-27 10:14:22,Jonathan Carvajal:25,
,CONFIRMAR_USO_HISTORICO_STOCK_LECTURAS,juegyin033,25,1,3,2026-03-31 17:28:32,2026-04-27 10:14:22,Jonathan Carvajal:25,
,CONFIRMAR_USO_HISTORICO_STOCK_LECTURAS,juegyin034,25,1,1,2026-03-31 17:28:32,2026-04-27 10:14:22,Jonathan Carvajal:25,
,CONFIRMAR_USO_HISTORICO_STOCK_LECTURAS,juegyin034-2,25,1,1,2026-03-31 17:28:32,2026-04-27 10:14:22,Jonathan Carvajal:25,
,CONFIRMAR_USO_HISTORICO_STOCK_LECTURAS,juegyin035,25,1,4,2026-03-31 17:28:32,2026-04-27 10:14:22,Jonathan Carvajal:25,
,CONFIRMAR_USO_HISTORICO_STOCK_LECTURAS,juegyin036,25,1,2,2026-03-31 17:28:32,2026-04-27 10:14:22,Jonathan Carvajal:25,
,CONFIRMAR_USO_HISTORICO_STOCK_LECTURAS,juegyin039,25,2,2,2026-03-31 17:28:32,2026-04-27 10:14:22,Jonathan Carvajal:25,
,CONFIRMAR_USO_HISTORICO_STOCK_LECTURAS,juegyin040,25,3,3,2026-03-31 17:28:33,2026-04-27 10:14:22,Jonathan Carvajal:25,
,CONFIRMAR_USO_HISTORICO_STOCK_LECTURAS,juegyin042,25,0,2,2026-03-31 17:28:33,2026-04-27 10:14:22,Jonathan Carvajal:25,
,CONFIRMAR_USO_HISTORICO_STOCK_LECTURAS,juegyin044,25,1,1,2026-03-31 17:28:33,2026-04-27 10:14:22,Jonathan Carvajal:25,
,CONFIRMAR_USO_HISTORICO_STOCK_LECTURAS,juegyin047,25,1,1,2026-03-31 17:28:33,2026-04-27 10:14:22,Jonathan Carvajal:25,
,CONFIRMAR_USO_HISTORICO_STOCK_LECTURAS,juegyin053,25,0,1,2026-03-31 17:28:33,2026-04-27 10:14:22,Jonathan Carvajal:25,
,CONFIRMAR_USO_HISTORICO_STOCK_LECTURAS,juegyin061,25,1,35,2026-03-31 17:28:33,2026-04-27 10:14:22,Jonathan Carvajal:25,
,CONFIRMAR_USO_HISTORICO_STOCK_LECTURAS,juegyin066-1,25,1,4,2026-03-31 17:28:33,2026-04-27 10:14:22,Jonathan Carvajal:25,
,CONFIRMAR_USO_HISTORICO_STOCK_LECTURAS,juegyin072,25,1,1,2026-03-31 17:28:33,2026-04-27 10:14:22,Jonathan Carvajal:25,
,CONFIRMAR_USO_HISTORICO_STOCK_LECTURAS,juegyin075,25,0,1,2026-03-31 17:28:33,2026-04-27 10:14:22,Jonathan Carvajal:25,
,CONFIRMAR_USO_HISTORICO_STOCK_LECTURAS,juegyin082,25,0,1,2026-03-31 17:28:33,2026-04-27 10:14:22,Jonathan Carvajal:25,
,CONFIRMAR_USO_HISTORICO_STOCK_LECTURAS,juegyin091,25,0,1,2026-03-31 17:28:33,2026-04-27 10:14:22,Jonathan Carvajal:25,
,CONFIRMAR_USO_HISTORICO_STOCK_LECTURAS,juegyin098,25,0,1,2026-03-31 17:28:33,2026-04-27 10:14:22,Jonathan Carvajal:25,
,CONFIRMAR_USO_HISTORICO_STOCK_LECTURAS,juegyin101-1,25,2,13,2026-03-31 17:28:33,2026-04-27 10:14:22,Jonathan Carvajal:25,
,CONFIRMAR_USO_HISTORICO_STOCK_LECTURAS,juegyin103,25,1,6,2026-03-31 17:28:33,2026-04-27 10:14:22,Jonathan Carvajal:25,
,CONFIRMAR_USO_HISTORICO_STOCK_LECTURAS,juegyin104,25,0,1,2026-03-31 17:28:33,2026-04-27 10:14:22,Jonathan Carvajal:25,
,CONFIRMAR_USO_HISTORICO_STOCK_LECTURAS,juegyin107-1,25,1,36,2026-03-31 17:28:33,2026-04-27 10:14:22,Jonathan Carvajal:25,
,CONFIRMAR_USO_HISTORICO_STOCK_LECTURAS,juegyin109,25,1,12,2026-03-31 17:28:33,2026-04-27 10:14:22,Jonathan Carvajal:25,
,CONFIRMAR_USO_HISTORICO_STOCK_LECTURAS,juegyin110,25,1,1,2026-03-31 17:28:33,2026-04-27 10:14:22,Jonathan Carvajal:25,
,CONFIRMAR_USO_HISTORICO_STOCK_LECTURAS,juegyin112,25,1,12,2026-03-31 17:28:33,2026-04-27 10:14:22,Jonathan Carvajal:25,
,CONFIRMAR_USO_HISTORICO_STOCK_LECTURAS,juegyin126,25,1,13,2026-03-31 17:28:33,2026-04-27 10:14:22,Jonathan Carvajal:25,
,CONFIRMAR_USO_HISTORICO_STOCK_LECTURAS,juegyin127,25,1,2,2026-03-31 17:28:33,2026-04-27 10:14:22,Jonathan Carvajal:25,
,CONFIRMAR_USO_HISTORICO_STOCK_LECTURAS,juegyin128,25,0,1,2026-03-31 17:28:33,2026-04-27 10:14:22,Jonathan Carvajal:25,
,CONFIRMAR_USO_HISTORICO_STOCK_LECTURAS,juegyin145,25,0,2,2026-03-31 17:28:33,2026-04-27 10:14:22,Jonathan Carvajal:25,
,CONFIRMAR_USO_HISTORICO_STOCK_LECTURAS,juegyin149,25,1,1,2026-03-31 17:28:33,2026-04-27 10:14:22,Jonathan Carvajal:25,
,CONFIRMAR_USO_HISTORICO_STOCK_LECTURAS,juegyin151,25,1,5,2026-03-31 17:28:33,2026-04-27 10:14:22,Jonathan Carvajal:25,
,CONFIRMAR_USO_HISTORICO_STOCK_LECTURAS,juegyin163,25,1,2,2026-03-31 17:28:33,2026-04-27 10:14:22,Jonathan Carvajal:25,
,CONFIRMAR_USO_HISTORICO_STOCK_LECTURAS,juegzhe010,25,1,2,2026-03-31 17:28:33,2026-04-27 10:14:22,Jonathan Carvajal:25,
,CONFIRMAR_USO_HISTORICO_STOCK_LECTURAS,juegzhe035,25,1,1,2026-03-31 17:28:33,2026-04-27 10:14:22,Jonathan Carvajal:25,
,CONFIRMAR_USO_HISTORICO_STOCK_LECTURAS,juegzhe074,25,1,1,2026-03-31 17:28:33,2026-04-27 10:14:22,Jonathan Carvajal:25,
,CONFIRMAR_USO_HISTORICO_STOCK_LECTURAS,juegzhe089,25,1,2,2026-03-31 17:28:33,2026-04-27 10:14:22,Jonathan Carvajal:25,
,CONFIRMAR_USO_HISTORICO_STOCK_LECTURAS,juegzhe130,25,1,1,2026-03-31 17:28:33,2026-04-27 10:14:22,Jonathan Carvajal:25,
,CONFIRMAR_USO_HISTORICO_STOCK_LECTURAS,juegzhe179,25,1,1,2026-03-31 17:28:33,2026-04-27 10:14:22,Jonathan Carvajal:25,
,CONFIRMAR_USO_HISTORICO_STOCK_LECTURAS,juegzhe211,25,1,1,2026-03-31 17:28:33,2026-04-27 10:14:22,Jonathan Carvajal:25,
,CONFIRMAR_USO_HISTORICO_STOCK_LECTURAS,juegzhe225,25,1,2,2026-03-31 17:28:33,2026-04-27 10:14:22,Jonathan Carvajal:25,
,CONFIRMAR_USO_HISTORICO_STOCK_LECTURAS,juegzhe239,25,1,1,2026-03-31 17:28:33,2026-04-27 10:14:22,Jonathan Carvajal:25,
,CONFIRMAR_USO_HISTORICO_STOCK_LECTURAS,juegzhe240,25,1,2,2026-03-31 17:28:33,2026-04-27 10:14:22,Jonathan Carvajal:25,
,CONFIRMAR_USO_HISTORICO_STOCK_LECTURAS,juegzhe241,25,1,4,2026-03-31 17:28:33,2026-04-27 10:14:22,Jonathan Carvajal:25,
,CONFIRMAR_USO_HISTORICO_STOCK_LECTURAS,juegzhe242,25,1,1,2026-03-31 17:28:33,2026-04-27 10:14:22,Jonathan Carvajal:25,
,CONFIRMAR_USO_HISTORICO_STOCK_LECTURAS,juegzhe260,25,1,2,2026-03-31 17:28:33,2026-04-27 10:14:22,Jonathan Carvajal:25,
,CONFIRMAR_USO_HISTORICO_STOCK_LECTURAS,juegzhe339,25,1,4,2026-03-31 17:28:33,2026-04-27 10:14:23,Jonathan Carvajal:25,
,CONFIRMAR_USO_HISTORICO_STOCK_LECTURAS,juegzhe344,25,1,3,2026-03-31 17:28:33,2026-04-27 10:14:23,Jonathan Carvajal:25,
,CONFIRMAR_USO_HISTORICO_STOCK_LECTURAS,juegzhe359,25,1,1,2026-03-31 17:28:33,2026-04-27 10:14:23,Jonathan Carvajal:25,
,CONFIRMAR_USO_HISTORICO_STOCK_LECTURAS,juegzhe361,25,1,1,2026-03-31 17:28:33,2026-04-27 10:14:23,Jonathan Carvajal:25,
,CONFIRMAR_USO_HISTORICO_STOCK_LECTURAS,juegzhe438,25,2,2,2026-03-31 17:28:33,2026-04-27 10:14:23,Jonathan Carvajal:25,
,CONFIRMAR_USO_HISTORICO_STOCK_LECTURAS,juegzhe443,25,1,2,2026-03-31 17:28:33,2026-04-27 10:14:23,Jonathan Carvajal:25,
,CONFIRMAR_USO_HISTORICO_STOCK_LECTURAS,jueyogapse,25,1,3,2026-03-31 17:28:33,2026-04-27 10:14:23,Jonathan Carvajal:25,
,CONFIRMAR_USO_HISTORICO_STOCK_LECTURAS,kamish1,25,0,1,2026-03-31 17:28:33,2026-04-27 10:14:23,Jonathan Carvajal:25,
,CONFIRMAR_USO_HISTORICO_STOCK_LECTURAS,kimo,25,1,1,2026-03-31 17:28:33,2026-04-27 10:14:23,Jonathan Carvajal:25,
,CONFIRMAR_USO_HISTORICO_STOCK_LECTURAS,kt1047,25,1,1,2026-03-31 17:28:33,2026-04-27 10:14:23,Jonathan Carvajal:25,
,CONFIRMAR_USO_HISTORICO_STOCK_LECTURAS,kt2015,25,1,2,2026-03-31 17:28:33,2026-04-27 10:14:23,Jonathan Carvajal:25,
,CONFIRMAR_USO_HISTORICO_STOCK_LECTURAS,l51,25,1,8,2026-03-31 17:28:33,2026-04-27 10:14:23,Jonathan Carvajal:25,
,CONFIRMAR_USO_HISTORICO_STOCK_LECTURAS,la003,25,0,1,2026-03-31 17:28:33,2026-04-27 10:14:23,Jonathan Carvajal:25,
,CONFIRMAR_USO_HISTORICO_STOCK_LECTURAS,lamijmi010,25,1,3,2026-03-31 17:28:33,2026-04-27 10:14:23,Jonathan Carvajal:25,
,CONFIRMAR_USO_HISTORICO_STOCK_LECTURAS,lamijmi015,25,1,7,2026-03-31 17:28:33,2026-04-27 10:14:23,Jonathan Carvajal:25,
,CONFIRMAR_USO_HISTORICO_STOCK_LECTURAS,lamijmi024,25,1,1,2026-03-31 17:28:33,2026-04-27 10:14:23,Jonathan Carvajal:25,
,CONFIRMAR_USO_HISTORICO_STOCK_LECTURAS,lamijmi025,25,2,2,2026-03-31 17:28:33,2026-04-27 10:14:23,Jonathan Carvajal:25,
,CONFIRMAR_USO_HISTORICO_STOCK_LECTURAS,lamijmi033,25,0,1,2026-03-31 17:28:33,2026-04-27 10:14:23,Jonathan Carvajal:25,
,CONFIRMAR_USO_HISTORICO_STOCK_LECTURAS,lampsensoryled,25,3,174,2026-03-31 17:28:33,2026-04-27 10:14:23,Jonathan Carvajal:25,
,CONFIRMAR_USO_HISTORICO_STOCK_LECTURAS,lapibei009,25,0,4,2026-03-31 17:28:33,2026-04-27 10:14:23,Jonathan Carvajal:25,
,CONFIRMAR_USO_HISTORICO_STOCK_LECTURAS,lapihol002,25,1,1,2026-03-31 17:28:33,2026-04-27 10:14:23,Jonathan Carvajal:25,
,CONFIRMAR_USO_HISTORICO_STOCK_LECTURAS,leng0031,25,1,1,2026-03-31 17:28:33,2026-04-27 10:14:23,Jonathan Carvajal:25,
,CONFIRMAR_USO_HISTORICO_STOCK_LECTURAS,li9789563650914,25,1,2,2026-03-31 17:28:33,2026-04-27 10:14:23,Jonathan Carvajal:25,
,CONFIRMAR_USO_HISTORICO_STOCK_LECTURAS,limpbei001,25,1,1,2026-03-31 17:28:33,2026-04-27 10:14:23,Jonathan Carvajal:25,
,CONFIRMAR_USO_HISTORICO_STOCK_LECTURAS,lk326002303,25,1,2,2026-03-31 17:28:33,2026-04-27 10:14:23,Jonathan Carvajal:25,
,CONFIRMAR_USO_HISTORICO_STOCK_LECTURAS,ln-70150912,25,1,5,2026-03-31 17:28:33,2026-04-27 10:14:23,Jonathan Carvajal:25,
,CONFIRMAR_USO_HISTORICO_STOCK_LECTURAS,ltbriba001-1,25,1,41,2026-03-31 17:28:33,2026-04-27 10:14:23,Jonathan Carvajal:25,
,CONFIRMAR_USO_HISTORICO_STOCK_LECTURAS,ltsalda143,25,1,7,2026-03-31 17:28:33,2026-04-27 10:14:23,Jonathan Carvajal:25,
,CONFIRMAR_USO_HISTORICO_STOCK_LECTURAS,ltsalda147-1,25,1,20,2026-03-31 17:28:33,2026-04-27 10:14:23,Jonathan Carvajal:25,
,CONFIRMAR_USO_HISTORICO_STOCK_LECTURAS,ltsalda156,25,1,4,2026-03-31 17:28:33,2026-04-27 10:14:23,Jonathan Carvajal:25,
,CONFIRMAR_USO_HISTORICO_STOCK_LECTURAS,ltsalda186,25,0,43,2026-03-31 17:28:33,2026-04-27 10:14:23,Jonathan Carvajal:25,
,CONFIRMAR_USO_HISTORICO_STOCK_LECTURAS,ltsalda257,25,1,43,2026-03-31 17:28:33,2026-04-27 10:14:23,Jonathan Carvajal:25,
,CONFIRMAR_USO_HISTORICO_STOCK_LECTURAS,ltsalda262,25,1,1,2026-03-31 17:28:33,2026-04-27 10:14:23,Jonathan Carvajal:25,
,CONFIRMAR_USO_HISTORICO_STOCK_LECTURAS,ltsalda276,25,1,1,2026-03-31 17:28:33,2026-04-27 10:14:23,Jonathan Carvajal:25,
,CONFIRMAR_USO_HISTORICO_STOCK_LECTURAS,ltsalda401,25,1,1,2026-03-31 17:28:33,2026-04-27 10:14:23,Jonathan Carvajal:25,
,CONFIRMAR_USO_HISTORICO_STOCK_LECTURAS,ltsalda448,25,1,1,2026-03-31 17:28:33,2026-04-27 10:14:23,Jonathan Carvajal:25,
,CONFIRMAR_USO_HISTORICO_STOCK_LECTURAS,ltsalda484,25,0,5,2026-03-31 17:28:33,2026-04-27 10:14:23,Jonathan Carvajal:25,
,CONFIRMAR_USO_HISTORICO_STOCK_LECTURAS,ltsalda517,25,1,1,2026-03-31 17:28:33,2026-04-27 10:14:23,Jonathan Carvajal:25,
,CONFIRMAR_USO_HISTORICO_STOCK_LECTURAS,ltsalda589,25,1,6,2026-03-31 17:28:33,2026-04-27 10:14:23,Jonathan Carvajal:25,
,CONFIRMAR_USO_HISTORICO_STOCK_LECTURAS,ltsalda849,25,1,15,2026-03-31 17:28:33,2026-04-27 10:14:23,Jonathan Carvajal:25,
,CONFIRMAR_USO_HISTORICO_STOCK_LECTURAS,ltsalda910,25,1,1,2026-03-31 17:28:33,2026-04-27 10:14:23,Jonathan Carvajal:25,
,CONFIRMAR_USO_HISTORICO_STOCK_LECTURAS,lupahol001,25,0,2,2026-03-31 17:28:33,2026-04-27 10:14:23,Jonathan Carvajal:25,
,CONFIRMAR_USO_HISTORICO_STOCK_LECTURAS,lupashi001,25,1,16,2026-03-31 17:28:33,2026-04-27 10:14:23,Jonathan Carvajal:25,
,CONFIRMAR_USO_HISTORICO_STOCK_LECTURAS,masacorcho,25,1,3,2026-03-31 17:28:33,2026-04-27 10:14:23,Jonathan Carvajal:25,
,CONFIRMAR_USO_HISTORICO_STOCK_LECTURAS,masasun001,25,1,7,2026-03-31 17:28:33,2026-04-27 10:14:23,Jonathan Carvajal:25,
,CONFIRMAR_USO_HISTORICO_STOCK_LECTURAS,mersetsenso,25,0,1,2026-03-31 17:28:33,2026-04-27 10:14:23,Jonathan Carvajal:25,
,CONFIRMAR_USO_HISTORICO_STOCK_LECTURAS,mertenis,25,1,1,2026-03-31 17:28:33,2026-04-27 10:14:23,Jonathan Carvajal:25,
,CONFIRMAR_USO_HISTORICO_STOCK_LECTURAS,mf10b,25,1,1,2026-03-31 17:28:33,2026-04-27 10:14:23,Jonathan Carvajal:25,
,CONFIRMAR_USO_HISTORICO_STOCK_LECTURAS,mg2,25,1,1,2026-03-31 17:28:33,2026-04-27 10:14:23,Jonathan Carvajal:25,
,CONFIRMAR_USO_HISTORICO_STOCK_LECTURAS,mk-102b,25,1,2,2026-03-31 17:28:33,2026-04-27 10:14:23,Jonathan Carvajal:25,
,CONFIRMAR_USO_HISTORICO_STOCK_LECTURAS,mk-137h,25,1,30,2026-03-31 17:28:33,2026-04-27 10:14:23,Jonathan Carvajal:25,
,CONFIRMAR_USO_HISTORICO_STOCK_LECTURAS,mk-137t,25,1,11,2026-03-31 17:28:33,2026-04-27 10:14:23,Jonathan Carvajal:25,
,CONFIRMAR_USO_HISTORICO_STOCK_LECTURAS,mk-139c,25,1,2,2026-03-31 17:28:33,2026-04-27 10:14:23,Jonathan Carvajal:25,
,CONFIRMAR_USO_HISTORICO_STOCK_LECTURAS,mk-140b,25,1,2,2026-03-31 17:28:33,2026-04-27 10:14:23,Jonathan Carvajal:25,
,CONFIRMAR_USO_HISTORICO_STOCK_LECTURAS,mk-342an,25,1,1,2026-03-31 17:28:33,2026-04-27 10:14:23,Jonathan Carvajal:25,
,CONFIRMAR_USO_HISTORICO_STOCK_LECTURAS,mk-362g,25,1,4,2026-03-31 17:28:33,2026-04-27 10:14:23,Jonathan Carvajal:25,
,CONFIRMAR_USO_HISTORICO_STOCK_LECTURAS,mk-503b,25,1,1,2026-03-31 17:28:33,2026-04-27 10:14:23,Jonathan Carvajal:25,
,CONFIRMAR_USO_HISTORICO_STOCK_LECTURAS,mk-503d,25,1,1,2026-03-31 17:28:33,2026-04-27 10:14:23,Jonathan Carvajal:25,
,CONFIRMAR_USO_HISTORICO_STOCK_LECTURAS,mkutg662iw,25,1,2,2026-03-31 17:28:33,2026-04-27 10:14:23,Jonathan Carvajal:25,
,CONFIRMAR_USO_HISTORICO_STOCK_LECTURAS,mlalfinfl,25,1,8,2026-03-31 17:28:33,2026-04-27 10:14:23,Jonathan Carvajal:25,
,CONFIRMAR_USO_HISTORICO_STOCK_LECTURAS,mldofaz,25,1,11,2026-03-31 17:28:33,2026-04-27 10:14:23,Jonathan Carvajal:25,
,CONFIRMAR_USO_HISTORICO_STOCK_LECTURAS,mlerizo,25,1,1,2026-03-31 17:28:33,2026-04-27 10:14:23,Jonathan Carvajal:25,
,CONFIRMAR_USO_HISTORICO_STOCK_LECTURAS,mlhaal2,25,1,22,2026-03-31 17:28:33,2026-04-27 10:14:23,Jonathan Carvajal:25,
,CONFIRMAR_USO_HISTORICO_STOCK_LECTURAS,mlichuevo,25,1,10,2026-03-31 17:28:33,2026-04-27 10:14:23,Jonathan Carvajal:25,
,CONFIRMAR_USO_HISTORICO_STOCK_LECTURAS,mllava01,25,1,1,2026-03-31 17:28:33,2026-04-27 10:14:23,Jonathan Carvajal:25,
,CONFIRMAR_USO_HISTORICO_STOCK_LECTURAS,mmsi-silla3aa,25,1,2,2026-03-31 17:28:33,2026-04-27 10:14:23,Jonathan Carvajal:25,
,CONFIRMAR_USO_HISTORICO_STOCK_LECTURAS,ms19005,25,0,1,2026-03-31 17:28:33,2026-04-27 10:14:23,Jonathan Carvajal:25,
,CONFIRMAR_USO_HISTORICO_STOCK_LECTURAS,msn15025,25,1,1,2026-03-31 17:28:33,2026-04-27 10:14:23,Jonathan Carvajal:25,
,CONFIRMAR_USO_HISTORICO_STOCK_LECTURAS,msn18011,25,1,1,2026-03-31 17:28:33,2026-04-27 10:14:23,Jonathan Carvajal:25,
,CONFIRMAR_USO_HISTORICO_STOCK_LECTURAS,msn18014,25,1,2,2026-03-31 17:28:33,2026-04-27 10:14:23,Jonathan Carvajal:25,
,CONFIRMAR_USO_HISTORICO_STOCK_LECTURAS,msn18027,25,1,2,2026-03-31 17:28:33,2026-04-27 10:14:23,Jonathan Carvajal:25,
,CONFIRMAR_USO_HISTORICO_STOCK_LECTURAS,msn20019,25,1,1,2026-03-31 17:28:33,2026-04-27 10:14:23,Jonathan Carvajal:25,
,CONFIRMAR_USO_HISTORICO_STOCK_LECTURAS,msn20022,25,1,3,2026-03-31 17:28:33,2026-04-27 10:14:23,Jonathan Carvajal:25,
,CONFIRMAR_USO_HISTORICO_STOCK_LECTURAS,msn21009,25,0,1,2026-03-31 17:28:33,2026-04-27 10:14:23,Jonathan Carvajal:25,
,CONFIRMAR_USO_HISTORICO_STOCK_LECTURAS,msn21027a,25,1,2,2026-03-31 17:28:33,2026-04-27 10:14:23,Jonathan Carvajal:25,
,CONFIRMAR_USO_HISTORICO_STOCK_LECTURAS,mundt001,25,1,6,2026-03-31 17:28:33,2026-04-27 10:14:23,Jonathan Carvajal:25,
,CONFIRMAR_USO_HISTORICO_STOCK_LECTURAS,mundt008,25,1,8,2026-03-31 17:28:33,2026-04-27 10:14:23,Jonathan Carvajal:25,
,CONFIRMAR_USO_HISTORICO_STOCK_LECTURAS,mundt009,25,1,4,2026-03-31 17:28:33,2026-04-27 10:14:23,Jonathan Carvajal:25,
,CONFIRMAR_USO_HISTORICO_STOCK_LECTURAS,mundt014,25,2,12,2026-03-31 17:28:33,2026-04-27 10:14:23,Jonathan Carvajal:25,
,CONFIRMAR_USO_HISTORICO_STOCK_LECTURAS,mundt018,25,2,16,2026-03-31 17:28:33,2026-04-27 10:14:23,Jonathan Carvajal:25,
,CONFIRMAR_USO_HISTORICO_STOCK_LECTURAS,mundt020,25,1,22,2026-03-31 17:28:33,2026-04-27 10:14:23,Jonathan Carvajal:25,
,CONFIRMAR_USO_HISTORICO_STOCK_LECTURAS,mundt027,25,1,10,2026-03-31 17:28:33,2026-04-27 10:14:23,Jonathan Carvajal:25,
,CONFIRMAR_USO_HISTORICO_STOCK_LECTURAS,mundt034,25,1,9,2026-03-31 17:28:33,2026-04-27 10:14:23,Jonathan Carvajal:25,
,CONFIRMAR_USO_HISTORICO_STOCK_LECTURAS,mundt035,25,1,8,2026-03-31 17:28:33,2026-04-27 10:14:23,Jonathan Carvajal:25,
,CONFIRMAR_USO_HISTORICO_STOCK_LECTURAS,mundt038,25,1,9,2026-03-31 17:28:33,2026-04-27 10:14:23,Jonathan Carvajal:25,
,CONFIRMAR_USO_HISTORICO_STOCK_LECTURAS,mundt040,25,1,26,2026-03-31 17:28:33,2026-04-27 10:14:23,Jonathan Carvajal:25,
,CONFIRMAR_USO_HISTORICO_STOCK_LECTURAS,mundt048,25,1,8,2026-03-31 17:28:33,2026-04-27 10:14:23,Jonathan Carvajal:25,
,CONFIRMAR_USO_HISTORICO_STOCK_LECTURAS,mundt049,25,1,9,2026-03-31 17:28:33,2026-04-27 10:14:23,Jonathan Carvajal:25,
,CONFIRMAR_USO_HISTORICO_STOCK_LECTURAS,mundt050,25,0,29,2026-03-31 17:28:33,2026-04-27 10:14:23,Jonathan Carvajal:25,
,CONFIRMAR_USO_HISTORICO_STOCK_LECTURAS,mundt055,25,1,9,2026-03-31 17:28:33,2026-04-27 10:14:23,Jonathan Carvajal:25,
,CONFIRMAR_USO_HISTORICO_STOCK_LECTURAS,mundt09,25,1,5,2026-03-31 17:28:33,2026-04-27 10:14:23,Jonathan Carvajal:25,
,CONFIRMAR_USO_HISTORICO_STOCK_LECTURAS,mundt112,25,1,4,2026-03-31 17:28:33,2026-04-27 10:14:23,Jonathan Carvajal:25,
,CONFIRMAR_USO_HISTORICO_STOCK_LECTURAS,n702013,25,1,2,2026-03-31 17:28:33,2026-04-27 10:14:23,Jonathan Carvajal:25,
,CONFIRMAR_USO_HISTORICO_STOCK_LECTURAS,n708005,25,1,2,2026-03-31 17:28:33,2026-04-27 10:14:23,Jonathan Carvajal:25,
,CONFIRMAR_USO_HISTORICO_STOCK_LECTURAS,naipbas003,25,1,1,2026-03-31 17:28:33,2026-04-27 10:14:23,Jonathan Carvajal:25,
,CONFIRMAR_USO_HISTORICO_STOCK_LECTURAS,ncd06003,25,1,2,2026-03-31 17:28:33,2026-04-27 10:14:23,Jonathan Carvajal:25,
,CONFIRMAR_USO_HISTORICO_STOCK_LECTURAS,ncd06011,25,1,3,2026-03-31 17:28:33,2026-04-27 10:14:23,Jonathan Carvajal:25,
,CONFIRMAR_USO_HISTORICO_STOCK_LECTURAS,nwhp2030s,25,1,10,2026-03-31 17:28:33,2026-04-27 10:14:23,Jonathan Carvajal:25,
,CONFIRMAR_USO_HISTORICO_STOCK_LECTURAS,pack12burb1,25,1,6,2026-03-31 17:28:33,2026-04-27 10:14:23,Jonathan Carvajal:25,
,CONFIRMAR_USO_HISTORICO_STOCK_LECTURAS,packbandas5,25,1,5,2026-03-31 17:28:33,2026-04-27 10:14:23,Jonathan Carvajal:25,
,CONFIRMAR_USO_HISTORICO_STOCK_LECTURAS,palito,25,1,2,2026-03-31 17:28:33,2026-04-27 10:14:23,Jonathan Carvajal:25,
,CONFIRMAR_USO_HISTORICO_STOCK_LECTURAS,panelvisual,25,1,3,2026-03-31 17:28:33,2026-04-27 10:14:23,Jonathan Carvajal:25,
,CONFIRMAR_USO_HISTORICO_STOCK_LECTURAS,papechi005,25,1,1,2026-03-31 17:28:33,2026-04-27 10:14:23,Jonathan Carvajal:25,
,CONFIRMAR_USO_HISTORICO_STOCK_LECTURAS,papechi050,25,1,1,2026-03-31 17:28:33,2026-04-27 10:14:23,Jonathan Carvajal:25,
,CONFIRMAR_USO_HISTORICO_STOCK_LECTURAS,papechi057,25,1,1,2026-03-31 17:28:33,2026-04-27 10:14:23,Jonathan Carvajal:25,
,CONFIRMAR_USO_HISTORICO_STOCK_LECTURAS,papechi070,25,0,1,2026-03-31 17:28:33,2026-04-27 10:14:23,Jonathan Carvajal:25,
,CONFIRMAR_USO_HISTORICO_STOCK_LECTURAS,papechi189,25,2,8,2026-03-31 17:28:33,2026-04-27 10:14:23,Jonathan Carvajal:25,
,CONFIRMAR_USO_HISTORICO_STOCK_LECTURAS,papehig003,25,2,4,2026-03-31 17:28:33,2026-04-27 10:14:23,Jonathan Carvajal:25,
,CONFIRMAR_USO_HISTORICO_STOCK_LECTURAS,papeplo001,25,1,14,2026-03-31 17:28:33,2026-04-27 10:14:23,Jonathan Carvajal:25,
,CONFIRMAR_USO_HISTORICO_STOCK_LECTURAS,pat162957,25,0,1,2026-03-31 17:28:33,2026-04-27 10:14:23,Jonathan Carvajal:25,
,CONFIRMAR_USO_HISTORICO_STOCK_LECTURAS,pca-k,25,1,7,2026-03-31 17:28:25,2026-04-27 10:14:18,Jonathan Carvajal:25,
,CONFIRMAR_USO_HISTORICO_STOCK_LECTURAS,pelobru006,25,0,1,2026-03-31 17:28:33,2026-04-27 10:14:23,Jonathan Carvajal:25,
,CONFIRMAR_USO_HISTORICO_STOCK_LECTURAS,pelobru007,25,1,2,2026-03-31 17:28:33,2026-04-27 10:14:23,Jonathan Carvajal:25,
,CONFIRMAR_USO_HISTORICO_STOCK_LECTURAS,pelobru010-1,25,1,5,2026-03-31 17:28:33,2026-04-27 10:14:23,Jonathan Carvajal:25,
,CONFIRMAR_USO_HISTORICO_STOCK_LECTURAS,peto,25,1,6,2026-03-31 17:28:33,2026-04-27 10:14:23,Jonathan Carvajal:25,
,CONFIRMAR_USO_HISTORICO_STOCK_LECTURAS,pictureka,25,1,2,2026-03-31 17:28:33,2026-04-27 10:14:23,Jonathan Carvajal:25,
,CONFIRMAR_USO_HISTORICO_STOCK_LECTURAS,pimpc-200205,25,1,1,2026-03-31 17:28:33,2026-04-27 10:14:23,Jonathan Carvajal:25,
,CONFIRMAR_USO_HISTORICO_STOCK_LECTURAS,pinccuc007,25,0,1,2026-03-31 17:28:33,2026-04-27 10:14:23,Jonathan Carvajal:25,
,CONFIRMAR_USO_HISTORICO_STOCK_LECTURAS,pinccuc071,25,1,23,2026-03-31 17:28:33,2026-04-27 10:14:23,Jonathan Carvajal:25,
,CONFIRMAR_USO_HISTORICO_STOCK_LECTURAS,pincdan014,25,1,1,2026-03-31 17:28:33,2026-04-27 10:14:23,Jonathan Carvajal:25,
,CONFIRMAR_USO_HISTORICO_STOCK_LECTURAS,pinchol001,25,1,1,2026-03-31 17:28:33,2026-04-27 10:14:23,Jonathan Carvajal:25,
,CONFIRMAR_USO_HISTORICO_STOCK_LECTURAS,pintbei001,25,1,2,2026-03-31 17:28:33,2026-04-27 10:14:23,Jonathan Carvajal:25,
,CONFIRMAR_USO_HISTORICO_STOCK_LECTURAS,pintbei002,25,0,8,2026-03-31 17:28:33,2026-04-27 10:14:23,Jonathan Carvajal:25,
,CONFIRMAR_USO_HISTORICO_STOCK_LECTURAS,pinthon001,25,1,2,2026-03-31 17:28:33,2026-04-27 10:14:23,Jonathan Carvajal:25,
,CONFIRMAR_USO_HISTORICO_STOCK_LECTURAS,pintnik003,25,1,1,2026-03-31 17:28:33,2026-04-27 10:14:23,Jonathan Carvajal:25,
,CONFIRMAR_USO_HISTORICO_STOCK_LECTURAS,piscina50,25,1,1,2026-03-31 17:28:33,2026-04-27 10:14:23,Jonathan Carvajal:25,
,CONFIRMAR_USO_HISTORICO_STOCK_LECTURAS,pizacub006,25,1,1,2026-03-31 17:28:33,2026-04-27 10:14:23,Jonathan Carvajal:25,
,CONFIRMAR_USO_HISTORICO_STOCK_LECTURAS,pizacub007,25,2,14,2026-03-31 17:28:33,2026-04-27 10:14:23,Jonathan Carvajal:25,
,CONFIRMAR_USO_HISTORICO_STOCK_LECTURAS,pizacub022,25,0,1,2026-03-31 17:28:33,2026-04-27 10:14:23,Jonathan Carvajal:25,
,CONFIRMAR_USO_HISTORICO_STOCK_LECTURAS,pizacub141,25,1,3,2026-03-31 17:28:33,2026-04-27 10:14:23,Jonathan Carvajal:25,
,CONFIRMAR_USO_HISTORICO_STOCK_LECTURAS,pizacub211,25,0,14,2026-03-31 17:28:33,2026-04-27 10:14:23,Jonathan Carvajal:25,
,CONFIRMAR_USO_HISTORICO_STOCK_LECTURAS,pizacub753,25,0,2,2026-03-31 17:28:33,2026-04-27 10:14:23,Jonathan Carvajal:25,
,CONFIRMAR_USO_HISTORICO_STOCK_LECTURAS,piztabu5,25,1,2,2026-03-31 17:28:33,2026-04-27 10:14:23,Jonathan Carvajal:25,
,CONFIRMAR_USO_HISTORICO_STOCK_LECTURAS,pl-636,25,2,2,2026-03-31 17:28:33,2026-04-27 10:14:23,Jonathan Carvajal:25,
,CONFIRMAR_USO_HISTORICO_STOCK_LECTURAS,pl-883,25,1,3,2026-03-31 17:28:33,2026-04-27 10:14:23,Jonathan Carvajal:25,
,CONFIRMAR_USO_HISTORICO_STOCK_LECTURAS,pl-abc,25,1,11,2026-03-31 17:28:33,2026-04-27 10:14:23,Jonathan Carvajal:25,
,CONFIRMAR_USO_HISTORICO_STOCK_LECTURAS,plasdan001,25,1,6,2026-03-31 17:28:33,2026-04-27 10:14:23,Jonathan Carvajal:25,
,CONFIRMAR_USO_HISTORICO_STOCK_LECTURAS,posuetdd,25,1,1,2026-03-31 17:28:33,2026-04-27 10:14:23,Jonathan Carvajal:25,
,CONFIRMAR_USO_HISTORICO_STOCK_LECTURAS,pr-78533,25,0,4,2026-03-31 17:28:33,2026-04-27 10:14:23,Jonathan Carvajal:25,
,CONFIRMAR_USO_HISTORICO_STOCK_LECTURAS,pr-84067,25,0,7,2026-03-31 17:28:33,2026-04-27 10:14:23,Jonathan Carvajal:25,
,CONFIRMAR_USO_HISTORICO_STOCK_LECTURAS,proyector,25,1,1,2026-03-31 17:28:33,2026-04-27 10:14:23,Jonathan Carvajal:25,
,CONFIRMAR_USO_HISTORICO_STOCK_LECTURAS,pt-ev00520,25,1,6,2026-03-31 17:28:33,2026-04-27 10:14:23,Jonathan Carvajal:25,
,CONFIRMAR_USO_HISTORICO_STOCK_LECTURAS,pt-ev00636,25,1,6,2026-03-31 17:28:33,2026-04-27 10:14:23,Jonathan Carvajal:25,
,CONFIRMAR_USO_HISTORICO_STOCK_LECTURAS,pt-ev00829,25,0,6,2026-03-31 17:28:33,2026-04-27 10:14:23,Jonathan Carvajal:25,
,CONFIRMAR_USO_HISTORICO_STOCK_LECTURAS,pt-ev00836,25,1,1,2026-03-31 17:28:33,2026-04-27 10:14:23,Jonathan Carvajal:25,
,CONFIRMAR_USO_HISTORICO_STOCK_LECTURAS,puzzle12,25,1,1,2026-03-31 17:28:33,2026-04-27 10:14:23,Jonathan Carvajal:25,
,CONFIRMAR_USO_HISTORICO_STOCK_LECTURAS,reglbei004,25,1,119,2026-03-31 17:28:33,2026-04-27 10:14:23,Jonathan Carvajal:25,
,CONFIRMAR_USO_HISTORICO_STOCK_LECTURAS,reglwen012,25,1,4,2026-03-31 17:28:33,2026-04-27 10:14:23,Jonathan Carvajal:25,
,CONFIRMAR_USO_HISTORICO_STOCK_LECTURAS,reloj6,25,0,1,2026-03-31 17:28:33,2026-04-27 10:14:23,Jonathan Carvajal:25,
,CONFIRMAR_USO_HISTORICO_STOCK_LECTURAS,rodidan001,25,1,1,2026-03-31 17:28:33,2026-04-27 10:14:23,Jonathan Carvajal:25,
,CONFIRMAR_USO_HISTORICO_STOCK_LECTURAS,rodidan004-1,25,1,4,2026-03-31 17:28:33,2026-04-27 10:14:23,Jonathan Carvajal:25,
,CONFIRMAR_USO_HISTORICO_STOCK_LECTURAS,rodidan013,25,0,2,2026-03-31 17:28:33,2026-04-27 10:14:23,Jonathan Carvajal:25,
,CONFIRMAR_USO_HISTORICO_STOCK_LECTURAS,rodidan015,25,1,3,2026-03-31 17:28:33,2026-04-27 10:14:23,Jonathan Carvajal:25,
,CONFIRMAR_USO_HISTORICO_STOCK_LECTURAS,rodidan018,25,1,1,2026-03-31 17:28:33,2026-04-27 10:14:23,Jonathan Carvajal:25,
,CONFIRMAR_USO_HISTORICO_STOCK_LECTURAS,rodidan020,25,1,2,2026-03-31 17:28:33,2026-04-27 10:14:23,Jonathan Carvajal:25,
,CONFIRMAR_USO_HISTORICO_STOCK_LECTURAS,rodidan021,25,0,7,2026-03-31 17:28:33,2026-04-27 10:14:23,Jonathan Carvajal:25,
,CONFIRMAR_USO_HISTORICO_STOCK_LECTURAS,rusa8,25,1,2,2026-03-31 17:28:33,2026-04-27 10:14:23,Jonathan Carvajal:25,
,CONFIRMAR_USO_HISTORICO_STOCK_LECTURAS,s601002,25,1,2,2026-03-31 17:28:33,2026-04-27 10:14:23,Jonathan Carvajal:25,
,CONFIRMAR_USO_HISTORICO_STOCK_LECTURAS,se24230,25,1,6,2026-03-31 17:28:33,2026-04-27 10:14:23,Jonathan Carvajal:25,
,CONFIRMAR_USO_HISTORICO_STOCK_LECTURAS,se891129,25,1,1,2026-03-31 17:28:33,2026-04-27 10:14:23,Jonathan Carvajal:25,
,CONFIRMAR_USO_HISTORICO_STOCK_LECTURAS,seg166,25,1,1,2026-03-31 17:28:33,2026-04-27 10:14:23,Jonathan Carvajal:25,
,CONFIRMAR_USO_HISTORICO_STOCK_LECTURAS,seg2070,25,1,1,2026-03-31 17:28:33,2026-04-27 10:14:23,Jonathan Carvajal:25,
,CONFIRMAR_USO_HISTORICO_STOCK_LECTURAS,sensorycascadalateral,25,2,108,2026-03-31 17:28:33,2026-04-27 10:14:24,Jonathan Carvajal:25,
,CONFIRMAR_USO_HISTORICO_STOCK_LECTURAS,set10volantin,25,1,2,2026-03-31 17:28:33,2026-04-27 10:14:24,Jonathan Carvajal:25,
,CONFIRMAR_USO_HISTORICO_STOCK_LECTURAS,setpibzascando,25,1,1,2026-03-31 17:28:33,2026-04-27 10:14:24,Jonathan Carvajal:25,
,CONFIRMAR_USO_HISTORICO_STOCK_LECTURAS,sg091,25,1,1,2026-03-31 17:28:33,2026-04-27 10:14:24,Jonathan Carvajal:25,
,CONFIRMAR_USO_HISTORICO_STOCK_LECTURAS,sg444,25,1,3,2026-03-31 17:28:33,2026-04-27 10:14:24,Jonathan Carvajal:25,
,CONFIRMAR_USO_HISTORICO_STOCK_LECTURAS,slime,25,1,5,2026-03-31 17:28:33,2026-04-27 10:14:24,Jonathan Carvajal:25,
,CONFIRMAR_USO_HISTORICO_STOCK_LECTURAS,spinner1,25,0,4,2026-03-31 17:28:33,2026-04-27 10:14:24,Jonathan Carvajal:25,
,CONFIRMAR_USO_HISTORICO_STOCK_LECTURAS,sticlon008,25,1,8,2026-03-31 17:28:33,2026-04-27 10:14:24,Jonathan Carvajal:25,
,CONFIRMAR_USO_HISTORICO_STOCK_LECTURAS,sticlon011,25,1,22,2026-03-31 17:28:33,2026-04-27 10:14:24,Jonathan Carvajal:25,
,CONFIRMAR_USO_HISTORICO_STOCK_LECTURAS,sticlon033,25,1,4,2026-03-31 17:28:34,2026-04-27 10:14:24,Jonathan Carvajal:25,
,CONFIRMAR_USO_HISTORICO_STOCK_LECTURAS,sticlon116,25,1,10,2026-03-31 17:28:34,2026-04-27 10:14:24,Jonathan Carvajal:25,
,CONFIRMAR_USO_HISTORICO_STOCK_LECTURAS,t201114,25,1,1,2026-03-31 17:28:34,2026-04-27 10:14:24,Jonathan Carvajal:25,
,CONFIRMAR_USO_HISTORICO_STOCK_LECTURAS,t301002,25,1,2,2026-03-31 17:28:34,2026-04-27 10:14:24,Jonathan Carvajal:25,
,CONFIRMAR_USO_HISTORICO_STOCK_LECTURAS,t301019,25,0,1,2026-03-31 17:28:34,2026-04-27 10:14:24,Jonathan Carvajal:25,
,CONFIRMAR_USO_HISTORICO_STOCK_LECTURAS,t601006,25,1,3,2026-03-31 17:28:34,2026-04-27 10:14:24,Jonathan Carvajal:25,
,CONFIRMAR_USO_HISTORICO_STOCK_LECTURAS,tempxin001,25,1,6,2026-03-31 17:28:34,2026-04-27 10:14:24,Jonathan Carvajal:25,
,CONFIRMAR_USO_HISTORICO_STOCK_LECTURAS,teraul011,25,1,1,2026-03-31 17:28:34,2026-04-27 10:14:24,Jonathan Carvajal:25,
,CONFIRMAR_USO_HISTORICO_STOCK_LECTURAS,teraul037,25,1,3,2026-03-31 17:28:34,2026-04-27 10:14:24,Jonathan Carvajal:25,
,CONFIRMAR_USO_HISTORICO_STOCK_LECTURAS,teraul105,25,1,2,2026-03-31 17:28:34,2026-04-27 10:14:24,Jonathan Carvajal:25,
,CONFIRMAR_USO_HISTORICO_STOCK_LECTURAS,tetra,25,1,1,2026-03-31 17:28:34,2026-04-27 10:14:24,Jonathan Carvajal:25,
,CONFIRMAR_USO_HISTORICO_STOCK_LECTURAS,tetris64es,25,1,2,2026-03-31 17:28:34,2026-04-27 10:14:24,Jonathan Carvajal:25,
,CONFIRMAR_USO_HISTORICO_STOCK_LECTURAS,th001,25,1,1,2026-03-31 17:28:34,2026-04-27 10:14:24,Jonathan Carvajal:25,
,CONFIRMAR_USO_HISTORICO_STOCK_LECTURAS,tijebei004,25,1,4,2026-03-31 17:28:34,2026-04-27 10:14:24,Jonathan Carvajal:25,
,CONFIRMAR_USO_HISTORICO_STOCK_LECTURAS,tijedas017,25,1,26,2026-03-31 17:28:34,2026-04-27 10:14:24,Jonathan Carvajal:25,
,CONFIRMAR_USO_HISTORICO_STOCK_LECTURAS,tijehol001,25,1,11,2026-03-31 17:28:34,2026-04-27 10:14:24,Jonathan Carvajal:25,
,CONFIRMAR_USO_HISTORICO_STOCK_LECTURAS,tijehol005,25,1,3,2026-03-31 17:28:34,2026-04-27 10:14:24,Jonathan Carvajal:25,
,CONFIRMAR_USO_HISTORICO_STOCK_LECTURAS,timbdan002,25,1,2,2026-03-31 17:28:34,2026-04-27 10:14:24,Jonathan Carvajal:25,
,CONFIRMAR_USO_HISTORICO_STOCK_LECTURAS,timbdan014,25,1,1,2026-03-31 17:28:34,2026-04-27 10:14:24,Jonathan Carvajal:25,
,CONFIRMAR_USO_HISTORICO_STOCK_LECTURAS,timbdan021,25,1,4,2026-03-31 17:28:34,2026-04-27 10:14:24,Jonathan Carvajal:25,
,CONFIRMAR_USO_HISTORICO_STOCK_LECTURAS,timbdan022,25,1,2,2026-03-31 17:28:34,2026-04-27 10:14:24,Jonathan Carvajal:25,
,CONFIRMAR_USO_HISTORICO_STOCK_LECTURAS,timbdan024,25,1,1,2026-03-31 17:28:34,2026-04-27 10:14:24,Jonathan Carvajal:25,
,CONFIRMAR_USO_HISTORICO_STOCK_LECTURAS,titepol004,25,0,1,2026-03-31 17:28:34,2026-04-27 10:14:24,Jonathan Carvajal:25,
,CONFIRMAR_USO_HISTORICO_STOCK_LECTURAS,tizafos002,25,0,2,2026-03-31 17:28:34,2026-04-27 10:14:24,Jonathan Carvajal:25,
,CONFIRMAR_USO_HISTORICO_STOCK_LECTURAS,tizahig004,25,1,12,2026-03-31 17:28:34,2026-04-27 10:14:24,Jonathan Carvajal:25,
,CONFIRMAR_USO_HISTORICO_STOCK_LECTURAS,tl015,25,1,1,2026-03-31 17:28:34,2026-04-27 10:14:24,Jonathan Carvajal:25,
,CONFIRMAR_USO_HISTORICO_STOCK_LECTURAS,tmpalpro003,25,1,2,2026-03-31 17:28:34,2026-04-27 10:14:24,Jonathan Carvajal:25,
,CONFIRMAR_USO_HISTORICO_STOCK_LECTURAS,tnwx-1672,25,1,2,2026-03-31 17:28:34,2026-04-27 10:14:24,Jonathan Carvajal:25,
,CONFIRMAR_USO_HISTORICO_STOCK_LECTURAS,tnwx-8342b,25,1,1,2026-03-31 17:28:34,2026-04-27 10:14:24,Jonathan Carvajal:25,
,CONFIRMAR_USO_HISTORICO_STOCK_LECTURAS,tobillera2kg,25,0,1,2026-03-31 17:28:34,2026-04-27 10:14:24,Jonathan Carvajal:25,
,CONFIRMAR_USO_HISTORICO_STOCK_LECTURAS,torrpeo42,25,0,1,2026-03-31 17:28:34,2026-04-27 10:14:24,Jonathan Carvajal:25,
,CONFIRMAR_USO_HISTORICO_STOCK_LECTURAS,torsedu002,25,1,1,2026-03-31 17:28:34,2026-04-27 10:14:24,Jonathan Carvajal:25,
,CONFIRMAR_USO_HISTORICO_STOCK_LECTURAS,tranbei002,25,1,1,2026-03-31 17:28:34,2026-04-27 10:14:24,Jonathan Carvajal:25,
,CONFIRMAR_USO_HISTORICO_STOCK_LECTURAS,tvg,25,1,1,2026-03-31 17:28:34,2026-04-27 10:14:24,Jonathan Carvajal:25,
,CONFIRMAR_USO_HISTORICO_STOCK_LECTURAS,tvm-t,25,1,14,2026-03-31 17:28:34,2026-04-27 10:14:24,Jonathan Carvajal:25,
,CONFIRMAR_USO_HISTORICO_STOCK_LECTURAS,unusopac001,25,0,5,2026-03-31 17:28:34,2026-04-27 10:14:24,Jonathan Carvajal:25,
,CONFIRMAR_USO_HISTORICO_STOCK_LECTURAS,velcro20,25,1,2,2026-03-31 17:28:34,2026-04-27 10:14:24,Jonathan Carvajal:25,
,CONFIRMAR_USO_HISTORICO_STOCK_LECTURAS,viptm20098-27,25,2,150,2026-03-31 17:28:34,2026-04-27 10:14:24,Jonathan Carvajal:25,
,CONFIRMAR_USO_HISTORICO_STOCK_LECTURAS,vobalama011,25,1,3,2026-03-31 17:28:34,2026-04-27 10:14:24,Jonathan Carvajal:25,
,CONFIRMAR_USO_HISTORICO_STOCK_LECTURAS,vsl,25,1,12,2026-03-31 17:28:34,2026-04-27 10:14:24,Jonathan Carvajal:25,
,CONFIRMAR_USO_HISTORICO_STOCK_LECTURAS,wzh-1-15,25,1,2,2026-03-31 17:28:34,2026-04-27 10:14:24,Jonathan Carvajal:25,
,CONFIRMAR_USO_HISTORICO_STOCK_LECTURAS,zkb-915,25,1,2,2026-03-31 17:28:34,2026-04-27 10:14:24,Jonathan Carvajal:25,
,CONFIRMAR_USO_HISTORICO_STOCK_LECTURAS,D401006,24,1,1,2025-12-04 09:34:48,2026-03-23 14:16:43,Gerardo Mercier:24,
,CONFIRMAR_USO_HISTORICO_STOCK_LECTURAS,D803008,24,5,6,2025-12-04 09:34:49,2026-03-23 14:16:43,Gerardo Mercier:24,
,CONFIRMAR_USO_HISTORICO_STOCK_LECTURAS,ESPA40,24,9,14,2025-12-04 09:34:52,2026-03-23 14:26:22,Gerardo Mercier:24,
,CONFIRMAR_USO_HISTORICO_STOCK_LECTURAS,FA360-1,24,1,1,2025-12-04 09:34:52,2026-03-23 14:26:20,Gerardo Mercier:24,
,CONFIRMAR_USO_HISTORICO_STOCK_LECTURAS,FD-1202PDB,24,2,2,2025-12-04 09:34:52,2026-03-23 14:26:21,Gerardo Mercier:24,
,CONFIRMAR_USO_HISTORICO_STOCK_LECTURAS,JUEGCL1156783,24,1,1,2025-12-04 09:34:52,2026-03-23 14:26:20,Gerardo Mercier:24,
,CONFIRMAR_USO_HISTORICO_STOCK_LECTURAS,JUEGCL1216555,24,10,10,2025-12-04 09:34:52,2026-03-23 14:26:22,Gerardo Mercier:24,
,CONFIRMAR_USO_HISTORICO_STOCK_LECTURAS,JUEGCL3909295,24,5,17,2025-12-04 09:34:52,2026-03-23 14:26:21,Gerardo Mercier:24,
,CONFIRMAR_USO_HISTORICO_STOCK_LECTURAS,JUEGCL4006306,24,2,2,2025-12-04 09:34:52,2026-03-23 14:26:21,Gerardo Mercier:24,
,CONFIRMAR_USO_HISTORICO_STOCK_LECTURAS,JUEGCL4006788,24,1,2,2025-12-04 09:34:52,2026-03-23 14:26:21,Gerardo Mercier:24,
,CONFIRMAR_USO_HISTORICO_STOCK_LECTURAS,JUEGCL4008447,24,2,2,2025-12-04 09:34:52,2026-03-23 14:26:21,Gerardo Mercier:24,
,CONFIRMAR_USO_HISTORICO_STOCK_LECTURAS,JUEGCL4015186,24,1,1,2025-12-04 09:34:52,2026-03-23 14:26:20,Gerardo Mercier:24,
,CONFIRMAR_USO_HISTORICO_STOCK_LECTURAS,JUEGCL4015797,24,4,4,2025-12-04 09:34:52,2026-03-23 14:26:22,Gerardo Mercier:24,
,CONFIRMAR_USO_HISTORICO_STOCK_LECTURAS,JUEGCL4040478,24,5,5,2025-12-04 09:34:52,2026-03-23 14:26:22,Gerardo Mercier:24,
,CONFIRMAR_USO_HISTORICO_STOCK_LECTURAS,JUEGCL4198087,24,3,3,2025-12-04 09:34:52,2026-03-23 14:26:21,Gerardo Mercier:24,
,CONFIRMAR_USO_HISTORICO_STOCK_LECTURAS,JUEGLEA132,24,2,4,2025-12-09 11:20:05,2026-03-23 14:21:42,Gerardo Mercier:24,
,CONFIRMAR_USO_HISTORICO_STOCK_LECTURAS,JUEGOLJA4010952,24,2,6,2025-12-04 09:34:52,2026-03-23 14:26:22,Gerardo Mercier:24,
,CONFIRMAR_USO_HISTORICO_STOCK_LECTURAS,JUEGPLAS1034,24,1,4,2025-12-04 09:34:52,2026-03-23 14:26:21,Gerardo Mercier:24,
,CONFIRMAR_USO_HISTORICO_STOCK_LECTURAS,JUEGPLAS150003,24,6,6,2025-12-04 09:34:52,2026-03-23 14:26:22,Gerardo Mercier:24,
,CONFIRMAR_USO_HISTORICO_STOCK_LECTURAS,JUEGPLAS150005,24,7,7,2025-12-04 09:34:52,2026-03-23 14:26:22,Gerardo Mercier:24,
,CONFIRMAR_USO_HISTORICO_STOCK_LECTURAS,JUEGPLAS150006,24,5,5,2025-12-04 09:34:52,2026-03-23 14:26:22,Gerardo Mercier:24,
,CONFIRMAR_USO_HISTORICO_STOCK_LECTURAS,JUEGPLAS150007,24,4,4,2025-12-04 09:34:52,2026-03-23 14:26:22,Gerardo Mercier:24,
,CONFIRMAR_USO_HISTORICO_STOCK_LECTURAS,JUEGPLAS150010,24,2,2,2025-12-04 09:34:52,2026-03-23 14:26:21,Gerardo Mercier:24,
,CONFIRMAR_USO_HISTORICO_STOCK_LECTURAS,MERCMONO,24,0,1,2025-08-21 12:52:59,2025-10-21 12:45:38,Gerardo Mercier:24,
,CONFIRMAR_USO_HISTORICO_STOCK_LECTURAS,MLALFINFL,24,7,8,2025-12-04 09:34:52,2026-03-23 14:26:22,Gerardo Mercier:24,
,CONFIRMAR_USO_HISTORICO_STOCK_LECTURAS,MLERIZO,24,1,1,2025-12-04 09:34:52,2026-03-23 14:26:20,Gerardo Mercier:24,
,CONFIRMAR_USO_HISTORICO_STOCK_LECTURAS,PL-784,24,5,11,2025-12-04 09:34:52,2026-03-23 14:26:22,Gerardo Mercier:24,
,CONFIRMAR_USO_HISTORICO_STOCK_LECTURAS,SE891129,24,1,1,2025-12-04 09:34:52,2026-03-23 14:26:21,Gerardo Mercier:24,
,CONFIRMAR_USO_HISTORICO_STOCK_LECTURAS,SEG849,24,0,1,2025-12-04 09:34:52,2026-03-23 14:26:20,Gerardo Mercier:24,
,CONFIRMAR_USO_HISTORICO_STOCK_LECTURAS,SLIME,24,2,2,2025-12-04 09:34:52,2026-03-23 14:26:21,Gerardo Mercier:24,
,CONFIRMAR_USO_HISTORICO_STOCK_LECTURAS,SOFTAC,24,2,8,2025-12-04 09:34:52,2026-03-23 14:26:21,Gerardo Mercier:24,
,CONFIRMAR_USO_HISTORICO_STOCK_LECTURAS,TETRIS64ES,24,2,2,2025-12-04 09:34:52,2026-03-23 14:26:21,Gerardo Mercier:24,
,CONFIRMAR_USO_HISTORICO_STOCK_LECTURAS,juegdac004,24,1,1,2025-08-21 12:52:58,2025-10-21 12:45:38,Gerardo Mercier:24,
,CONFIRMAR_USO_HISTORICO_STOCK_LECTURAS,monos2,24,0,1,2025-08-21 12:52:59,2025-10-21 12:45:38,Gerardo Mercier:24,
,CONFIRMAR_USO_HISTORICO_STOCK_LECTURAS,mpm00019331428,24,1,1,2025-08-21 12:52:59,2025-10-21 12:45:38,Gerardo Mercier:24,
,CONFIRMAR_USO_HISTORICO_STOCK_LECTURAS,ARENBEI009,23,4,13,2025-12-11 16:51:40,2026-03-23 14:21:41,Gerardo Mercier:23,
,CONFIRMAR_USO_HISTORICO_STOCK_LECTURAS,JUEGROL23855A1,23,0,49,2025-08-27 13:34:22,2025-10-13 12:29:25,Gerardo Mercier:23,
,CONFIRMAR_USO_HISTORICO_STOCK_LECTURAS,JUEGRUB039,23,2,2,2025-12-11 16:51:40,2026-03-23 14:21:42,Gerardo Mercier:23,
,CONFIRMAR_USO_HISTORICO_STOCK_LECTURAS,JUEGSH1166,23,1,1,2026-04-01 16:26:06,2026-04-27 10:14:22,Jonathan Carvajal:23,
,CONFIRMAR_USO_HISTORICO_STOCK_LECTURAS,PELOBRU010-1,23,5,7,2025-12-11 16:51:40,2026-03-23 14:21:41,Gerardo Mercier:23,
,CONFIRMAR_USO_HISTORICO_STOCK_LECTURAS,aa-5350,23,1,3,2025-08-21 12:52:58,2025-10-16 10:25:20,Gerardo Mercier:23,
,CONFIRMAR_USO_HISTORICO_STOCK_LECTURAS,d230033,23,1,4,2025-08-21 12:52:58,2025-10-16 10:25:20,Gerardo Mercier:23,
,CONFIRMAR_USO_HISTORICO_STOCK_LECTURAS,juegbas282,23,0,2,2025-09-02 08:54:59,2025-10-16 10:25:22,Gerardo Mercier:23,
,CONFIRMAR_USO_HISTORICO_STOCK_LECTURAS,juegrol20803,23,2674,2782,2026-04-01 16:26:05,2026-04-27 10:14:21,Jonathan Carvajal:23,
,CONFIRMAR_USO_HISTORICO_STOCK_LECTURAS,juegrol23861,23,94,96,2026-04-01 16:26:05,2026-04-27 10:14:21,Jonathan Carvajal:23,
,CONFIRMAR_USO_HISTORICO_STOCK_LECTURAS,ltsalda960-1,23,18,18,2026-04-01 16:26:09,2026-04-27 10:14:23,Jonathan Carvajal:23,
,CONFIRMAR_USO_HISTORICO_STOCK_LECTURAS,B0640,22,2,2,2025-12-09 11:20:03,2026-03-23 14:16:44,Gerardo Mercier:22,
,CONFIRMAR_USO_HISTORICO_STOCK_LECTURAS,BASTA2,22,0,2,2025-12-09 11:20:07,2026-03-23 14:26:19,Gerardo Mercier:22,
,CONFIRMAR_USO_HISTORICO_STOCK_LECTURAS,BLOQUES32,22,1,2,2025-12-09 11:20:07,2026-03-23 14:26:20,Gerardo Mercier:22,
,CONFIRMAR_USO_HISTORICO_STOCK_LECTURAS,E6891,22,0,0,2025-12-09 11:20:07,2026-03-23 14:26:19,Gerardo Mercier:22,
,CONFIRMAR_USO_HISTORICO_STOCK_LECTURAS,JUEGCL4015421,22,1,3,2025-12-09 11:20:07,2026-03-23 14:26:20,Gerardo Mercier:22,
,CONFIRMAR_USO_HISTORICO_STOCK_LECTURAS,JUEGHAN014,22,1,1,2025-12-12 08:55:41,2026-03-23 14:21:41,Gerardo Mercier:22,
,CONFIRMAR_USO_HISTORICO_STOCK_LECTURAS,MLLAVA01,22,1,1,2025-12-09 11:20:07,2026-03-23 14:26:20,Gerardo Mercier:22,
,CONFIRMAR_USO_HISTORICO_STOCK_LECTURAS,MS19005,22,1,1,2025-12-09 11:20:07,2026-03-23 14:26:20,Gerardo Mercier:22,
,CONFIRMAR_USO_HISTORICO_STOCK_LECTURAS,juegrol23140,22,22,319,2025-08-27 13:36:10,2025-10-13 12:29:25,Gerardo Mercier:22,
,CONFIRMAR_USO_HISTORICO_STOCK_LECTURAS,juegrol25017,22,163,165,2026-04-02 17:23:45,2026-04-27 10:14:21,Jonathan Carvajal:22,
,CONFIRMAR_USO_HISTORICO_STOCK_LECTURAS,juegsh381,22,1,11,2025-09-24 08:56:26,2026-04-27 10:14:22,Jonathan Carvajal:21 | Gerardo Mercier:1,
,CONFIRMAR_USO_HISTORICO_STOCK_LECTURAS,218AFA248-1,21,1,2,2025-12-11 16:51:41,2026-03-23 14:26:21,Gerardo Mercier:21,
,CONFIRMAR_USO_HISTORICO_STOCK_LECTURAS,ALFOMBRA150,21,1,2,2025-12-11 16:51:41,2026-03-23 14:26:21,Gerardo Mercier:21,
,CONFIRMAR_USO_HISTORICO_STOCK_LECTURAS,BJ466,21,0,1,2025-12-11 16:51:41,2026-03-23 14:26:19,Gerardo Mercier:21,
,CONFIRMAR_USO_HISTORICO_STOCK_LECTURAS,CARPAINFANTIL,21,3,4,2025-12-11 16:51:41,2026-03-23 14:26:20,Gerardo Mercier:21,
,CONFIRMAR_USO_HISTORICO_STOCK_LECTURAS,D495639,21,0,10,2025-12-11 16:51:38,2026-03-23 14:16:44,Gerardo Mercier:21,
,CONFIRMAR_USO_HISTORICO_STOCK_LECTURAS,DEPGIMBAL203,21,4,4,2026-04-07 17:14:19,2026-04-27 10:14:19,Jonathan Carvajal:21,
,CONFIRMAR_USO_HISTORICO_STOCK_LECTURAS,JUEGCL1182881,21,0,1,2026-04-07 17:14:20,2026-04-27 10:14:20,Jonathan Carvajal:21,
,CONFIRMAR_USO_HISTORICO_STOCK_LECTURAS,JUEGCL1184724,21,4,4,2025-12-11 16:51:41,2026-03-23 14:26:22,Gerardo Mercier:21,
,CONFIRMAR_USO_HISTORICO_STOCK_LECTURAS,JUEGCL1187053,21,1,1,2025-12-11 16:51:41,2026-03-23 14:26:20,Gerardo Mercier:21,
,CONFIRMAR_USO_HISTORICO_STOCK_LECTURAS,JUEGCL3965338,21,8,9,2025-12-11 16:51:41,2026-03-23 14:26:22,Gerardo Mercier:21,
,CONFIRMAR_USO_HISTORICO_STOCK_LECTURAS,JUEGCL3989822,21,1,1,2025-12-11 16:51:41,2026-03-23 14:26:20,Gerardo Mercier:21,
,CONFIRMAR_USO_HISTORICO_STOCK_LECTURAS,JUEGCL3990415,21,3,3,2025-12-11 16:51:41,2026-03-23 14:26:21,Gerardo Mercier:21,
,CONFIRMAR_USO_HISTORICO_STOCK_LECTURAS,JUEGCL4006658,21,4,6,2025-12-11 16:51:41,2026-03-23 14:26:22,Gerardo Mercier:21,
,CONFIRMAR_USO_HISTORICO_STOCK_LECTURAS,JUEGCL4011249,21,3,3,2026-04-07 17:14:20,2026-04-27 10:14:20,Jonathan Carvajal:21,
,CONFIRMAR_USO_HISTORICO_STOCK_LECTURAS,JUEGCL4015469,21,2,2,2025-12-11 16:51:41,2026-03-23 14:26:21,Gerardo Mercier:21,
,CONFIRMAR_USO_HISTORICO_STOCK_LECTURAS,JUEGCL4016039,21,1,1,2025-12-11 16:51:41,2026-03-23 14:26:20,Gerardo Mercier:21,
,CONFIRMAR_USO_HISTORICO_STOCK_LECTURAS,JUEGCL4040904,21,0,1,2025-12-11 16:51:41,2026-03-23 14:26:19,Gerardo Mercier:21,
,CONFIRMAR_USO_HISTORICO_STOCK_LECTURAS,JUEGCL4043202,21,2,3,2025-12-11 16:51:41,2026-03-23 14:26:21,Gerardo Mercier:21,
,CONFIRMAR_USO_HISTORICO_STOCK_LECTURAS,JUEGCL4315422,21,1,1,2025-12-11 16:51:41,2026-03-23 14:26:20,Gerardo Mercier:21,
,CONFIRMAR_USO_HISTORICO_STOCK_LECTURAS,JUEGCL736180-1,21,1,3,2025-12-11 16:51:41,2026-03-23 14:26:21,Gerardo Mercier:21,
,CONFIRMAR_USO_HISTORICO_STOCK_LECTURAS,JUEGDUP012,21,1,1,2025-12-15 14:59:35,2026-03-23 14:21:41,Gerardo Mercier:21,
,CONFIRMAR_USO_HISTORICO_STOCK_LECTURAS,JUEGEDU062,21,1,1,2025-12-15 14:59:35,2026-03-23 14:21:44,Gerardo Mercier:21,
,CONFIRMAR_USO_HISTORICO_STOCK_LECTURAS,JUEGJAI344,21,0,2,2025-12-12 08:55:40,2026-03-23 14:19:46,Gerardo Mercier:21,
,CONFIRMAR_USO_HISTORICO_STOCK_LECTURAS,JUEGROL23969-1A,21,6,20,2025-09-08 09:07:15,2025-10-13 12:29:25,Gerardo Mercier:21,
,CONFIRMAR_USO_HISTORICO_STOCK_LECTURAS,JUEGSH1131-1,21,6,8,2026-04-07 17:14:22,2026-04-27 10:14:22,Jonathan Carvajal:21,
,CONFIRMAR_USO_HISTORICO_STOCK_LECTURAS,LTSALDA257,21,43,43,2025-12-15 14:59:35,2026-03-23 14:21:44,Gerardo Mercier:21,
,CONFIRMAR_USO_HISTORICO_STOCK_LECTURAS,MERCDOBBLE,21,0,1,2025-12-11 16:51:41,2026-03-23 14:26:19,Gerardo Mercier:21,
,CONFIRMAR_USO_HISTORICO_STOCK_LECTURAS,MK-139C,21,2,4,2025-12-11 16:51:41,2026-03-23 14:26:21,Gerardo Mercier:21,
,CONFIRMAR_USO_HISTORICO_STOCK_LECTURAS,MK-139D,21,4,4,2025-12-11 16:51:41,2026-03-23 14:26:22,Gerardo Mercier:21,
,CONFIRMAR_USO_HISTORICO_STOCK_LECTURAS,MK-503B,21,1,1,2025-12-11 16:51:41,2026-03-23 14:26:20,Gerardo Mercier:21,
,CONFIRMAR_USO_HISTORICO_STOCK_LECTURAS,MLICHUEVO,21,10,10,2025-12-11 16:51:41,2026-03-23 14:26:22,Gerardo Mercier:21,
,CONFIRMAR_USO_HISTORICO_STOCK_LECTURAS,MLPIS50,21,1,2,2025-12-11 16:51:41,2026-03-23 14:26:21,Gerardo Mercier:21,
,CONFIRMAR_USO_HISTORICO_STOCK_LECTURAS,MSN18027,21,2,3,2025-12-11 16:51:41,2026-03-23 14:26:21,Gerardo Mercier:21,
,CONFIRMAR_USO_HISTORICO_STOCK_LECTURAS,PL-883,21,3,3,2025-12-11 16:51:41,2026-03-23 14:26:21,Gerardo Mercier:21,
,CONFIRMAR_USO_HISTORICO_STOCK_LECTURAS,WY505-1,21,1,5,2025-12-11 16:51:41,2026-03-23 14:26:22,Gerardo Mercier:21,
,CONFIRMAR_USO_HISTORICO_STOCK_LECTURAS,juegjai1119,21,1,3,2025-09-24 08:56:25,2026-04-21 13:28:03,Jonathan Carvajal:20 | Gerardo Mercier:1,
,CONFIRMAR_USO_HISTORICO_STOCK_LECTURAS,218AFA362,20,1,1,2025-12-12 08:55:42,2026-03-23 14:26:20,Gerardo Mercier:20,
,CONFIRMAR_USO_HISTORICO_STOCK_LECTURAS,CE96,20,2,2,2025-12-12 08:55:42,2026-03-23 14:26:21,Gerardo Mercier:20,
,CONFIRMAR_USO_HISTORICO_STOCK_LECTURAS,D503021,20,0,2,2025-08-21 12:52:20,2026-04-27 10:14:19,Jonathan Carvajal:15 | Gerardo Mercier:5,
,CONFIRMAR_USO_HISTORICO_STOCK_LECTURAS,DARDIML,20,0,1,2025-12-12 08:55:42,2026-03-23 14:26:19,Gerardo Mercier:20,
,CONFIRMAR_USO_HISTORICO_STOCK_LECTURAS,DEPGIMBAL061,20,2,2,2026-04-08 14:34:09,2026-04-27 10:14:19,Jonathan Carvajal:20,
,CONFIRMAR_USO_HISTORICO_STOCK_LECTURAS,INSTTAL042,20,0,10,2025-12-17 10:36:23,2026-03-23 14:21:44,Gerardo Mercier:20,
,CONFIRMAR_USO_HISTORICO_STOCK_LECTURAS,JUEGPLO082,20,2,2,2025-12-17 10:36:23,2026-03-23 14:21:44,Gerardo Mercier:20,
,CONFIRMAR_USO_HISTORICO_STOCK_LECTURAS,JUEYOGAPSE,20,3,3,2025-12-12 08:55:42,2026-03-23 14:26:21,Gerardo Mercier:20,
,CONFIRMAR_USO_HISTORICO_STOCK_LECTURAS,LENG0031,20,1,1,2025-12-12 08:55:42,2026-03-23 14:26:20,Gerardo Mercier:20,
,CONFIRMAR_USO_HISTORICO_STOCK_LECTURAS,PISCINA50,20,1,1,2025-12-12 08:55:42,2026-03-23 14:26:20,Gerardo Mercier:20,
,CONFIRMAR_USO_HISTORICO_STOCK_LECTURAS,juegrol23097,20,1,92,2025-09-24 08:56:26,2026-04-21 11:08:54,Jonathan Carvajal:19 | Gerardo Mercier:1,
,CONFIRMAR_USO_HISTORICO_STOCK_LECTURAS,AB1028,19,1,2,2025-12-15 14:59:36,2026-03-23 14:26:21,Gerardo Mercier:19,
,CONFIRMAR_USO_HISTORICO_STOCK_LECTURAS,ARENAMAGROS1,19,1,1,2025-12-15 14:59:36,2026-03-23 14:26:20,Gerardo Mercier:19,
,CONFIRMAR_USO_HISTORICO_STOCK_LECTURAS,BB650,19,4,4,2025-12-15 14:59:36,2026-03-23 14:26:21,Gerardo Mercier:19,
,CONFIRMAR_USO_HISTORICO_STOCK_LECTURAS,BOTONES1,19,1,1,2025-12-15 14:59:36,2026-03-23 14:26:20,Gerardo Mercier:19,
,CONFIRMAR_USO_HISTORICO_STOCK_LECTURAS,FA056-1,19,1,1,2025-12-15 14:59:36,2026-03-23 14:26:20,Gerardo Mercier:19,
,CONFIRMAR_USO_HISTORICO_STOCK_LECTURAS,FA089-1,19,1,1,2025-12-15 14:59:36,2026-03-23 14:26:20,Gerardo Mercier:19,
,CONFIRMAR_USO_HISTORICO_STOCK_LECTURAS,FA192-1,19,3,3,2025-12-15 14:59:36,2026-03-23 14:26:21,Gerardo Mercier:19,
,CONFIRMAR_USO_HISTORICO_STOCK_LECTURAS,FA336-1,19,2,2,2025-12-15 14:59:36,2026-03-23 14:26:21,Gerardo Mercier:19,
,CONFIRMAR_USO_HISTORICO_STOCK_LECTURAS,JUEGBAS069,19,0,2,2026-01-02 11:48:16,2026-03-23 14:21:43,Gerardo Mercier:19,
,CONFIRMAR_USO_HISTORICO_STOCK_LECTURAS,JUEGCL4015407,19,1,1,2025-12-15 14:59:36,2026-03-23 14:26:20,Gerardo Mercier:19,
,CONFIRMAR_USO_HISTORICO_STOCK_LECTURAS,JUEGPLAS1192,19,7,7,2025-12-04 09:34:52,2026-01-09 09:04:34,Gerardo Mercier:19,
,CONFIRMAR_USO_HISTORICO_STOCK_LECTURAS,JUEGPLAS1240,19,3,3,2025-12-15 14:59:36,2026-03-23 14:26:21,Gerardo Mercier:19,
,CONFIRMAR_USO_HISTORICO_STOCK_LECTURAS,JUEGROL20805-2,19,0,1350,2025-08-27 13:34:21,2025-10-13 12:29:25,Gerardo Mercier:19,
,CONFIRMAR_USO_HISTORICO_STOCK_LECTURAS,JUEGTOK021,19,2,2,2025-12-22 09:02:36,2026-03-23 14:21:42,Gerardo Mercier:19,
,CONFIRMAR_USO_HISTORICO_STOCK_LECTURAS,JUEGYIN036,19,2,2,2025-12-22 09:02:36,2026-03-23 14:21:42,Gerardo Mercier:19,
,CONFIRMAR_USO_HISTORICO_STOCK_LECTURAS,JUEGYIN102,19,0,1,2025-12-22 09:02:36,2026-03-23 14:21:42,Gerardo Mercier:19,
,CONFIRMAR_USO_HISTORICO_STOCK_LECTURAS,KT1047,19,1,1,2025-12-15 14:59:36,2026-03-23 14:26:20,Gerardo Mercier:19,
,CONFIRMAR_USO_HISTORICO_STOCK_LECTURAS,KT2015,19,2,2,2025-12-15 14:59:36,2026-03-23 14:26:21,Gerardo Mercier:19,
,CONFIRMAR_USO_HISTORICO_STOCK_LECTURAS,MK-140B,19,2,2,2025-12-15 14:59:36,2026-03-23 14:26:21,Gerardo Mercier:19,
,CONFIRMAR_USO_HISTORICO_STOCK_LECTURAS,MK-362G,19,4,4,2025-12-15 14:59:36,2026-03-23 14:26:22,Gerardo Mercier:19,
,CONFIRMAR_USO_HISTORICO_STOCK_LECTURAS,MUNDT058,19,7,7,2025-12-17 10:36:21,2026-03-23 14:18:04,Gerardo Mercier:19,
,CONFIRMAR_USO_HISTORICO_STOCK_LECTURAS,TETRA,19,1,2,2025-12-15 14:59:36,2026-03-23 14:26:21,Gerardo Mercier:19,
,CONFIRMAR_USO_HISTORICO_STOCK_LECTURAS,TIJEBEI004,19,4,4,2025-12-22 09:02:36,2026-03-23 14:21:41,Gerardo Mercier:19,
,CONFIRMAR_USO_HISTORICO_STOCK_LECTURAS,TIJEHOL005,19,3,3,2025-12-22 09:02:36,2026-03-23 14:21:41,Gerardo Mercier:19,
,CONFIRMAR_USO_HISTORICO_STOCK_LECTURAS,juegsh762,19,3,23,2025-09-02 08:54:59,2025-10-08 08:59:30,Gerardo Mercier:19,
,CONFIRMAR_USO_HISTORICO_STOCK_LECTURAS,BAS001,18,1,2,2025-09-24 08:56:25,2026-02-10 16:56:35,Gerardo Mercier:18,
,CONFIRMAR_USO_HISTORICO_STOCK_LECTURAS,D709018,18,2,7,2025-09-24 08:56:25,2026-03-23 14:16:44,Gerardo Mercier:18,
,CONFIRMAR_USO_HISTORICO_STOCK_LECTURAS,F3639,18,1,1,2025-12-17 10:36:21,2026-03-23 14:16:44,Gerardo Mercier:18,
,CONFIRMAR_USO_HISTORICO_STOCK_LECTURAS,JUEGCAI009,18,1,1,2025-12-23 08:47:11,2026-03-23 14:21:42,Gerardo Mercier:18,
,CONFIRMAR_USO_HISTORICO_STOCK_LECTURAS,JUEGSH1188,18,4,4,2025-12-22 09:02:35,2026-03-23 14:19:47,Gerardo Mercier:18,
,CONFIRMAR_USO_HISTORICO_STOCK_LECTURAS,MLTI3CER,18,5,5,2026-04-09 16:45:00,2026-04-27 10:14:23,Jonathan Carvajal:18,
,CONFIRMAR_USO_HISTORICO_STOCK_LECTURAS,PL-576,18,1,1,2026-04-09 16:45:00,2026-04-27 10:14:23,Jonathan Carvajal:18,
,CONFIRMAR_USO_HISTORICO_STOCK_LECTURAS,juegsh1188,18,6,10,2026-04-09 16:44:57,2026-04-27 10:14:22,Jonathan Carvajal:18,
,CONFIRMAR_USO_HISTORICO_STOCK_LECTURAS,juegsh1687,18,2,2,2026-04-09 16:44:58,2026-04-27 10:14:22,Jonathan Carvajal:18,
,CONFIRMAR_USO_HISTORICO_STOCK_LECTURAS,2018D-1061,17,1,2,2025-12-22 09:02:37,2026-03-23 14:26:20,Gerardo Mercier:17,
,CONFIRMAR_USO_HISTORICO_STOCK_LECTURAS,6806,17,0,1,2025-12-22 09:02:38,2026-03-23 14:26:19,Gerardo Mercier:17,
,CONFIRMAR_USO_HISTORICO_STOCK_LECTURAS,DCSO11,17,2,2,2025-12-22 09:02:38,2026-03-23 14:26:21,Gerardo Mercier:17,
,CONFIRMAR_USO_HISTORICO_STOCK_LECTURAS,FA120-1,17,0,1,2025-12-22 09:02:38,2026-03-23 14:26:19,Gerardo Mercier:17,
,CONFIRMAR_USO_HISTORICO_STOCK_LECTURAS,FA195-1,17,1,1,2025-12-22 09:02:38,2026-03-23 14:26:20,Gerardo Mercier:17,
,CONFIRMAR_USO_HISTORICO_STOCK_LECTURAS,FA348-1,17,1,1,2025-12-22 09:02:38,2026-03-23 14:26:20,Gerardo Mercier:17,
,CONFIRMAR_USO_HISTORICO_STOCK_LECTURAS,FAL115125,17,1,1,2025-12-22 09:02:38,2026-03-23 14:26:20,Gerardo Mercier:17,
,CONFIRMAR_USO_HISTORICO_STOCK_LECTURAS,GLM048,17,6,13,2025-12-22 09:02:38,2026-03-23 14:26:22,Gerardo Mercier:17,
,CONFIRMAR_USO_HISTORICO_STOCK_LECTURAS,JUEGCL4015643,17,1,1,2025-12-22 09:02:38,2026-03-23 14:26:20,Gerardo Mercier:17,
,CONFIRMAR_USO_HISTORICO_STOCK_LECTURAS,JUEGJAI1119,17,2,6,2026-01-02 11:48:14,2026-04-27 10:14:20,Gerardo Mercier:12 | Jonathan Carvajal:5,
,CONFIRMAR_USO_HISTORICO_STOCK_LECTURAS,JUEGJAI392,17,0,1,2025-12-23 08:47:09,2026-03-23 14:19:46,Gerardo Mercier:17,
,CONFIRMAR_USO_HISTORICO_STOCK_LECTURAS,JUEGLEA284,17,2,2,2025-12-24 13:13:14,2026-03-23 14:21:44,Gerardo Mercier:17,
,CONFIRMAR_USO_HISTORICO_STOCK_LECTURAS,JUEGPLAS1211,17,0,10,2025-12-22 09:02:38,2026-03-23 14:26:22,Gerardo Mercier:17,
,CONFIRMAR_USO_HISTORICO_STOCK_LECTURAS,JUEGRIZO1,17,0,1,2026-04-10 16:39:50,2026-04-27 10:14:21,Jonathan Carvajal:17,
,CONFIRMAR_USO_HISTORICO_STOCK_LECTURAS,JUEGSH1162,17,2,2,2026-04-10 16:39:51,2026-04-27 10:14:22,Jonathan Carvajal:17,
,CONFIRMAR_USO_HISTORICO_STOCK_LECTURAS,JUEGTIM001,17,1,2,2026-04-10 16:39:51,2026-04-27 10:14:22,Jonathan Carvajal:17,
,CONFIRMAR_USO_HISTORICO_STOCK_LECTURAS,KIMO,17,1,1,2025-12-22 09:02:38,2026-03-23 14:26:20,Gerardo Mercier:17,
,CONFIRMAR_USO_HISTORICO_STOCK_LECTURAS,MG2,17,1,1,2025-12-22 09:02:38,2026-03-23 14:26:20,Gerardo Mercier:17,
,CONFIRMAR_USO_HISTORICO_STOCK_LECTURAS,MK-137Q,17,2,2,2025-12-22 09:02:38,2026-03-23 14:26:21,Gerardo Mercier:17,
,CONFIRMAR_USO_HISTORICO_STOCK_LECTURAS,MK-137T,17,11,11,2025-12-22 09:02:38,2026-03-23 14:26:22,Gerardo Mercier:17,
,CONFIRMAR_USO_HISTORICO_STOCK_LECTURAS,PALITO,17,2,2,2025-12-22 09:02:38,2026-03-23 14:26:21,Gerardo Mercier:17,
,CONFIRMAR_USO_HISTORICO_STOCK_LECTURAS,PIZARRATA,17,1,1,2026-04-10 16:39:52,2026-04-27 10:14:23,Jonathan Carvajal:17,
,CONFIRMAR_USO_HISTORICO_STOCK_LECTURAS,PT-EV01153,17,2,3,2025-12-22 09:02:34,2026-03-23 14:16:44,Gerardo Mercier:17,
,CONFIRMAR_USO_HISTORICO_STOCK_LECTURAS,SEG166,17,1,1,2025-12-22 09:02:38,2026-03-23 14:26:21,Gerardo Mercier:17,
,CONFIRMAR_USO_HISTORICO_STOCK_LECTURAS,SEG2070,17,1,1,2025-12-22 09:02:38,2026-03-23 14:26:21,Gerardo Mercier:17,
,CONFIRMAR_USO_HISTORICO_STOCK_LECTURAS,SG091,17,0,1,2025-08-21 12:52:20,2026-03-23 14:16:44,Gerardo Mercier:17,
,CONFIRMAR_USO_HISTORICO_STOCK_LECTURAS,TERAUL011,17,1,1,2025-12-22 09:02:38,2026-03-23 14:26:21,Gerardo Mercier:17,
,CONFIRMAR_USO_HISTORICO_STOCK_LECTURAS,TERAUL105,17,2,2,2025-12-22 09:02:38,2026-03-23 14:26:21,Gerardo Mercier:17,
,CONFIRMAR_USO_HISTORICO_STOCK_LECTURAS,TNWX-6904,17,2,2,2026-04-10 16:39:52,2026-04-27 10:14:24,Jonathan Carvajal:17,
,CONFIRMAR_USO_HISTORICO_STOCK_LECTURAS,d807062,17,0,2,2025-08-21 12:52:58,2025-10-03 09:26:15,Gerardo Mercier:17,
,CONFIRMAR_USO_HISTORICO_STOCK_LECTURAS,jueginv052,17,1,1,2025-09-03 13:47:22,2025-10-08 08:59:30,Gerardo Mercier:17,
,CONFIRMAR_USO_HISTORICO_STOCK_LECTURAS,juegsh1491,17,2,2,2026-04-10 16:39:51,2026-04-27 10:14:22,Jonathan Carvajal:17,
,CONFIRMAR_USO_HISTORICO_STOCK_LECTURAS,juegtim025-1,17,8,8,2026-04-10 16:39:51,2026-04-27 10:14:22,Jonathan Carvajal:17,
,CONFIRMAR_USO_HISTORICO_STOCK_LECTURAS,mapv1500-c,17,0,1,2026-03-31 17:28:33,2026-04-17 17:10:39,Jonathan Carvajal:17,
,CONFIRMAR_USO_HISTORICO_STOCK_LECTURAS,pastillero01,17,7,7,2026-04-10 16:39:52,2026-04-27 10:14:23,Jonathan Carvajal:17,
,CONFIRMAR_USO_HISTORICO_STOCK_LECTURAS,BA,16,1,1,2025-12-23 08:47:11,2026-03-23 14:26:20,Gerardo Mercier:16,
,CONFIRMAR_USO_HISTORICO_STOCK_LECTURAS,D230030,16,1,3,2025-12-23 08:47:08,2026-03-23 14:16:41,Gerardo Mercier:16,
,CONFIRMAR_USO_HISTORICO_STOCK_LECTURAS,D701039,16,0,4,2025-12-23 08:47:08,2026-03-23 14:16:44,Gerardo Mercier:16,
,CONFIRMAR_USO_HISTORICO_STOCK_LECTURAS,DCCE96,16,1,1,2025-12-23 08:47:11,2026-03-23 14:26:20,Gerardo Mercier:16,
,CONFIRMAR_USO_HISTORICO_STOCK_LECTURAS,JUEGCAI006,16,0,1,2025-12-26 10:48:19,2026-03-23 14:21:42,Gerardo Mercier:16,
,CONFIRMAR_USO_HISTORICO_STOCK_LECTURAS,JUEGLEA320,16,0,1,2025-12-26 10:48:19,2026-03-23 14:21:42,Gerardo Mercier:16,
,CONFIRMAR_USO_HISTORICO_STOCK_LECTURAS,JUEGPLAS1101,16,1,1,2025-12-23 08:47:11,2026-03-23 14:26:20,Gerardo Mercier:16,
,CONFIRMAR_USO_HISTORICO_STOCK_LECTURAS,JUEGPLAS1120,16,3,4,2025-12-23 08:47:11,2026-03-23 14:26:22,Gerardo Mercier:16,
,CONFIRMAR_USO_HISTORICO_STOCK_LECTURAS,JUEGROL23141A,16,0,95,2025-08-27 13:34:21,2025-10-13 12:29:25,Gerardo Mercier:16,
,CONFIRMAR_USO_HISTORICO_STOCK_LECTURAS,JUEGRUB002,16,3,3,2025-12-26 10:48:19,2026-03-23 14:21:42,Gerardo Mercier:16,
,CONFIRMAR_USO_HISTORICO_STOCK_LECTURAS,LN-70150912,16,5,5,2025-12-23 08:47:11,2026-03-23 14:26:22,Gerardo Mercier:16,
,CONFIRMAR_USO_HISTORICO_STOCK_LECTURAS,MASACORCHO,16,3,3,2025-12-23 08:47:11,2026-03-23 14:26:21,Gerardo Mercier:16,
,CONFIRMAR_USO_HISTORICO_STOCK_LECTURAS,MERC-PISTOLA,16,0,2,2025-12-23 08:47:11,2026-03-23 14:26:20,Gerardo Mercier:16,
,CONFIRMAR_USO_HISTORICO_STOCK_LECTURAS,MK-137X,16,1,1,2025-12-23 08:47:11,2026-03-23 14:26:20,Gerardo Mercier:16,
,CONFIRMAR_USO_HISTORICO_STOCK_LECTURAS,MK-503D,16,1,1,2025-12-23 08:47:11,2026-03-23 14:26:20,Gerardo Mercier:16,
,CONFIRMAR_USO_HISTORICO_STOCK_LECTURAS,PIMPC-200205,16,1,1,2025-12-23 08:47:11,2026-03-23 14:26:20,Gerardo Mercier:16,
,CONFIRMAR_USO_HISTORICO_STOCK_LECTURAS,PINCHOL001,16,1,10,2025-12-26 10:48:19,2026-03-23 14:21:41,Gerardo Mercier:16,
,CONFIRMAR_USO_HISTORICO_STOCK_LECTURAS,SE24230,16,5,6,2025-12-23 08:47:11,2026-03-23 14:26:22,Gerardo Mercier:16,
,CONFIRMAR_USO_HISTORICO_STOCK_LECTURAS,TECLADO32,16,34,42,2025-12-23 08:47:11,2026-03-23 14:26:22,Gerardo Mercier:16,
,CONFIRMAR_USO_HISTORICO_STOCK_LECTURAS,arenbei007,16,1,8,2026-03-31 17:28:25,2026-04-16 12:57:03,Jonathan Carvajal:16,
,CONFIRMAR_USO_HISTORICO_STOCK_LECTURAS,2018D-896-1,15,8,8,2025-08-27 13:36:10,2025-10-01 09:39:26,Gerardo Mercier:15,
,CONFIRMAR_USO_HISTORICO_STOCK_LECTURAS,540,15,0,1,2025-08-21 12:52:59,2025-10-01 09:39:27,Gerardo Mercier:15,
,CONFIRMAR_USO_HISTORICO_STOCK_LECTURAS,D705076,15,2,2,2026-04-13 11:01:55,2026-04-27 10:14:19,Jonathan Carvajal:15,
,CONFIRMAR_USO_HISTORICO_STOCK_LECTURAS,D807037,15,0,1,2025-12-24 13:13:12,2026-03-23 14:16:44,Gerardo Mercier:15,
,CONFIRMAR_USO_HISTORICO_STOCK_LECTURAS,D811017,15,1,1,2026-04-13 11:01:56,2026-04-27 10:14:19,Jonathan Carvajal:15,
,CONFIRMAR_USO_HISTORICO_STOCK_LECTURAS,DC90B8080A55,15,8,8,2026-04-13 11:01:56,2026-04-27 10:14:19,Jonathan Carvajal:15,
,CONFIRMAR_USO_HISTORICO_STOCK_LECTURAS,JUEGCL1170673,15,2,2,2025-09-25 10:44:48,2025-10-21 12:45:39,Gerardo Mercier:15,
,CONFIRMAR_USO_HISTORICO_STOCK_LECTURAS,JUEGPLO093,15,1,1,2025-12-29 09:23:50,2026-03-23 14:21:42,Gerardo Mercier:15,
,CONFIRMAR_USO_HISTORICO_STOCK_LECTURAS,JUEGROLGYM-3,15,0,1,2025-08-27 13:34:21,2026-04-27 10:14:22,Jonathan Carvajal:14 | Gerardo Mercier:1,
,CONFIRMAR_USO_HISTORICO_STOCK_LECTURAS,JUEGTEA071,15,1,1,2025-12-29 09:23:50,2026-03-23 14:21:42,Gerardo Mercier:15,
,CONFIRMAR_USO_HISTORICO_STOCK_LECTURAS,PIZATIZA200,15,3,3,2025-12-15 14:59:36,2026-02-10 16:56:35,Gerardo Mercier:15,
,CONFIRMAR_USO_HISTORICO_STOCK_LECTURAS,PLAYHAM,15,0,0,2025-12-23 08:47:11,2026-03-11 12:38:51,Gerardo Mercier:15,
,CONFIRMAR_USO_HISTORICO_STOCK_LECTURAS,PROYECTOR,15,0,1,2025-12-24 13:13:14,2026-03-23 14:26:21,Gerardo Mercier:15,
,CONFIRMAR_USO_HISTORICO_STOCK_LECTURAS,jueggoc009,15,1,1,2026-04-13 11:01:56,2026-04-27 10:14:20,Jonathan Carvajal:15,
,CONFIRMAR_USO_HISTORICO_STOCK_LECTURAS,juegplo028a,15,1,2,2025-09-24 08:56:26,2026-04-14 17:50:52,Jonathan Carvajal:14 | Gerardo Mercier:1,
,CONFIRMAR_USO_HISTORICO_STOCK_LECTURAS,2018d-1312,14,1,1,2025-09-02 08:54:58,2025-10-01 09:39:26,Gerardo Mercier:14,
,CONFIRMAR_USO_HISTORICO_STOCK_LECTURAS,GP002380,14,0,6,2025-12-26 10:48:22,2026-03-23 14:26:21,Gerardo Mercier:14,
,CONFIRMAR_USO_HISTORICO_STOCK_LECTURAS,JUEGBAS225,14,3,4,2025-09-24 08:56:25,2026-03-23 14:21:43,Gerardo Mercier:14,
,CONFIRMAR_USO_HISTORICO_STOCK_LECTURAS,JUEGCAI008,14,0,1,2025-09-24 08:56:25,2026-03-23 14:21:43,Gerardo Mercier:14,
,CONFIRMAR_USO_HISTORICO_STOCK_LECTURAS,JUEGCAI021,14,0,1,2025-09-24 08:56:25,2026-03-23 14:21:43,Gerardo Mercier:14,
,CONFIRMAR_USO_HISTORICO_STOCK_LECTURAS,JUEGUSL060,14,0,1,2025-09-24 08:56:27,2026-03-23 14:21:44,Gerardo Mercier:14,
,CONFIRMAR_USO_HISTORICO_STOCK_LECTURAS,LTSALDA143,14,7,7,2025-09-24 08:56:27,2026-03-23 14:21:43,Gerardo Mercier:14,
,CONFIRMAR_USO_HISTORICO_STOCK_LECTURAS,LTSALDA276,14,2,4,2025-09-24 08:56:27,2026-03-23 14:21:43,Gerardo Mercier:14,
,CONFIRMAR_USO_HISTORICO_STOCK_LECTURAS,juegplas1055,14,13,13,2025-09-02 08:54:59,2025-10-01 09:39:29,Gerardo Mercier:14,
,CONFIRMAR_USO_HISTORICO_STOCK_LECTURAS,pl-576,14,1,2,2025-09-02 08:54:59,2025-10-01 09:39:30,Gerardo Mercier:14,
,CONFIRMAR_USO_HISTORICO_STOCK_LECTURAS,pl-784,14,1,5,2026-03-31 17:28:33,2026-04-14 17:50:54,Jonathan Carvajal:14,
,CONFIRMAR_USO_HISTORICO_STOCK_LECTURAS,pl-784b,14,0,1,2025-09-02 08:54:58,2025-10-01 09:39:27,Gerardo Mercier:14,
,CONFIRMAR_USO_HISTORICO_STOCK_LECTURAS,COYC10AZ,13,0,2,2025-12-29 09:23:51,2026-03-23 14:26:19,Gerardo Mercier:13,
,CONFIRMAR_USO_HISTORICO_STOCK_LECTURAS,INSTTAL003,13,0,2,2025-09-24 08:56:25,2026-03-23 14:21:44,Gerardo Mercier:13,
,CONFIRMAR_USO_HISTORICO_STOCK_LECTURAS,INSTTAL007,13,1,1,2026-01-02 11:48:16,2026-03-23 14:21:43,Gerardo Mercier:13,
,CONFIRMAR_USO_HISTORICO_STOCK_LECTURAS,JUEGBAS182,13,1,1,2026-01-02 11:48:16,2026-03-23 14:21:43,Gerardo Mercier:13,
,CONFIRMAR_USO_HISTORICO_STOCK_LECTURAS,JUEGBAS208,13,1,1,2026-01-02 11:48:16,2026-03-23 14:21:43,Gerardo Mercier:13,
,CONFIRMAR_USO_HISTORICO_STOCK_LECTURAS,JUEGBAS237,13,1,1,2026-01-02 11:48:16,2026-03-23 14:21:43,Gerardo Mercier:13,
,CONFIRMAR_USO_HISTORICO_STOCK_LECTURAS,JUEGBAS250,13,1,1,2026-01-02 11:48:16,2026-03-23 14:21:43,Gerardo Mercier:13,
,CONFIRMAR_USO_HISTORICO_STOCK_LECTURAS,JUEGBAS282,13,1,1,2025-09-26 09:05:48,2025-10-16 10:25:22,Gerardo Mercier:13,
,CONFIRMAR_USO_HISTORICO_STOCK_LECTURAS,JUEGBAS296,13,1,1,2026-01-02 11:48:16,2026-03-23 14:21:43,Gerardo Mercier:13,
,CONFIRMAR_USO_HISTORICO_STOCK_LECTURAS,JUEGBAS410,13,1,2,2026-01-02 11:48:16,2026-03-23 14:21:43,Gerardo Mercier:13,
,CONFIRMAR_USO_HISTORICO_STOCK_LECTURAS,JUEGBAS413,13,1,1,2026-01-02 11:48:16,2026-03-23 14:21:43,Gerardo Mercier:13,
,CONFIRMAR_USO_HISTORICO_STOCK_LECTURAS,JUEGBAS457,13,2,2,2026-01-02 11:48:14,2026-03-23 14:21:44,Gerardo Mercier:13,
,CONFIRMAR_USO_HISTORICO_STOCK_LECTURAS,JUEGCUB031,13,1,1,2026-01-02 11:48:16,2026-03-23 14:21:43,Gerardo Mercier:13,
,CONFIRMAR_USO_HISTORICO_STOCK_LECTURAS,JUEGGEN102,13,1,1,2026-01-02 11:48:16,2026-03-23 14:21:43,Gerardo Mercier:13,
,CONFIRMAR_USO_HISTORICO_STOCK_LECTURAS,JUEGGOC076,13,2,2,2026-01-02 11:48:14,2026-03-23 14:21:41,Gerardo Mercier:13,
,CONFIRMAR_USO_HISTORICO_STOCK_LECTURAS,JUEGGOD059,13,1,1,2026-01-02 11:48:16,2026-03-23 14:21:43,Gerardo Mercier:13,
,CONFIRMAR_USO_HISTORICO_STOCK_LECTURAS,JUEGINT013,13,0,1,2026-01-02 11:48:16,2026-03-23 14:21:44,Gerardo Mercier:13,
,CONFIRMAR_USO_HISTORICO_STOCK_LECTURAS,JUEGINT017,13,0,1,2026-01-02 11:48:16,2026-03-23 14:21:44,Gerardo Mercier:13,
,CONFIRMAR_USO_HISTORICO_STOCK_LECTURAS,JUEGINT092,13,0,1,2026-01-02 11:48:16,2026-03-23 14:21:44,Gerardo Mercier:13,
,CONFIRMAR_USO_HISTORICO_STOCK_LECTURAS,JUEGJAI601,13,2,2,2025-09-24 08:56:26,2026-03-23 14:19:46,Gerardo Mercier:13,
,CONFIRMAR_USO_HISTORICO_STOCK_LECTURAS,JUEGLEA359,13,5,6,2026-01-02 11:48:14,2026-03-23 14:21:42,Gerardo Mercier:13,
,CONFIRMAR_USO_HISTORICO_STOCK_LECTURAS,JUEGLUE041,13,1,1,2026-01-02 11:48:16,2026-03-23 14:21:44,Gerardo Mercier:13,
,CONFIRMAR_USO_HISTORICO_STOCK_LECTURAS,JUEGLUE048,13,1,2,2026-01-02 11:48:16,2026-03-23 14:21:43,Gerardo Mercier:13,
,CONFIRMAR_USO_HISTORICO_STOCK_LECTURAS,JUEGPLO019-1,13,1,1,2026-01-02 11:48:16,2026-03-23 14:21:44,Gerardo Mercier:13,
,CONFIRMAR_USO_HISTORICO_STOCK_LECTURAS,JUEGPLO027-1,13,0,2,2026-01-02 11:48:16,2026-03-23 14:21:43,Gerardo Mercier:13,
,CONFIRMAR_USO_HISTORICO_STOCK_LECTURAS,JUEGPLO076,13,1,1,2026-01-02 11:48:16,2026-03-23 14:21:44,Gerardo Mercier:13,
,CONFIRMAR_USO_HISTORICO_STOCK_LECTURAS,JUEGPLO083,13,0,1,2026-01-02 11:48:16,2026-03-23 14:21:44,Gerardo Mercier:13,
,CONFIRMAR_USO_HISTORICO_STOCK_LECTURAS,JUEGPLO131,13,1,1,2026-01-02 11:48:16,2026-03-23 14:21:42,Gerardo Mercier:13,
,CONFIRMAR_USO_HISTORICO_STOCK_LECTURAS,JUEGQIA040,13,1,1,2026-01-02 11:48:16,2026-03-23 14:21:44,Gerardo Mercier:13,
,CONFIRMAR_USO_HISTORICO_STOCK_LECTURAS,JUEGROL23059,13,0,61,2025-08-27 13:34:22,2026-03-23 14:14:28,Gerardo Mercier:13,
,CONFIRMAR_USO_HISTORICO_STOCK_LECTURAS,JUEGSON067,13,1,1,2026-01-02 11:48:16,2026-03-23 14:21:44,Gerardo Mercier:13,
,CONFIRMAR_USO_HISTORICO_STOCK_LECTURAS,JUEGTEA082,13,1,1,2026-01-02 11:48:16,2026-03-23 14:21:44,Gerardo Mercier:13,
,CONFIRMAR_USO_HISTORICO_STOCK_LECTURAS,JUEGYIN042-1,13,0,3,2026-01-02 11:48:16,2026-03-23 14:21:43,Gerardo Mercier:13,
,CONFIRMAR_USO_HISTORICO_STOCK_LECTURAS,JUEGZHE034,13,2,3,2026-01-02 11:48:14,2026-03-23 14:21:44,Gerardo Mercier:13,
,CONFIRMAR_USO_HISTORICO_STOCK_LECTURAS,JUEGZHE129,13,1,2,2026-01-02 11:48:16,2026-03-23 14:21:43,Gerardo Mercier:13,
,CONFIRMAR_USO_HISTORICO_STOCK_LECTURAS,JUEGZHE130,13,1,1,2026-01-02 11:48:16,2026-03-23 14:21:42,Gerardo Mercier:13,
,CONFIRMAR_USO_HISTORICO_STOCK_LECTURAS,LTSALDA262,13,1,1,2025-09-24 08:56:27,2026-03-23 14:21:44,Gerardo Mercier:13,
,CONFIRMAR_USO_HISTORICO_STOCK_LECTURAS,LTSALDA401,13,1,1,2025-09-24 08:56:27,2026-03-23 14:21:44,Gerardo Mercier:13,
,CONFIRMAR_USO_HISTORICO_STOCK_LECTURAS,LTSALDA522,13,0,2,2026-01-02 11:48:16,2026-03-23 14:21:43,Gerardo Mercier:13,
,CONFIRMAR_USO_HISTORICO_STOCK_LECTURAS,LTSALDA728,13,2,2,2026-01-02 11:48:16,2026-03-23 14:21:43,Gerardo Mercier:13,
,CONFIRMAR_USO_HISTORICO_STOCK_LECTURAS,LTSALDA910,13,1,1,2025-09-24 08:56:27,2026-03-23 14:21:44,Gerardo Mercier:13,
,CONFIRMAR_USO_HISTORICO_STOCK_LECTURAS,MKQC7HARSA,13,2,9,2025-09-24 08:56:27,2026-02-10 16:56:35,Gerardo Mercier:13,
,CONFIRMAR_USO_HISTORICO_STOCK_LECTURAS,MUNDT043,13,0,2,2025-08-21 12:57:49,2026-03-23 14:18:04,Gerardo Mercier:13,
,CONFIRMAR_USO_HISTORICO_STOCK_LECTURAS,PASTILLERO01,13,7,7,2025-12-22 09:02:38,2026-02-10 16:56:40,Gerardo Mercier:13,
,CONFIRMAR_USO_HISTORICO_STOCK_LECTURAS,T601005,13,0,1,2025-08-21 12:52:20,2026-03-23 14:16:44,Gerardo Mercier:13,
,CONFIRMAR_USO_HISTORICO_STOCK_LECTURAS,VELCRO20,13,2,2,2025-12-29 09:23:51,2026-03-23 14:26:21,Gerardo Mercier:13,
,CONFIRMAR_USO_HISTORICO_STOCK_LECTURAS,juegplo056,13,0,2,2025-09-24 08:56:26,2026-03-23 14:21:44,Gerardo Mercier:13,
,CONFIRMAR_USO_HISTORICO_STOCK_LECTURAS,juegzhe180,13,1,1,2025-09-24 08:56:27,2026-03-23 14:21:44,Gerardo Mercier:13,
,CONFIRMAR_USO_HISTORICO_STOCK_LECTURAS,juegzhe219,13,1,1,2025-09-24 08:56:27,2026-03-23 14:21:44,Gerardo Mercier:13,
,CONFIRMAR_USO_HISTORICO_STOCK_LECTURAS,juegzhe233,13,1,1,2025-09-24 08:56:27,2026-03-23 14:21:44,Gerardo Mercier:13,
,CONFIRMAR_USO_HISTORICO_STOCK_LECTURAS,juegzhe238,13,1,1,2025-09-24 08:56:27,2026-03-23 14:21:44,Gerardo Mercier:13,
,CONFIRMAR_USO_HISTORICO_STOCK_LECTURAS,juegzhe295,13,1,2,2025-09-24 08:56:27,2026-03-23 14:21:44,Gerardo Mercier:13,
,CONFIRMAR_USO_HISTORICO_STOCK_LECTURAS,juegzhe310,13,1,1,2025-09-24 08:56:27,2026-03-23 14:21:44,Gerardo Mercier:13,
,CONFIRMAR_USO_HISTORICO_STOCK_LECTURAS,180692,12,1,1,2025-12-22 09:02:38,2026-01-09 09:04:34,Gerardo Mercier:12,
,CONFIRMAR_USO_HISTORICO_STOCK_LECTURAS,522038,12,6,6,2025-12-23 08:47:11,2026-02-10 16:56:35,Gerardo Mercier:12,
,CONFIRMAR_USO_HISTORICO_STOCK_LECTURAS,5600,12,0,1,2025-09-24 08:56:24,2026-03-23 14:16:44,Gerardo Mercier:12,
,CONFIRMAR_USO_HISTORICO_STOCK_LECTURAS,821005089,12,0,1,2025-09-24 08:56:25,2026-03-23 14:26:19,Gerardo Mercier:12,
,CONFIRMAR_USO_HISTORICO_STOCK_LECTURAS,D230051,12,2,2,2025-12-30 08:56:38,2026-03-23 14:16:44,Gerardo Mercier:12,
,CONFIRMAR_USO_HISTORICO_STOCK_LECTURAS,D302009,12,0,1,2025-08-21 12:52:20,2026-03-23 14:16:44,Gerardo Mercier:12,
,CONFIRMAR_USO_HISTORICO_STOCK_LECTURAS,D303018,12,1,8,2025-09-24 08:56:25,2026-03-23 14:16:44,Gerardo Mercier:12,
,CONFIRMAR_USO_HISTORICO_STOCK_LECTURAS,D303037,12,0,1,2025-09-24 08:56:25,2026-03-23 14:16:44,Gerardo Mercier:12,
,CONFIRMAR_USO_HISTORICO_STOCK_LECTURAS,D705078,12,0,1,2025-09-24 08:56:25,2026-03-23 14:16:42,Gerardo Mercier:12,
,CONFIRMAR_USO_HISTORICO_STOCK_LECTURAS,DBP2030SB,12,0,1,2025-09-24 08:56:25,2026-03-23 14:16:44,Gerardo Mercier:12,
,CONFIRMAR_USO_HISTORICO_STOCK_LECTURAS,DEPFUTARC001,12,0,1,2025-09-24 08:56:24,2026-03-23 14:26:19,Gerardo Mercier:12,
,CONFIRMAR_USO_HISTORICO_STOCK_LECTURAS,JUEGJAI112,12,1,1,2026-01-02 11:48:14,2026-03-23 14:19:45,Gerardo Mercier:12,
,CONFIRMAR_USO_HISTORICO_STOCK_LECTURAS,JUEGJAI1558,12,1,1,2026-01-02 11:48:14,2026-03-23 14:19:45,Gerardo Mercier:12,
,CONFIRMAR_USO_HISTORICO_STOCK_LECTURAS,JUEGJAI367,12,14,15,2026-01-02 11:48:14,2026-03-23 14:19:46,Gerardo Mercier:12,
,CONFIRMAR_USO_HISTORICO_STOCK_LECTURAS,JUEGJAI447,12,0,1,2026-01-02 11:48:14,2026-03-23 14:19:46,Gerardo Mercier:12,
,CONFIRMAR_USO_HISTORICO_STOCK_LECTURAS,JUEGJAI545,12,1,1,2026-01-02 11:48:14,2026-03-23 14:19:46,Gerardo Mercier:12,
,CONFIRMAR_USO_HISTORICO_STOCK_LECTURAS,JUEGJAIMOT,12,8,13,2026-01-02 11:48:14,2026-03-23 14:19:46,Gerardo Mercier:12,
,CONFIRMAR_USO_HISTORICO_STOCK_LECTURAS,JUEGROL26175-3,12,0,9,2025-08-27 13:34:22,2026-04-27 10:14:22,Jonathan Carvajal:11 | Gerardo Mercier:1,
,CONFIRMAR_USO_HISTORICO_STOCK_LECTURAS,PUA,12,2,3,2026-01-02 11:48:14,2026-03-23 14:19:48,Gerardo Mercier:12,
,CONFIRMAR_USO_HISTORICO_STOCK_LECTURAS,S501003,12,0,1,2025-08-21 12:52:20,2026-03-23 14:16:44,Gerardo Mercier:12,
,CONFIRMAR_USO_HISTORICO_STOCK_LECTURAS,T201034,12,0,2,2025-08-21 12:52:20,2026-03-23 14:16:44,Gerardo Mercier:12,
,CONFIRMAR_USO_HISTORICO_STOCK_LECTURAS,c111001,12,17,17,2026-04-14 17:50:50,2026-04-27 10:14:18,Jonathan Carvajal:12,
,CONFIRMAR_USO_HISTORICO_STOCK_LECTURAS,c111002,12,3,3,2026-04-14 17:50:50,2026-04-27 10:14:18,Jonathan Carvajal:12,
,CONFIRMAR_USO_HISTORICO_STOCK_LECTURAS,espadan012,12,1,1,2026-04-14 17:50:51,2026-04-27 10:14:20,Jonathan Carvajal:12,
,CONFIRMAR_USO_HISTORICO_STOCK_LECTURAS,juegrol23128,12,0,2,2025-09-24 08:56:26,2026-03-23 14:14:26,Gerardo Mercier:12,
,CONFIRMAR_USO_HISTORICO_STOCK_LECTURAS,juegrol24257,12,1,5,2025-09-24 08:56:26,2026-03-23 14:14:27,Gerardo Mercier:12,
,CONFIRMAR_USO_HISTORICO_STOCK_LECTURAS,juegsh100,12,0,1,2025-09-24 08:56:26,2026-03-23 14:19:47,Gerardo Mercier:12,
,CONFIRMAR_USO_HISTORICO_STOCK_LECTURAS,juegsh1149,12,5,5,2025-09-24 08:56:26,2026-03-23 14:19:47,Gerardo Mercier:12,
,CONFIRMAR_USO_HISTORICO_STOCK_LECTURAS,juegsh1825,12,1,1,2025-09-24 08:56:26,2026-03-23 14:19:47,Gerardo Mercier:12,
,CONFIRMAR_USO_HISTORICO_STOCK_LECTURAS,juegsh230,12,1,1,2025-09-24 08:56:26,2026-03-23 14:19:48,Gerardo Mercier:12,
,CONFIRMAR_USO_HISTORICO_STOCK_LECTURAS,juegsh477,12,0,3,2025-09-24 08:56:26,2026-03-23 14:19:48,Gerardo Mercier:12,
,CONFIRMAR_USO_HISTORICO_STOCK_LECTURAS,326002524,11,1,1,2025-09-24 08:56:25,2026-03-23 14:26:20,Gerardo Mercier:11,
,CONFIRMAR_USO_HISTORICO_STOCK_LECTURAS,36MASAS,11,2,2,2026-01-02 11:48:17,2026-03-23 14:26:21,Gerardo Mercier:11,
,CONFIRMAR_USO_HISTORICO_STOCK_LECTURAS,C201025,11,1,1,2026-01-02 11:48:13,2026-03-23 14:16:44,Gerardo Mercier:11,
,CONFIRMAR_USO_HISTORICO_STOCK_LECTURAS,C705013,11,5,7,2026-01-02 11:48:12,2026-03-23 14:16:41,Gerardo Mercier:11,
,CONFIRMAR_USO_HISTORICO_STOCK_LECTURAS,CHAMPIONPENN,11,5,5,2026-01-02 11:48:17,2026-03-23 14:26:22,Gerardo Mercier:11,
,CONFIRMAR_USO_HISTORICO_STOCK_LECTURAS,Cusinino,11,1,2,2025-09-24 08:56:25,2026-03-23 14:26:21,Gerardo Mercier:11,
,CONFIRMAR_USO_HISTORICO_STOCK_LECTURAS,D203023,11,1,1,2026-01-02 11:48:13,2026-03-23 14:16:44,Gerardo Mercier:11,
,CONFIRMAR_USO_HISTORICO_STOCK_LECTURAS,D209006,11,3,3,2026-01-02 11:48:13,2026-03-23 14:16:42,Gerardo Mercier:11,
,CONFIRMAR_USO_HISTORICO_STOCK_LECTURAS,D230007,11,4,5,2026-01-02 11:48:13,2026-03-23 14:16:41,Gerardo Mercier:11,
,CONFIRMAR_USO_HISTORICO_STOCK_LECTURAS,D230009,11,3,3,2026-01-02 11:48:13,2026-03-23 14:16:41,Gerardo Mercier:11,
,CONFIRMAR_USO_HISTORICO_STOCK_LECTURAS,D301027,11,0,1,2026-01-02 11:48:13,2026-03-23 14:16:44,Gerardo Mercier:11,
,CONFIRMAR_USO_HISTORICO_STOCK_LECTURAS,D302005,11,6,6,2026-01-02 11:48:13,2026-03-23 14:16:43,Gerardo Mercier:11,
,CONFIRMAR_USO_HISTORICO_STOCK_LECTURAS,D302012,11,2,2,2026-01-02 11:48:13,2026-03-23 14:16:43,Gerardo Mercier:11,
,CONFIRMAR_USO_HISTORICO_STOCK_LECTURAS,D709017,11,1,1,2026-01-02 11:48:13,2026-03-23 14:16:44,Gerardo Mercier:11,
,CONFIRMAR_USO_HISTORICO_STOCK_LECTURAS,D750001,11,9,10,2026-01-02 11:48:13,2026-03-23 14:16:42,Gerardo Mercier:11,
,CONFIRMAR_USO_HISTORICO_STOCK_LECTURAS,D801015,11,4,4,2026-01-02 11:48:13,2026-03-23 14:16:44,Gerardo Mercier:11,
,CONFIRMAR_USO_HISTORICO_STOCK_LECTURAS,D901012,11,74,79,2026-01-02 11:48:13,2026-03-23 14:16:43,Gerardo Mercier:11,
,CONFIRMAR_USO_HISTORICO_STOCK_LECTURAS,DBWHP2030SPVC,11,1,1,2026-01-02 11:48:13,2026-03-23 14:16:44,Gerardo Mercier:11,
,CONFIRMAR_USO_HISTORICO_STOCK_LECTURAS,DCMA11,11,2,2,2026-01-02 11:48:17,2026-03-23 14:26:21,Gerardo Mercier:11,
,CONFIRMAR_USO_HISTORICO_STOCK_LECTURAS,DCMA12,11,2,2,2026-01-02 11:48:17,2026-03-23 14:26:21,Gerardo Mercier:11,
,CONFIRMAR_USO_HISTORICO_STOCK_LECTURAS,DD810BG,11,4,4,2026-01-02 11:48:13,2026-03-23 14:16:44,Gerardo Mercier:11,
,CONFIRMAR_USO_HISTORICO_STOCK_LECTURAS,DEPFUTBAL507,11,0,1,2026-01-02 11:48:17,2026-03-23 14:26:19,Gerardo Mercier:11,
,CONFIRMAR_USO_HISTORICO_STOCK_LECTURAS,DEPMANHEX001,11,3,4,2026-01-02 11:48:17,2026-03-23 14:26:21,Gerardo Mercier:11,
,CONFIRMAR_USO_HISTORICO_STOCK_LECTURAS,DMB004,11,0,1,2025-09-24 08:56:25,2026-03-23 14:26:19,Gerardo Mercier:11,
,CONFIRMAR_USO_HISTORICO_STOCK_LECTURAS,E-HNB720,11,1,1,2025-09-24 08:56:25,2026-03-23 14:26:20,Gerardo Mercier:11,
,CONFIRMAR_USO_HISTORICO_STOCK_LECTURAS,E0336,11,0,1,2025-09-24 08:56:25,2026-03-23 14:26:19,Gerardo Mercier:11,
,CONFIRMAR_USO_HISTORICO_STOCK_LECTURAS,E1756,11,2,2,2026-01-02 11:48:13,2026-03-23 14:16:44,Gerardo Mercier:11,
,CONFIRMAR_USO_HISTORICO_STOCK_LECTURAS,F6421,11,2,2,2026-01-02 11:48:16,2026-03-23 14:26:21,Gerardo Mercier:11,
,CONFIRMAR_USO_HISTORICO_STOCK_LECTURAS,JUEGCL103007,11,1,3,2025-09-24 08:56:25,2026-03-23 14:26:20,Gerardo Mercier:11,
,CONFIRMAR_USO_HISTORICO_STOCK_LECTURAS,JUEGCL4007723,11,1,2,2025-09-24 08:56:25,2026-03-23 14:26:21,Gerardo Mercier:11,
,CONFIRMAR_USO_HISTORICO_STOCK_LECTURAS,JUEGCL4015650,11,1,1,2025-09-24 08:56:25,2026-03-23 14:26:20,Gerardo Mercier:11,
,CONFIRMAR_USO_HISTORICO_STOCK_LECTURAS,JUEGOLG1818,11,3,3,2025-09-24 08:56:26,2026-03-23 14:26:21,Gerardo Mercier:11,
,CONFIRMAR_USO_HISTORICO_STOCK_LECTURAS,JUEGPLAS1081,11,1,1,2025-09-24 08:56:26,2026-03-23 14:26:20,Gerardo Mercier:11,
,CONFIRMAR_USO_HISTORICO_STOCK_LECTURAS,JUEGPLAS1645,11,1,1,2026-01-02 11:48:17,2026-03-23 14:26:20,Gerardo Mercier:11,
,CONFIRMAR_USO_HISTORICO_STOCK_LECTURAS,JUEGPLO028a,11,3,3,2026-04-15 17:54:25,2026-04-27 10:14:21,Jonathan Carvajal:11,
,CONFIRMAR_USO_HISTORICO_STOCK_LECTURAS,JUEGPLO100,11,2,2,2026-01-06 10:22:43,2026-03-23 14:21:42,Gerardo Mercier:11,
,CONFIRMAR_USO_HISTORICO_STOCK_LECTURAS,LI9789563650914,11,2,2,2025-09-24 08:56:27,2026-03-23 14:26:21,Gerardo Mercier:11,
,CONFIRMAR_USO_HISTORICO_STOCK_LECTURAS,NWX12015,11,1,4,2026-01-02 11:48:13,2026-03-23 14:16:44,Gerardo Mercier:11,
,CONFIRMAR_USO_HISTORICO_STOCK_LECTURAS,PT-EV00822,11,1,1,2026-01-02 11:48:13,2026-03-23 14:16:44,Gerardo Mercier:11,
,CONFIRMAR_USO_HISTORICO_STOCK_LECTURAS,RELOJ6,11,1,1,2026-01-02 11:48:17,2026-03-23 14:26:21,Gerardo Mercier:11,
,CONFIRMAR_USO_HISTORICO_STOCK_LECTURAS,SO31,11,1,1,2026-01-02 11:48:17,2026-03-23 14:26:21,Gerardo Mercier:11,
,CONFIRMAR_USO_HISTORICO_STOCK_LECTURAS,ac663,11,0,1,2025-09-24 08:56:25,2026-03-23 14:26:19,Gerardo Mercier:11,
,CONFIRMAR_USO_HISTORICO_STOCK_LECTURAS,ac664,11,0,1,2025-09-24 08:56:25,2026-03-23 14:26:19,Gerardo Mercier:11,
,CONFIRMAR_USO_HISTORICO_STOCK_LECTURAS,baredces001,11,1,1,2025-09-24 08:56:25,2026-03-23 14:26:20,Gerardo Mercier:11,
,CONFIRMAR_USO_HISTORICO_STOCK_LECTURAS,bb3200k060rsx,11,1,1,2025-09-24 08:56:25,2026-03-23 14:26:20,Gerardo Mercier:11,
,CONFIRMAR_USO_HISTORICO_STOCK_LECTURAS,d301001,11,1,2,2025-09-24 08:56:25,2026-04-10 16:42:19,Jonathan Carvajal:10 | Gerardo Mercier:1,
,CONFIRMAR_USO_HISTORICO_STOCK_LECTURAS,d301024,11,1,1,2025-09-24 08:56:25,2026-04-10 16:42:19,Jonathan Carvajal:10 | Gerardo Mercier:1,
,CONFIRMAR_USO_HISTORICO_STOCK_LECTURAS,dmb010,11,2,2,2025-09-24 08:56:25,2026-03-23 14:26:21,Gerardo Mercier:11,
,CONFIRMAR_USO_HISTORICO_STOCK_LECTURAS,fuaccent028,11,1,1,2025-09-24 08:56:25,2026-03-23 14:26:20,Gerardo Mercier:11,
,CONFIRMAR_USO_HISTORICO_STOCK_LECTURAS,funmais,11,1,2,2025-09-24 08:56:25,2026-03-23 14:26:20,Gerardo Mercier:11,
,CONFIRMAR_USO_HISTORICO_STOCK_LECTURAS,juegcl1115674,11,3,3,2025-09-24 08:56:25,2026-03-23 14:26:21,Gerardo Mercier:11,
,CONFIRMAR_USO_HISTORICO_STOCK_LECTURAS,juegcl2422764,11,1,1,2025-09-24 08:56:25,2026-03-23 14:26:20,Gerardo Mercier:11,
,CONFIRMAR_USO_HISTORICO_STOCK_LECTURAS,juegcl4015803,11,0,1,2025-09-24 08:56:25,2026-03-23 14:26:19,Gerardo Mercier:11,
,CONFIRMAR_USO_HISTORICO_STOCK_LECTURAS,juegcub069,11,4,4,2026-04-15 17:54:23,2026-04-27 10:14:20,Jonathan Carvajal:11,
,CONFIRMAR_USO_HISTORICO_STOCK_LECTURAS,juegdan002,11,2,2,2026-04-15 17:54:23,2026-04-27 10:14:20,Jonathan Carvajal:11,
,CONFIRMAR_USO_HISTORICO_STOCK_LECTURAS,juegplas1088,11,0,1,2025-09-24 08:56:26,2026-03-23 14:26:19,Gerardo Mercier:11,
,CONFIRMAR_USO_HISTORICO_STOCK_LECTURAS,juegplas1103,11,1,1,2025-09-24 08:56:26,2026-03-23 14:26:20,Gerardo Mercier:11,
,CONFIRMAR_USO_HISTORICO_STOCK_LECTURAS,juegplas1149,11,1,1,2025-09-24 08:56:26,2026-03-23 14:26:20,Gerardo Mercier:11,
,CONFIRMAR_USO_HISTORICO_STOCK_LECTURAS,juegplo082-1,11,2,2,2026-04-15 17:54:25,2026-04-27 10:14:21,Jonathan Carvajal:11,
,CONFIRMAR_USO_HISTORICO_STOCK_LECTURAS,juegplo106,11,1,1,2026-04-15 17:54:25,2026-04-27 10:14:21,Jonathan Carvajal:11,
,CONFIRMAR_USO_HISTORICO_STOCK_LECTURAS,juegsp23pl770,11,1,1,2025-09-24 08:56:27,2026-03-23 14:26:20,Gerardo Mercier:11,
,CONFIRMAR_USO_HISTORICO_STOCK_LECTURAS,juegsta031,11,1,1,2026-04-15 17:54:27,2026-04-27 10:14:22,Jonathan Carvajal:11,
,CONFIRMAR_USO_HISTORICO_STOCK_LECTURAS,juegyin107,11,1,1,2026-04-15 17:54:27,2026-04-27 10:14:22,Jonathan Carvajal:11,
,CONFIRMAR_USO_HISTORICO_STOCK_LECTURAS,la001,11,0,1,2025-09-24 08:56:27,2026-03-23 14:26:19,Gerardo Mercier:11,
,CONFIRMAR_USO_HISTORICO_STOCK_LECTURAS,la005,11,1,1,2025-09-24 08:56:27,2026-03-23 14:26:20,Gerardo Mercier:11,
,CONFIRMAR_USO_HISTORICO_STOCK_LECTURAS,la006,11,1,1,2025-09-24 08:56:27,2026-03-23 14:26:20,Gerardo Mercier:11,
,CONFIRMAR_USO_HISTORICO_STOCK_LECTURAS,lk326001810,11,1,1,2025-09-24 08:56:27,2026-03-23 14:26:20,Gerardo Mercier:11,
,CONFIRMAR_USO_HISTORICO_STOCK_LECTURAS,mercdomino,11,2,2,2025-09-24 08:56:27,2026-03-23 14:26:21,Gerardo Mercier:11,
,CONFIRMAR_USO_HISTORICO_STOCK_LECTURAS,pa-868300999,11,1,1,2025-09-24 08:56:27,2026-03-23 14:26:20,Gerardo Mercier:11,
,CONFIRMAR_USO_HISTORICO_STOCK_LECTURAS,padelamap3,11,2,2,2025-09-24 08:56:27,2026-03-23 14:26:21,Gerardo Mercier:11,
,CONFIRMAR_USO_HISTORICO_STOCK_LECTURAS,pesca1,11,1,1,2025-09-24 08:56:27,2026-03-23 14:26:20,Gerardo Mercier:11,
,CONFIRMAR_USO_HISTORICO_STOCK_LECTURAS,tmaccred002,11,2,3,2025-09-24 08:56:27,2026-03-23 14:26:21,Gerardo Mercier:11,
,CONFIRMAR_USO_HISTORICO_STOCK_LECTURAS,tmpalset003,11,2,2,2025-09-24 08:56:27,2026-03-23 14:26:21,Gerardo Mercier:11,
,CONFIRMAR_USO_HISTORICO_STOCK_LECTURAS,tnwx-1542,11,1,1,2025-09-24 08:56:27,2026-03-23 14:26:21,Gerardo Mercier:11,
,CONFIRMAR_USO_HISTORICO_STOCK_LECTURAS,tobillera4kg,11,4,5,2025-09-24 08:56:27,2026-03-23 14:26:22,Gerardo Mercier:11,
,CONFIRMAR_USO_HISTORICO_STOCK_LECTURAS,tre001,11,1,1,2025-09-24 08:56:27,2026-03-23 14:26:21,Gerardo Mercier:11,
,CONFIRMAR_USO_HISTORICO_STOCK_LECTURAS,uf1559274839302,11,0,1,2025-09-24 08:56:27,2026-03-23 14:26:20,Gerardo Mercier:11,
,CONFIRMAR_USO_HISTORICO_STOCK_LECTURAS,BB32001033AZ,10,1,1,2026-01-05 10:01:06,2026-03-23 14:26:20,Gerardo Mercier:10,
,CONFIRMAR_USO_HISTORICO_STOCK_LECTURAS,JUEGROL23055,10,0,1154,2025-08-27 13:34:22,2026-03-31 17:49:32,Gerardo Mercier:8 | Jonathan Carvajal:2,
,CONFIRMAR_USO_HISTORICO_STOCK_LECTURAS,JUEGROL25842-1,10,200,206,2026-04-16 12:57:12,2026-04-27 10:14:22,Jonathan Carvajal:10,
,CONFIRMAR_USO_HISTORICO_STOCK_LECTURAS,JUEGUSL119,10,1,1,2025-09-03 13:47:22,2025-09-26 09:05:48,Gerardo Mercier:10,
,CONFIRMAR_USO_HISTORICO_STOCK_LECTURAS,MASASUN001,10,5,6,2026-01-07 08:50:08,2026-03-23 14:21:41,Gerardo Mercier:10,
,CONFIRMAR_USO_HISTORICO_STOCK_LECTURAS,ARENBEI008,9,8,8,2026-04-17 17:10:33,2026-04-27 10:14:18,Jonathan Carvajal:9,
,CONFIRMAR_USO_HISTORICO_STOCK_LECTURAS,JUEGROL2011-2,9,0,1,2025-08-27 13:34:22,2026-04-27 10:14:21,Jonathan Carvajal:8 | Gerardo Mercier:1,
,CONFIRMAR_USO_HISTORICO_STOCK_LECTURAS,MKUTG662IW,9,2,2,2025-09-24 08:56:27,2026-03-23 14:26:22,Gerardo Mercier:9,
,CONFIRMAR_USO_HISTORICO_STOCK_LECTURAS,arenbei006,9,16,16,2026-04-17 17:10:33,2026-04-27 10:14:18,Jonathan Carvajal:9,
,CONFIRMAR_USO_HISTORICO_STOCK_LECTURAS,C108017,8,14,14,2026-01-07 08:50:05,2026-03-23 14:16:44,Gerardo Mercier:8,
,CONFIRMAR_USO_HISTORICO_STOCK_LECTURAS,C111001,8,2,2,2026-01-07 08:50:05,2026-03-23 14:16:44,Gerardo Mercier:8,
,CONFIRMAR_USO_HISTORICO_STOCK_LECTURAS,D705047,8,3,3,2026-01-07 08:50:05,2026-03-23 14:16:44,Gerardo Mercier:8,
,CONFIRMAR_USO_HISTORICO_STOCK_LECTURAS,JUEGCAI015-1,8,0,2,2026-01-09 09:04:33,2026-03-23 14:21:44,Gerardo Mercier:8,
,CONFIRMAR_USO_HISTORICO_STOCK_LECTURAS,JUEGROL25017,8,0,166,2026-02-10 16:56:31,2026-04-01 16:26:05,Gerardo Mercier:5 | Jonathan Carvajal:3,
,CONFIRMAR_USO_HISTORICO_STOCK_LECTURAS,PACK12BURB1,8,6,24,2026-01-07 08:50:10,2026-03-23 14:26:22,Gerardo Mercier:8,
,CONFIRMAR_USO_HISTORICO_STOCK_LECTURAS,PT-EV00836,8,1,1,2026-01-07 08:50:05,2026-03-23 14:16:44,Gerardo Mercier:8,
,CONFIRMAR_USO_HISTORICO_STOCK_LECTURAS,TWISTER,8,1,1,2025-10-14 09:07:00,2025-11-04 09:21:35,Gerardo Mercier:8,
,CONFIRMAR_USO_HISTORICO_STOCK_LECTURAS,gibalent003,8,1,1,2026-04-20 17:52:35,2026-04-27 10:14:20,Jonathan Carvajal:8,
,CONFIRMAR_USO_HISTORICO_STOCK_LECTURAS,inti-ort201005110,8,1,1,2026-04-20 17:52:35,2026-04-27 10:14:20,Jonathan Carvajal:8,
,CONFIRMAR_USO_HISTORICO_STOCK_LECTURAS,jueglea284,8,2,2,2026-04-20 17:52:36,2026-04-27 10:14:21,Jonathan Carvajal:8,
,CONFIRMAR_USO_HISTORICO_STOCK_LECTURAS,jueglea326,8,1,1,2026-04-20 17:52:36,2026-04-27 10:14:21,Jonathan Carvajal:8,
,CONFIRMAR_USO_HISTORICO_STOCK_LECTURAS,juegsh313,8,3,5,2025-09-02 08:54:59,2025-09-24 08:59:25,Gerardo Mercier:8,
,CONFIRMAR_USO_HISTORICO_STOCK_LECTURAS,juegtim025,8,0,1,2026-03-31 17:28:32,2026-04-09 16:44:59,Jonathan Carvajal:8,
,CONFIRMAR_USO_HISTORICO_STOCK_LECTURAS,mapv1500-C,8,13,13,2026-04-20 17:52:38,2026-04-27 10:14:23,Jonathan Carvajal:8,
,CONFIRMAR_USO_HISTORICO_STOCK_LECTURAS,vobalama002,8,2,2,2026-04-20 17:52:38,2026-04-27 10:14:24,Jonathan Carvajal:8,
,CONFIRMAR_USO_HISTORICO_STOCK_LECTURAS,JUEGCAI048-1,7,8,8,2026-01-14 08:59:06,2026-03-23 14:21:41,Gerardo Mercier:7,
,CONFIRMAR_USO_HISTORICO_STOCK_LECTURAS,JUEGLEA560,7,2,2,2026-01-14 08:59:06,2026-03-23 14:21:42,Gerardo Mercier:7,
,CONFIRMAR_USO_HISTORICO_STOCK_LECTURAS,JUEGROLW07C068B,7,0,1,2025-08-27 13:34:21,2026-01-14 08:58:59,Gerardo Mercier:7,
,CONFIRMAR_USO_HISTORICO_STOCK_LECTURAS,MK-145,7,1,1,2025-09-24 08:59:24,2025-10-01 09:39:27,Gerardo Mercier:7,
,CONFIRMAR_USO_HISTORICO_STOCK_LECTURAS,MK5N4JNHOR,7,1,1,2026-01-02 11:48:17,2026-02-10 16:56:39,Gerardo Mercier:7,
,CONFIRMAR_USO_HISTORICO_STOCK_LECTURAS,juegsh1608,7,2,2,2025-09-02 08:54:58,2025-09-11 12:25:07,Gerardo Mercier:7,
,CONFIRMAR_USO_HISTORICO_STOCK_LECTURAS,juegsh1706,7,2,2,2025-09-02 08:54:58,2025-09-11 12:25:07,Gerardo Mercier:7,
,CONFIRMAR_USO_HISTORICO_STOCK_LECTURAS,D811022,6,3,5,2026-01-09 09:04:28,2026-03-23 14:16:44,Gerardo Mercier:6,
,CONFIRMAR_USO_HISTORICO_STOCK_LECTURAS,JJDM-PRO13,6,1,1,2026-01-09 09:04:35,2026-03-23 14:26:20,Gerardo Mercier:6,
,CONFIRMAR_USO_HISTORICO_STOCK_LECTURAS,juegrol651,6,2,6,2026-03-31 17:28:32,2026-04-08 14:34:12,Jonathan Carvajal:6,
,CONFIRMAR_USO_HISTORICO_STOCK_LECTURAS,juegsh198,6,1,5,2025-09-24 08:56:26,2026-04-27 10:14:22,Jonathan Carvajal:5 | Gerardo Mercier:1,
,CONFIRMAR_USO_HISTORICO_STOCK_LECTURAS,ADHESHI017,5,9,9,2026-02-25 17:23:59,2026-03-23 14:21:44,Gerardo Mercier:5,
,CONFIRMAR_USO_HISTORICO_STOCK_LECTURAS,C604045,5,10,10,2026-02-10 16:56:32,2026-03-23 14:16:44,Gerardo Mercier:5,
,CONFIRMAR_USO_HISTORICO_STOCK_LECTURAS,CUBOSENSORY,5,7,8,2026-02-10 16:56:40,2026-03-23 14:26:22,Gerardo Mercier:5,
,CONFIRMAR_USO_HISTORICO_STOCK_LECTURAS,DEPGIMSTE027,5,1,1,2026-02-10 16:56:35,2026-03-23 14:26:20,Gerardo Mercier:5,
,CONFIRMAR_USO_HISTORICO_STOCK_LECTURAS,HTW65,5,1,1,2026-04-21 17:36:59,2026-04-27 10:14:20,Jonathan Carvajal:5,
,CONFIRMAR_USO_HISTORICO_STOCK_LECTURAS,JUEAST505,5,1,1,2025-10-29 09:50:36,2025-11-13 09:08:48,Gerardo Mercier:5,
,CONFIRMAR_USO_HISTORICO_STOCK_LECTURAS,JUEGBAS595,5,0,1,2026-02-25 17:23:59,2026-03-23 14:21:44,Gerardo Mercier:5,
,CONFIRMAR_USO_HISTORICO_STOCK_LECTURAS,JUEGINT111,5,1,1,2026-02-25 17:23:59,2026-03-23 14:21:44,Gerardo Mercier:5,
,CONFIRMAR_USO_HISTORICO_STOCK_LECTURAS,JUEGJAI105,5,4,4,2026-02-10 16:56:33,2026-03-23 14:19:45,Gerardo Mercier:5,
,CONFIRMAR_USO_HISTORICO_STOCK_LECTURAS,JUEGPLAS17015,5,3,3,2026-02-10 16:56:35,2026-03-23 14:26:21,Gerardo Mercier:5,
,CONFIRMAR_USO_HISTORICO_STOCK_LECTURAS,JUEGROL23123-1,5,0,9,2025-08-27 13:34:22,2026-03-23 14:14:27,Gerardo Mercier:5,
,CONFIRMAR_USO_HISTORICO_STOCK_LECTURAS,JUEGROL23123-3,5,0,16,2025-08-27 13:34:22,2026-03-23 14:14:27,Gerardo Mercier:5,
,CONFIRMAR_USO_HISTORICO_STOCK_LECTURAS,JUEGTOK069,5,1,1,2026-04-21 17:37:03,2026-04-27 10:14:22,Jonathan Carvajal:5,
,CONFIRMAR_USO_HISTORICO_STOCK_LECTURAS,MUNDT050,5,0,30,2025-08-21 12:57:49,2026-03-23 14:18:04,Gerardo Mercier:5,
,CONFIRMAR_USO_HISTORICO_STOCK_LECTURAS,PL-790,5,0,12,2026-04-21 17:37:04,2026-04-27 10:14:23,Jonathan Carvajal:5,
,CONFIRMAR_USO_HISTORICO_STOCK_LECTURAS,juegjai383,5,4,4,2026-04-21 17:37:01,2026-04-27 10:14:21,Jonathan Carvajal:5,
,CONFIRMAR_USO_HISTORICO_STOCK_LECTURAS,juegjai509,5,2,2,2026-04-21 17:37:01,2026-04-27 10:14:21,Jonathan Carvajal:5,
,CONFIRMAR_USO_HISTORICO_STOCK_LECTURAS,juegrol464,5,3,12,2026-03-31 17:28:32,2026-04-07 17:14:22,Jonathan Carvajal:5,
,CONFIRMAR_USO_HISTORICO_STOCK_LECTURAS,A501010,4,43,43,2026-02-25 17:06:47,2026-03-23 14:16:44,Gerardo Mercier:4,
,CONFIRMAR_USO_HISTORICO_STOCK_LECTURAS,A604024,4,33,33,2026-04-23 13:26:43,2026-04-27 10:14:18,Jonathan Carvajal:4,
,CONFIRMAR_USO_HISTORICO_STOCK_LECTURAS,C108003-1,4,4,4,2026-04-23 13:26:43,2026-04-27 10:14:18,Jonathan Carvajal:4,
,CONFIRMAR_USO_HISTORICO_STOCK_LECTURAS,C505007,4,9,9,2026-02-25 17:06:47,2026-03-23 14:16:44,Gerardo Mercier:4,
,CONFIRMAR_USO_HISTORICO_STOCK_LECTURAS,D230017,4,2,2,2026-02-25 17:06:47,2026-03-23 14:16:44,Gerardo Mercier:4,
,CONFIRMAR_USO_HISTORICO_STOCK_LECTURAS,D302057,4,0,0,2026-02-25 17:06:47,2026-03-23 14:16:44,Gerardo Mercier:4,
,CONFIRMAR_USO_HISTORICO_STOCK_LECTURAS,D803007,4,1,1,2026-02-25 17:06:47,2026-03-23 14:16:44,Gerardo Mercier:4,
,CONFIRMAR_USO_HISTORICO_STOCK_LECTURAS,DEPBASBAL054,4,1,1,2026-02-25 17:31:37,2026-03-23 14:26:20,Gerardo Mercier:4,
,CONFIRMAR_USO_HISTORICO_STOCK_LECTURAS,FUBALENT022,4,1,1,2026-02-25 17:31:37,2026-03-23 14:26:20,Gerardo Mercier:4,
,CONFIRMAR_USO_HISTORICO_STOCK_LECTURAS,JUEGBAS292,4,1,1,2026-03-02 07:49:38,2026-03-23 14:21:44,Gerardo Mercier:4,
,CONFIRMAR_USO_HISTORICO_STOCK_LECTURAS,JUEGBHA018,4,4,4,2026-04-23 13:26:53,2026-04-27 10:14:20,Jonathan Carvajal:4,
,CONFIRMAR_USO_HISTORICO_STOCK_LECTURAS,PANELVISUAL,4,3,3,2026-02-25 17:31:37,2026-03-23 14:26:21,Gerardo Mercier:4,
,CONFIRMAR_USO_HISTORICO_STOCK_LECTURAS,PM53,4,1,1,2026-04-23 13:27:01,2026-04-27 10:14:23,Jonathan Carvajal:4,
,CONFIRMAR_USO_HISTORICO_STOCK_LECTURAS,PUZZLE12,4,2,2,2026-02-25 17:31:37,2026-03-23 14:26:21,Gerardo Mercier:4,
,CONFIRMAR_USO_HISTORICO_STOCK_LECTURAS,T301019,4,0,0,2026-02-25 17:06:47,2026-03-23 14:16:44,Gerardo Mercier:4,
,CONFIRMAR_USO_HISTORICO_STOCK_LECTURAS,c306009,4,5,5,2026-04-23 13:26:43,2026-04-27 10:14:18,Jonathan Carvajal:4,
,CONFIRMAR_USO_HISTORICO_STOCK_LECTURAS,juegrol23114,4,3,35,2026-03-31 17:28:32,2026-04-02 17:23:44,Jonathan Carvajal:4,
,CONFIRMAR_USO_HISTORICO_STOCK_LECTURAS,lapibei003,4,5,5,2026-04-23 13:27:01,2026-04-27 10:14:23,Jonathan Carvajal:4,
,CONFIRMAR_USO_HISTORICO_STOCK_LECTURAS,A605037,3,30,30,2026-04-23 17:22:13,2026-04-27 10:14:18,Jonathan Carvajal:3,
,CONFIRMAR_USO_HISTORICO_STOCK_LECTURAS,AA-11000,3,6,6,2026-03-02 07:52:00,2026-03-23 14:26:22,Gerardo Mercier:3,
,CONFIRMAR_USO_HISTORICO_STOCK_LECTURAS,C706004,3,4,4,2026-03-02 07:42:38,2026-03-23 14:16:44,Gerardo Mercier:3,
,CONFIRMAR_USO_HISTORICO_STOCK_LECTURAS,D302059,3,0,0,2026-02-25 17:06:47,2026-03-23 14:16:44,Gerardo Mercier:3,
,CONFIRMAR_USO_HISTORICO_STOCK_LECTURAS,DEPBASBAL112,3,1,1,2026-03-02 07:52:03,2026-03-23 14:26:20,Gerardo Mercier:3,
,CONFIRMAR_USO_HISTORICO_STOCK_LECTURAS,FUACCSIL015,3,2,2,2026-03-02 07:52:03,2026-03-23 14:26:21,Gerardo Mercier:3,
,CONFIRMAR_USO_HISTORICO_STOCK_LECTURAS,JUEGROL231232-2,3,0,21,2025-08-27 13:34:22,2025-11-04 09:21:29,Gerardo Mercier:3,
,CONFIRMAR_USO_HISTORICO_STOCK_LECTURAS,JUEGROL26661-2,3,0,20,2025-08-27 13:34:23,2026-03-23 14:14:27,Gerardo Mercier:3,
,CONFIRMAR_USO_HISTORICO_STOCK_LECTURAS,NARPAYA001,3,30,30,2026-04-23 17:22:17,2026-04-27 10:14:23,Jonathan Carvajal:3,
,CONFIRMAR_USO_HISTORICO_STOCK_LECTURAS,PELUAFROCOL,3,22,22,2026-04-23 17:22:17,2026-04-27 10:14:23,Jonathan Carvajal:3,
,CONFIRMAR_USO_HISTORICO_STOCK_LECTURAS,PELUCA,3,4,4,2026-04-23 17:22:17,2026-04-27 10:14:23,Jonathan Carvajal:3,
,CONFIRMAR_USO_HISTORICO_STOCK_LECTURAS,110630427,2,3,3,2026-04-24 16:25:20,2026-04-27 10:14:18,Jonathan Carvajal:2,
,CONFIRMAR_USO_HISTORICO_STOCK_LECTURAS,6501,2,1,1,2026-04-24 16:25:19,2026-04-27 10:14:18,Jonathan Carvajal:2,
,CONFIRMAR_USO_HISTORICO_STOCK_LECTURAS,BANDASUSP,2,1,1,2026-04-24 16:25:21,2026-04-27 10:14:18,Jonathan Carvajal:2,
,CONFIRMAR_USO_HISTORICO_STOCK_LECTURAS,D450025,2,1,1,2026-03-02 07:42:38,2026-03-23 14:16:44,Gerardo Mercier:2,
,CONFIRMAR_USO_HISTORICO_STOCK_LECTURAS,F7697,2,1,1,2026-03-11 12:17:54,2026-03-23 14:16:44,Gerardo Mercier:2,
,CONFIRMAR_USO_HISTORICO_STOCK_LECTURAS,HL-59,2,5,5,2026-03-11 12:38:51,2026-03-23 14:26:22,Gerardo Mercier:2,
,CONFIRMAR_USO_HISTORICO_STOCK_LECTURAS,IMJ00433,2,10,10,2026-04-24 16:25:27,2026-04-27 10:14:20,Jonathan Carvajal:2,
,CONFIRMAR_USO_HISTORICO_STOCK_LECTURAS,JUEGBRU002,2,24,24,2026-04-24 16:25:27,2026-04-27 10:14:20,Jonathan Carvajal:2,
,CONFIRMAR_USO_HISTORICO_STOCK_LECTURAS,JUEGJAI478,2,2,2,2026-04-24 16:25:28,2026-04-27 10:14:21,Jonathan Carvajal:2,
,CONFIRMAR_USO_HISTORICO_STOCK_LECTURAS,JUEGJAILMA,2,1,1,2026-04-24 16:25:29,2026-04-27 10:14:21,Jonathan Carvajal:2,
,CONFIRMAR_USO_HISTORICO_STOCK_LECTURAS,JUEGJMI307,2,1,1,2026-04-24 16:25:29,2026-04-27 10:14:21,Jonathan Carvajal:2,
,CONFIRMAR_USO_HISTORICO_STOCK_LECTURAS,JUEGPLAS1004,2,5,5,2026-04-24 16:25:29,2026-04-27 10:14:21,Jonathan Carvajal:2,
,CONFIRMAR_USO_HISTORICO_STOCK_LECTURAS,JUEGPLAS1308,2,2,2,2026-04-24 16:25:29,2026-04-27 10:14:21,Jonathan Carvajal:2,
,CONFIRMAR_USO_HISTORICO_STOCK_LECTURAS,JUEGROL26661,2,0,3,2025-08-27 13:34:23,2026-03-23 14:14:28,Gerardo Mercier:2,
,CONFIRMAR_USO_HISTORICO_STOCK_LECTURAS,JUEGROL26661-1,2,0,3,2025-08-27 13:34:23,2026-03-23 14:14:28,Gerardo Mercier:2,
,CONFIRMAR_USO_HISTORICO_STOCK_LECTURAS,JUEGZHE304,2,3,3,2026-04-24 16:25:39,2026-04-27 10:14:23,Jonathan Carvajal:2,
,CONFIRMAR_USO_HISTORICO_STOCK_LECTURAS,ROMPE3DPRO,2,1,1,2026-04-24 16:25:40,2026-04-27 10:14:23,Jonathan Carvajal:2,
,CONFIRMAR_USO_HISTORICO_STOCK_LECTURAS,juegrol20803b,2,0,1,2026-03-31 17:28:32,2026-03-31 17:49:32,Jonathan Carvajal:2,
,CONFIRMAR_USO_HISTORICO_STOCK_LECTURAS,ltsalda960,2,0,1,2026-03-31 17:28:33,2026-03-31 17:49:33,Jonathan Carvajal:2,
,CONFIRMAR_USO_HISTORICO_STOCK_LECTURAS,1004,1,0,0,2025-08-21 12:52:20,2025-08-21 12:52:20,Gerardo Mercier:1,
,CONFIRMAR_USO_HISTORICO_STOCK_LECTURAS,2018d-876,1,1,1,2025-09-24 08:56:25,2025-09-24 08:56:25,Gerardo Mercier:1,
,CONFIRMAR_USO_HISTORICO_STOCK_LECTURAS,211,1,0,0,2025-08-21 12:52:20,2025-08-21 12:52:20,Gerardo Mercier:1,
,CONFIRMAR_USO_HISTORICO_STOCK_LECTURAS,23079-2,1,0,0,2025-08-27 13:34:22,2025-08-27 13:34:22,Gerardo Mercier:1,
,CONFIRMAR_USO_HISTORICO_STOCK_LECTURAS,23PL-0200,1,0,0,2025-08-27 13:34:21,2025-08-27 13:34:21,Gerardo Mercier:1,
,CONFIRMAR_USO_HISTORICO_STOCK_LECTURAS,4234,1,0,0,2025-08-21 12:52:20,2025-08-21 12:52:20,Gerardo Mercier:1,
,CONFIRMAR_USO_HISTORICO_STOCK_LECTURAS,4340,1,0,0,2025-08-21 12:52:20,2025-08-21 12:52:20,Gerardo Mercier:1,
,CONFIRMAR_USO_HISTORICO_STOCK_LECTURAS,A510016,1,0,0,2025-08-21 12:52:20,2025-08-21 12:52:20,Gerardo Mercier:1,
,CONFIRMAR_USO_HISTORICO_STOCK_LECTURAS,A5826,1,0,0,2025-08-21 12:52:20,2025-08-21 12:52:20,Gerardo Mercier:1,
,CONFIRMAR_USO_HISTORICO_STOCK_LECTURAS,B0639,1,0,0,2025-08-21 12:52:20,2025-08-21 12:52:20,Gerardo Mercier:1,
,CONFIRMAR_USO_HISTORICO_STOCK_LECTURAS,BALONYOGA3,1,0,0,2025-08-27 13:34:22,2025-08-27 13:34:22,Gerardo Mercier:1,
,CONFIRMAR_USO_HISTORICO_STOCK_LECTURAS,BB606,1,0,0,2025-08-21 12:52:20,2025-08-21 12:52:20,Gerardo Mercier:1,
,CONFIRMAR_USO_HISTORICO_STOCK_LECTURAS,C108016-1,1,0,0,2025-08-21 12:52:20,2025-08-21 12:52:20,Gerardo Mercier:1,
,CONFIRMAR_USO_HISTORICO_STOCK_LECTURAS,C304001,1,0,0,2025-08-21 12:52:20,2025-08-21 12:52:20,Gerardo Mercier:1,
,CONFIRMAR_USO_HISTORICO_STOCK_LECTURAS,C309006,1,0,0,2025-08-21 12:52:20,2025-08-21 12:52:20,Gerardo Mercier:1,
,CONFIRMAR_USO_HISTORICO_STOCK_LECTURAS,C502003,1,0,0,2025-08-21 12:52:20,2025-08-21 12:52:20,Gerardo Mercier:1,
,CONFIRMAR_USO_HISTORICO_STOCK_LECTURAS,C609007,1,0,0,2025-08-21 12:52:20,2025-08-21 12:52:20,Gerardo Mercier:1,
,CONFIRMAR_USO_HISTORICO_STOCK_LECTURAS,C609008,1,0,0,2025-08-21 12:52:20,2025-08-21 12:52:20,Gerardo Mercier:1,
,CONFIRMAR_USO_HISTORICO_STOCK_LECTURAS,D101003-3,1,0,0,2025-08-21 12:52:20,2025-08-21 12:52:20,Gerardo Mercier:1,
,CONFIRMAR_USO_HISTORICO_STOCK_LECTURAS,D101014-2,1,0,0,2025-08-21 12:52:20,2025-08-21 12:52:20,Gerardo Mercier:1,
,CONFIRMAR_USO_HISTORICO_STOCK_LECTURAS,D101024,1,0,0,2025-08-21 12:52:20,2025-08-21 12:52:20,Gerardo Mercier:1,
,CONFIRMAR_USO_HISTORICO_STOCK_LECTURAS,D103001,1,0,0,2025-08-21 12:52:20,2025-08-21 12:52:20,Gerardo Mercier:1,
,CONFIRMAR_USO_HISTORICO_STOCK_LECTURAS,D103005-1,1,0,0,2025-08-21 12:52:20,2025-08-21 12:52:20,Gerardo Mercier:1,
,CONFIRMAR_USO_HISTORICO_STOCK_LECTURAS,D201049,1,0,0,2025-08-21 12:52:20,2025-08-21 12:52:20,Gerardo Mercier:1,
,CONFIRMAR_USO_HISTORICO_STOCK_LECTURAS,D203018-1,1,0,0,2025-08-21 12:52:20,2025-08-21 12:52:20,Gerardo Mercier:1,
,CONFIRMAR_USO_HISTORICO_STOCK_LECTURAS,D207010,1,0,0,2025-08-21 12:52:20,2025-08-21 12:52:20,Gerardo Mercier:1,
,CONFIRMAR_USO_HISTORICO_STOCK_LECTURAS,D207021,1,0,0,2025-08-21 12:52:20,2025-08-21 12:52:20,Gerardo Mercier:1,
,CONFIRMAR_USO_HISTORICO_STOCK_LECTURAS,D207037,1,0,0,2025-08-21 12:52:20,2025-08-21 12:52:20,Gerardo Mercier:1,
,CONFIRMAR_USO_HISTORICO_STOCK_LECTURAS,D208002,1,0,0,2025-08-21 12:52:20,2025-08-21 12:52:20,Gerardo Mercier:1,
,CONFIRMAR_USO_HISTORICO_STOCK_LECTURAS,D209005,1,0,0,2025-08-21 12:52:20,2025-08-21 12:52:20,Gerardo Mercier:1,
,CONFIRMAR_USO_HISTORICO_STOCK_LECTURAS,D209016,1,0,0,2025-08-21 12:52:20,2025-08-21 12:52:20,Gerardo Mercier:1,
,CONFIRMAR_USO_HISTORICO_STOCK_LECTURAS,D230006,1,0,0,2025-08-21 12:52:20,2025-08-21 12:52:20,Gerardo Mercier:1,
,CONFIRMAR_USO_HISTORICO_STOCK_LECTURAS,D230010,1,0,0,2025-08-21 12:52:20,2025-08-21 12:52:20,Gerardo Mercier:1,
,CONFIRMAR_USO_HISTORICO_STOCK_LECTURAS,D230011,1,0,0,2025-08-21 12:52:20,2025-08-21 12:52:20,Gerardo Mercier:1,
,CONFIRMAR_USO_HISTORICO_STOCK_LECTURAS,D230022,1,0,0,2025-08-21 12:52:20,2025-08-21 12:52:20,Gerardo Mercier:1,
,CONFIRMAR_USO_HISTORICO_STOCK_LECTURAS,D230025,1,0,0,2025-08-21 12:52:20,2025-08-21 12:52:20,Gerardo Mercier:1,
,CONFIRMAR_USO_HISTORICO_STOCK_LECTURAS,D301005,1,0,0,2025-08-21 12:52:20,2025-08-21 12:52:20,Gerardo Mercier:1,
,CONFIRMAR_USO_HISTORICO_STOCK_LECTURAS,D301028,1,0,0,2025-08-21 12:52:20,2025-08-21 12:52:20,Gerardo Mercier:1,
,CONFIRMAR_USO_HISTORICO_STOCK_LECTURAS,D301030,1,0,0,2025-08-21 12:52:20,2025-08-21 12:52:20,Gerardo Mercier:1,
,CONFIRMAR_USO_HISTORICO_STOCK_LECTURAS,D301031,1,0,0,2025-08-21 12:52:20,2025-08-21 12:52:20,Gerardo Mercier:1,
,CONFIRMAR_USO_HISTORICO_STOCK_LECTURAS,D302010,1,0,0,2025-08-21 12:52:20,2025-08-21 12:52:20,Gerardo Mercier:1,
,CONFIRMAR_USO_HISTORICO_STOCK_LECTURAS,D302011,1,0,0,2025-08-21 12:52:20,2025-08-21 12:52:20,Gerardo Mercier:1,
,CONFIRMAR_USO_HISTORICO_STOCK_LECTURAS,D302036,1,0,0,2025-08-21 12:52:20,2025-08-21 12:52:20,Gerardo Mercier:1,
,CONFIRMAR_USO_HISTORICO_STOCK_LECTURAS,D302051,1,0,0,2025-08-21 12:52:20,2025-08-21 12:52:20,Gerardo Mercier:1,
,CONFIRMAR_USO_HISTORICO_STOCK_LECTURAS,D302052,1,0,0,2025-08-21 12:52:20,2025-08-21 12:52:20,Gerardo Mercier:1,
,CONFIRMAR_USO_HISTORICO_STOCK_LECTURAS,D302053,1,0,0,2025-08-21 12:52:20,2025-08-21 12:52:20,Gerardo Mercier:1,
,CONFIRMAR_USO_HISTORICO_STOCK_LECTURAS,D306026,1,0,0,2025-08-21 12:52:20,2025-08-21 12:52:20,Gerardo Mercier:1,
,CONFIRMAR_USO_HISTORICO_STOCK_LECTURAS,D306036,1,0,0,2025-08-21 12:52:20,2025-08-21 12:52:20,Gerardo Mercier:1,
,CONFIRMAR_USO_HISTORICO_STOCK_LECTURAS,D450017,1,0,0,2025-08-21 12:52:20,2025-08-21 12:52:20,Gerardo Mercier:1,
,CONFIRMAR_USO_HISTORICO_STOCK_LECTURAS,D450026,1,0,0,2025-08-21 12:52:20,2025-08-21 12:52:20,Gerardo Mercier:1,
,CONFIRMAR_USO_HISTORICO_STOCK_LECTURAS,D501008,1,1,1,2025-09-24 08:56:25,2025-09-24 08:56:25,Gerardo Mercier:1,
,CONFIRMAR_USO_HISTORICO_STOCK_LECTURAS,D501010,1,0,0,2025-08-21 12:52:20,2025-08-21 12:52:20,Gerardo Mercier:1,
,CONFIRMAR_USO_HISTORICO_STOCK_LECTURAS,D503008,1,0,0,2025-08-21 12:52:20,2025-08-21 12:52:20,Gerardo Mercier:1,
,CONFIRMAR_USO_HISTORICO_STOCK_LECTURAS,D603007,1,0,0,2025-08-21 12:52:20,2025-08-21 12:52:20,Gerardo Mercier:1,
,CONFIRMAR_USO_HISTORICO_STOCK_LECTURAS,D701016,1,0,0,2025-08-21 12:52:20,2025-08-21 12:52:20,Gerardo Mercier:1,
,CONFIRMAR_USO_HISTORICO_STOCK_LECTURAS,D701017,1,0,0,2025-08-21 12:52:20,2025-08-21 12:52:20,Gerardo Mercier:1,
,CONFIRMAR_USO_HISTORICO_STOCK_LECTURAS,D701018,1,0,0,2025-08-21 12:52:20,2025-08-21 12:52:20,Gerardo Mercier:1,
,CONFIRMAR_USO_HISTORICO_STOCK_LECTURAS,D701043,1,0,0,2025-08-21 12:52:20,2025-08-21 12:52:20,Gerardo Mercier:1,
,CONFIRMAR_USO_HISTORICO_STOCK_LECTURAS,D701057,1,0,0,2025-08-21 12:52:20,2025-08-21 12:52:20,Gerardo Mercier:1,
,CONFIRMAR_USO_HISTORICO_STOCK_LECTURAS,D705001,1,0,0,2025-08-21 12:52:20,2025-08-21 12:52:20,Gerardo Mercier:1,
,CONFIRMAR_USO_HISTORICO_STOCK_LECTURAS,D705008,1,0,0,2025-08-21 12:52:20,2025-08-21 12:52:20,Gerardo Mercier:1,
,CONFIRMAR_USO_HISTORICO_STOCK_LECTURAS,D705042,1,0,0,2025-08-21 12:52:20,2025-08-21 12:52:20,Gerardo Mercier:1,
,CONFIRMAR_USO_HISTORICO_STOCK_LECTURAS,D705048,1,0,0,2025-08-21 12:52:20,2025-08-21 12:52:20,Gerardo Mercier:1,
,CONFIRMAR_USO_HISTORICO_STOCK_LECTURAS,D705088,1,0,0,2025-08-21 12:52:20,2025-08-21 12:52:20,Gerardo Mercier:1,
,CONFIRMAR_USO_HISTORICO_STOCK_LECTURAS,D707013-1,1,0,0,2025-08-21 12:52:20,2025-08-21 12:52:20,Gerardo Mercier:1,
,CONFIRMAR_USO_HISTORICO_STOCK_LECTURAS,D707020,1,0,0,2025-08-21 12:52:20,2025-08-21 12:52:20,Gerardo Mercier:1,
,CONFIRMAR_USO_HISTORICO_STOCK_LECTURAS,D780001,1,0,0,2025-08-21 12:52:20,2025-08-21 12:52:20,Gerardo Mercier:1,
,CONFIRMAR_USO_HISTORICO_STOCK_LECTURAS,D801016,1,0,0,2025-08-21 12:52:20,2025-08-21 12:52:20,Gerardo Mercier:1,
,CONFIRMAR_USO_HISTORICO_STOCK_LECTURAS,D803012-13-14-15,1,0,0,2025-08-21 12:52:20,2025-08-21 12:52:20,Gerardo Mercier:1,
,CONFIRMAR_USO_HISTORICO_STOCK_LECTURAS,D803026,1,0,0,2025-08-21 12:52:20,2025-08-21 12:52:20,Gerardo Mercier:1,
,CONFIRMAR_USO_HISTORICO_STOCK_LECTURAS,D807019A,1,0,0,2025-08-21 12:52:20,2025-08-21 12:52:20,Gerardo Mercier:1,
,CONFIRMAR_USO_HISTORICO_STOCK_LECTURAS,D807042,1,0,0,2025-08-21 12:52:20,2025-08-21 12:52:20,Gerardo Mercier:1,
,CONFIRMAR_USO_HISTORICO_STOCK_LECTURAS,D809002,1,0,0,2025-08-21 12:52:20,2025-08-21 12:52:20,Gerardo Mercier:1,
,CONFIRMAR_USO_HISTORICO_STOCK_LECTURAS,D811001,1,0,0,2025-08-21 12:52:20,2025-08-21 12:52:20,Gerardo Mercier:1,
,CONFIRMAR_USO_HISTORICO_STOCK_LECTURAS,D901017,1,0,0,2025-08-21 12:52:20,2025-08-21 12:52:20,Gerardo Mercier:1,
,CONFIRMAR_USO_HISTORICO_STOCK_LECTURAS,D901036,1,0,0,2025-08-21 12:52:20,2025-08-21 12:52:20,Gerardo Mercier:1,
,CONFIRMAR_USO_HISTORICO_STOCK_LECTURAS,D905010,1,0,0,2025-08-21 12:52:20,2025-08-21 12:52:20,Gerardo Mercier:1,
,CONFIRMAR_USO_HISTORICO_STOCK_LECTURAS,DAG050,1,0,0,2025-08-27 13:34:22,2025-08-27 13:34:22,Gerardo Mercier:1,
,CONFIRMAR_USO_HISTORICO_STOCK_LECTURAS,DAG050-1,1,0,0,2025-08-27 13:34:22,2025-08-27 13:34:22,Gerardo Mercier:1,
,CONFIRMAR_USO_HISTORICO_STOCK_LECTURAS,DAR004,1,0,0,2025-08-27 13:34:21,2025-08-27 13:34:21,Gerardo Mercier:1,
,CONFIRMAR_USO_HISTORICO_STOCK_LECTURAS,DAS001,1,0,0,2025-08-27 13:34:22,2025-08-27 13:34:22,Gerardo Mercier:1,
,CONFIRMAR_USO_HISTORICO_STOCK_LECTURAS,DBWHP2030S,1,0,0,2025-08-21 12:52:20,2025-08-21 12:52:20,Gerardo Mercier:1,
,CONFIRMAR_USO_HISTORICO_STOCK_LECTURAS,F1079F,1,0,0,2025-08-21 12:52:20,2025-08-21 12:52:20,Gerardo Mercier:1,
,CONFIRMAR_USO_HISTORICO_STOCK_LECTURAS,F1279,1,0,0,2025-08-21 12:52:20,2025-08-21 12:52:20,Gerardo Mercier:1,
,CONFIRMAR_USO_HISTORICO_STOCK_LECTURAS,HL-73-4,1,0,0,2025-08-27 13:34:22,2025-08-27 13:34:22,Gerardo Mercier:1,
,CONFIRMAR_USO_HISTORICO_STOCK_LECTURAS,HL-73-4C,1,0,0,2025-08-27 13:34:22,2025-08-27 13:34:22,Gerardo Mercier:1,
,CONFIRMAR_USO_HISTORICO_STOCK_LECTURAS,INT1-ORT100001350,1,0,0,2025-08-27 13:34:21,2025-08-27 13:34:21,Gerardo Mercier:1,
,CONFIRMAR_USO_HISTORICO_STOCK_LECTURAS,INT1-ORT100001350-1,1,0,0,2025-08-27 13:34:23,2025-08-27 13:34:23,Gerardo Mercier:1,
,CONFIRMAR_USO_HISTORICO_STOCK_LECTURAS,JUEGBAS178,1,1,1,2026-03-23 14:21:44,2026-03-23 14:21:44,Gerardo Mercier:1,
,CONFIRMAR_USO_HISTORICO_STOCK_LECTURAS,JUEGBAS181,1,1,1,2026-03-23 14:21:44,2026-03-23 14:21:44,Gerardo Mercier:1,
,CONFIRMAR_USO_HISTORICO_STOCK_LECTURAS,JUEGBAS255,1,1,1,2026-01-14 08:59:06,2026-01-14 08:59:06,Gerardo Mercier:1,
,CONFIRMAR_USO_HISTORICO_STOCK_LECTURAS,JUEGBAS303,1,1,1,2026-03-23 14:21:44,2026-03-23 14:21:44,Gerardo Mercier:1,
,CONFIRMAR_USO_HISTORICO_STOCK_LECTURAS,JUEGBAS320,1,1,1,2025-09-24 09:02:35,2025-09-24 09:02:35,Gerardo Mercier:1,
,CONFIRMAR_USO_HISTORICO_STOCK_LECTURAS,JUEGCL1185721,1,0,0,2025-08-27 13:34:22,2025-08-27 13:34:22,Gerardo Mercier:1,
,CONFIRMAR_USO_HISTORICO_STOCK_LECTURAS,JUEGCL4014448,1,3,3,2025-09-24 08:56:25,2025-09-24 08:56:25,Gerardo Mercier:1,
,CONFIRMAR_USO_HISTORICO_STOCK_LECTURAS,JUEGGOC013,1,1,1,2025-09-24 08:56:25,2025-09-24 08:56:25,Gerardo Mercier:1,
,CONFIRMAR_USO_HISTORICO_STOCK_LECTURAS,JUEGKITSENSORIAL,1,0,0,2025-08-27 13:34:22,2025-08-27 13:34:22,Gerardo Mercier:1,
,CONFIRMAR_USO_HISTORICO_STOCK_LECTURAS,JUEGPLAS1197,1,0,0,2025-08-27 13:34:21,2025-08-27 13:34:21,Gerardo Mercier:1,
,CONFIRMAR_USO_HISTORICO_STOCK_LECTURAS,JUEGPLAS1254,1,0,0,2025-08-21 12:52:20,2025-08-21 12:52:20,Gerardo Mercier:1,
,CONFIRMAR_USO_HISTORICO_STOCK_LECTURAS,JUEGPLASIP20,1,0,0,2025-08-27 13:34:21,2025-08-27 13:34:21,Gerardo Mercier:1,
,CONFIRMAR_USO_HISTORICO_STOCK_LECTURAS,JUEGROL-2011-1,1,0,0,2025-08-27 13:34:22,2025-08-27 13:34:22,Gerardo Mercier:1,
,CONFIRMAR_USO_HISTORICO_STOCK_LECTURAS,JUEGROL-809,1,0,0,2025-08-27 13:34:22,2025-08-27 13:34:22,Gerardo Mercier:1,
,CONFIRMAR_USO_HISTORICO_STOCK_LECTURAS,JUEGROL002,1,0,0,2025-08-27 13:34:21,2025-08-27 13:34:21,Gerardo Mercier:1,
,CONFIRMAR_USO_HISTORICO_STOCK_LECTURAS,JUEGROL0042A,1,0,0,2025-08-27 13:34:22,2025-08-27 13:34:22,Gerardo Mercier:1,
,CONFIRMAR_USO_HISTORICO_STOCK_LECTURAS,JUEGROL0042B,1,0,0,2025-08-27 13:34:22,2025-08-27 13:34:22,Gerardo Mercier:1,
,CONFIRMAR_USO_HISTORICO_STOCK_LECTURAS,JUEGROL0102,1,0,0,2025-08-27 13:34:22,2025-08-27 13:34:22,Gerardo Mercier:1,
,CONFIRMAR_USO_HISTORICO_STOCK_LECTURAS,JUEGROL016,1,0,0,2025-08-27 13:34:22,2025-08-27 13:34:22,Gerardo Mercier:1,
,CONFIRMAR_USO_HISTORICO_STOCK_LECTURAS,JUEGROL028,1,0,0,2025-08-27 13:34:22,2025-08-27 13:34:22,Gerardo Mercier:1,
,CONFIRMAR_USO_HISTORICO_STOCK_LECTURAS,JUEGROL029,1,0,0,2025-08-27 13:34:22,2025-08-27 13:34:22,Gerardo Mercier:1,
,CONFIRMAR_USO_HISTORICO_STOCK_LECTURAS,JUEGROL031,1,0,0,2025-08-27 13:34:22,2025-08-27 13:34:22,Gerardo Mercier:1,
,CONFIRMAR_USO_HISTORICO_STOCK_LECTURAS,JUEGROL033,1,0,0,2025-08-27 13:34:21,2025-08-27 13:34:21,Gerardo Mercier:1,
,CONFIRMAR_USO_HISTORICO_STOCK_LECTURAS,JUEGROL035,1,0,0,2025-08-27 13:34:21,2025-08-27 13:34:21,Gerardo Mercier:1,
,CONFIRMAR_USO_HISTORICO_STOCK_LECTURAS,JUEGROL073,1,0,0,2025-08-27 13:34:22,2025-08-27 13:34:22,Gerardo Mercier:1,
,CONFIRMAR_USO_HISTORICO_STOCK_LECTURAS,JUEGROL075B,1,0,0,2025-08-27 13:34:22,2025-08-27 13:34:22,Gerardo Mercier:1,
,CONFIRMAR_USO_HISTORICO_STOCK_LECTURAS,JUEGROL075C,1,0,0,2025-08-27 13:34:22,2025-08-27 13:34:22,Gerardo Mercier:1,
,CONFIRMAR_USO_HISTORICO_STOCK_LECTURAS,JUEGROL075D,1,0,0,2025-08-27 13:34:22,2025-08-27 13:34:22,Gerardo Mercier:1,
,CONFIRMAR_USO_HISTORICO_STOCK_LECTURAS,JUEGROL080,1,0,0,2025-08-27 13:34:23,2025-08-27 13:34:23,Gerardo Mercier:1,
,CONFIRMAR_USO_HISTORICO_STOCK_LECTURAS,JUEGROL0803D,1,0,0,2025-08-27 13:34:22,2025-08-27 13:34:22,Gerardo Mercier:1,
,CONFIRMAR_USO_HISTORICO_STOCK_LECTURAS,JUEGROL101,1,0,0,2025-08-27 13:34:22,2025-08-27 13:34:22,Gerardo Mercier:1,
,CONFIRMAR_USO_HISTORICO_STOCK_LECTURAS,JUEGROL10160-1,1,0,0,2025-08-27 13:34:23,2025-08-27 13:34:23,Gerardo Mercier:1,
,CONFIRMAR_USO_HISTORICO_STOCK_LECTURAS,JUEGROL106-1,1,0,0,2025-08-27 13:34:21,2025-08-27 13:34:21,Gerardo Mercier:1,
,CONFIRMAR_USO_HISTORICO_STOCK_LECTURAS,JUEGROL106-2,1,0,0,2025-08-27 13:34:21,2025-08-27 13:34:21,Gerardo Mercier:1,
,CONFIRMAR_USO_HISTORICO_STOCK_LECTURAS,JUEGROL106-4,1,0,0,2025-08-27 13:34:22,2025-08-27 13:34:22,Gerardo Mercier:1,
,CONFIRMAR_USO_HISTORICO_STOCK_LECTURAS,JUEGROL107-a,1,0,0,2025-08-27 13:34:22,2025-08-27 13:34:22,Gerardo Mercier:1,
,CONFIRMAR_USO_HISTORICO_STOCK_LECTURAS,JUEGROL10S100,1,0,0,2025-08-27 13:34:23,2025-08-27 13:34:23,Gerardo Mercier:1,
,CONFIRMAR_USO_HISTORICO_STOCK_LECTURAS,JUEGROL120,1,0,0,2025-08-27 13:34:22,2025-08-27 13:34:22,Gerardo Mercier:1,
,CONFIRMAR_USO_HISTORICO_STOCK_LECTURAS,JUEGROL125,1,0,0,2025-08-27 13:34:22,2025-08-27 13:34:22,Gerardo Mercier:1,
,CONFIRMAR_USO_HISTORICO_STOCK_LECTURAS,JUEGROL149,1,0,0,2025-08-27 13:34:23,2025-08-27 13:34:23,Gerardo Mercier:1,
,CONFIRMAR_USO_HISTORICO_STOCK_LECTURAS,JUEGROL14A189,1,0,0,2025-08-27 13:34:22,2025-08-27 13:34:22,Gerardo Mercier:1,
,CONFIRMAR_USO_HISTORICO_STOCK_LECTURAS,JUEGROL200809B,1,0,0,2025-08-27 13:34:22,2025-08-27 13:34:22,Gerardo Mercier:1,
,CONFIRMAR_USO_HISTORICO_STOCK_LECTURAS,JUEGROL200809C,1,0,0,2025-08-27 13:34:22,2025-08-27 13:34:22,Gerardo Mercier:1,
,CONFIRMAR_USO_HISTORICO_STOCK_LECTURAS,JUEGROL200809D,1,0,0,2025-08-27 13:34:22,2025-08-27 13:34:22,Gerardo Mercier:1,
,CONFIRMAR_USO_HISTORICO_STOCK_LECTURAS,JUEGROL2011-1,1,0,0,2025-08-27 13:34:22,2025-08-27 13:34:22,Gerardo Mercier:1,
,CONFIRMAR_USO_HISTORICO_STOCK_LECTURAS,JUEGROL20802,1,0,0,2025-08-27 13:34:22,2025-08-27 13:34:22,Gerardo Mercier:1,
,CONFIRMAR_USO_HISTORICO_STOCK_LECTURAS,JUEGROL20803-JUEGSTA017,1,0,0,2025-08-27 13:34:22,2025-08-27 13:34:22,Gerardo Mercier:1,
,CONFIRMAR_USO_HISTORICO_STOCK_LECTURAS,JUEGROL20803B,1,0,0,2025-08-27 13:34:22,2025-08-27 13:34:22,Gerardo Mercier:1,
,CONFIRMAR_USO_HISTORICO_STOCK_LECTURAS,JUEGROL20803C,1,0,0,2025-08-27 13:34:22,2025-08-27 13:34:22,Gerardo Mercier:1,
,CONFIRMAR_USO_HISTORICO_STOCK_LECTURAS,JUEGROL20803D,1,0,0,2025-08-27 13:34:22,2025-08-27 13:34:22,Gerardo Mercier:1,
,CONFIRMAR_USO_HISTORICO_STOCK_LECTURAS,JUEGROL20804,1,0,0,2025-08-27 13:34:22,2025-08-27 13:34:22,Gerardo Mercier:1,
,CONFIRMAR_USO_HISTORICO_STOCK_LECTURAS,JUEGROL20805-A,1,0,0,2025-08-27 13:34:23,2025-08-27 13:34:23,Gerardo Mercier:1,
,CONFIRMAR_USO_HISTORICO_STOCK_LECTURAS,JUEGROL20805B,1,0,0,2025-08-27 13:34:22,2025-08-27 13:34:22,Gerardo Mercier:1,
,CONFIRMAR_USO_HISTORICO_STOCK_LECTURAS,JUEGROL20805C,1,0,0,2025-08-27 13:34:23,2025-08-27 13:34:23,Gerardo Mercier:1,
,CONFIRMAR_USO_HISTORICO_STOCK_LECTURAS,JUEGROL20807B,1,0,0,2025-08-27 13:34:22,2025-08-27 13:34:22,Gerardo Mercier:1,
,CONFIRMAR_USO_HISTORICO_STOCK_LECTURAS,JUEGROL20807C,1,0,0,2025-08-27 13:34:22,2025-08-27 13:34:22,Gerardo Mercier:1,
,CONFIRMAR_USO_HISTORICO_STOCK_LECTURAS,JUEGROL20807D,1,0,0,2025-08-27 13:34:22,2025-08-27 13:34:22,Gerardo Mercier:1,
,CONFIRMAR_USO_HISTORICO_STOCK_LECTURAS,JUEGROL20807E,1,0,0,2025-08-27 13:34:22,2025-08-27 13:34:22,Gerardo Mercier:1,
,CONFIRMAR_USO_HISTORICO_STOCK_LECTURAS,JUEGROL20808,1,0,0,2025-08-27 13:34:22,2025-08-27 13:34:22,Gerardo Mercier:1,
,CONFIRMAR_USO_HISTORICO_STOCK_LECTURAS,JUEGROL20809,1,0,0,2025-08-27 13:34:23,2025-08-27 13:34:23,Gerardo Mercier:1,
,CONFIRMAR_USO_HISTORICO_STOCK_LECTURAS,JUEGROL20809B,1,0,0,2025-08-27 13:34:23,2025-08-27 13:34:23,Gerardo Mercier:1,
,CONFIRMAR_USO_HISTORICO_STOCK_LECTURAS,JUEGROL20809C,1,0,0,2025-08-27 13:34:23,2025-08-27 13:34:23,Gerardo Mercier:1,
,CONFIRMAR_USO_HISTORICO_STOCK_LECTURAS,JUEGROL20810B,1,0,0,2025-08-27 13:34:22,2025-08-27 13:34:22,Gerardo Mercier:1,
,CONFIRMAR_USO_HISTORICO_STOCK_LECTURAS,JUEGROL20811-1,1,0,0,2025-08-27 13:34:22,2025-08-27 13:34:22,Gerardo Mercier:1,
,CONFIRMAR_USO_HISTORICO_STOCK_LECTURAS,JUEGROL20902,1,0,0,2025-08-27 13:34:23,2025-08-27 13:34:23,Gerardo Mercier:1,
,CONFIRMAR_USO_HISTORICO_STOCK_LECTURAS,JUEGROL212B,1,0,0,2025-08-27 13:34:22,2025-08-27 13:34:22,Gerardo Mercier:1,
,CONFIRMAR_USO_HISTORICO_STOCK_LECTURAS,JUEGROL212C,1,0,0,2025-08-27 13:34:23,2025-08-27 13:34:23,Gerardo Mercier:1,
,CONFIRMAR_USO_HISTORICO_STOCK_LECTURAS,JUEGROL212D,1,0,0,2025-08-27 13:34:22,2025-08-27 13:34:22,Gerardo Mercier:1,
,CONFIRMAR_USO_HISTORICO_STOCK_LECTURAS,JUEGROL212D-23112,1,0,0,2025-08-27 13:34:23,2025-08-27 13:34:23,Gerardo Mercier:1,
,CONFIRMAR_USO_HISTORICO_STOCK_LECTURAS,JUEGROL212E,1,0,0,2025-08-27 13:34:22,2025-08-27 13:34:22,Gerardo Mercier:1,
,CONFIRMAR_USO_HISTORICO_STOCK_LECTURAS,JUEGROL212F,1,0,0,2025-08-27 13:34:22,2025-08-27 13:34:22,Gerardo Mercier:1,
,CONFIRMAR_USO_HISTORICO_STOCK_LECTURAS,JUEGROL212G,1,0,0,2025-08-27 13:34:22,2025-08-27 13:34:22,Gerardo Mercier:1,
,CONFIRMAR_USO_HISTORICO_STOCK_LECTURAS,JUEGROL2260,1,0,0,2025-08-27 13:34:22,2025-08-27 13:34:22,Gerardo Mercier:1,
,CONFIRMAR_USO_HISTORICO_STOCK_LECTURAS,JUEGROL23008,1,0,0,2025-08-27 13:34:23,2025-08-27 13:34:23,Gerardo Mercier:1,
,CONFIRMAR_USO_HISTORICO_STOCK_LECTURAS,JUEGROL23054C,1,0,0,2025-08-27 13:34:21,2025-08-27 13:34:21,Gerardo Mercier:1,
,CONFIRMAR_USO_HISTORICO_STOCK_LECTURAS,JUEGROL23054D,1,0,0,2025-08-27 13:34:23,2025-08-27 13:34:23,Gerardo Mercier:1,
,CONFIRMAR_USO_HISTORICO_STOCK_LECTURAS,JUEGROL23054E,1,0,0,2025-08-27 13:34:23,2025-08-27 13:34:23,Gerardo Mercier:1,
,CONFIRMAR_USO_HISTORICO_STOCK_LECTURAS,JUEGROL23054H,1,0,0,2025-08-27 13:34:21,2025-08-27 13:34:21,Gerardo Mercier:1,
,CONFIRMAR_USO_HISTORICO_STOCK_LECTURAS,JUEGROL23055B,1,0,0,2025-08-27 13:34:22,2025-08-27 13:34:22,Gerardo Mercier:1,
,CONFIRMAR_USO_HISTORICO_STOCK_LECTURAS,JUEGROL23066-4,1,0,0,2025-08-27 13:34:22,2025-08-27 13:34:22,Gerardo Mercier:1,
,CONFIRMAR_USO_HISTORICO_STOCK_LECTURAS,JUEGROL23068,1,0,0,2025-08-27 13:34:22,2025-08-27 13:34:22,Gerardo Mercier:1,
,CONFIRMAR_USO_HISTORICO_STOCK_LECTURAS,JUEGROL23069-B,1,0,0,2025-08-27 13:34:23,2025-08-27 13:34:23,Gerardo Mercier:1,
,CONFIRMAR_USO_HISTORICO_STOCK_LECTURAS,JUEGROL23072-3-4,1,0,0,2025-08-27 13:34:22,2025-08-27 13:34:22,Gerardo Mercier:1,
,CONFIRMAR_USO_HISTORICO_STOCK_LECTURAS,JUEGROL23074,1,0,0,2025-08-27 13:34:23,2025-08-27 13:34:23,Gerardo Mercier:1,
,CONFIRMAR_USO_HISTORICO_STOCK_LECTURAS,JUEGROL23100-2,1,0,0,2025-08-27 13:34:23,2025-08-27 13:34:23,Gerardo Mercier:1,
,CONFIRMAR_USO_HISTORICO_STOCK_LECTURAS,JUEGROL23101,1,0,0,2025-08-27 13:34:22,2025-08-27 13:34:22,Gerardo Mercier:1,
,CONFIRMAR_USO_HISTORICO_STOCK_LECTURAS,JUEGROL23101B,1,0,0,2025-08-27 13:34:22,2025-08-27 13:34:22,Gerardo Mercier:1,
,CONFIRMAR_USO_HISTORICO_STOCK_LECTURAS,JUEGROL23102A,1,0,0,2025-08-27 13:34:22,2025-08-27 13:34:22,Gerardo Mercier:1,
,CONFIRMAR_USO_HISTORICO_STOCK_LECTURAS,JUEGROL23103B,1,0,0,2025-08-27 13:34:22,2025-08-27 13:34:22,Gerardo Mercier:1,
,CONFIRMAR_USO_HISTORICO_STOCK_LECTURAS,JUEGROL23107B,1,0,0,2025-08-27 13:34:22,2025-08-27 13:34:22,Gerardo Mercier:1,
,CONFIRMAR_USO_HISTORICO_STOCK_LECTURAS,JUEGROL23107C,1,0,0,2025-08-27 13:34:22,2025-08-27 13:34:22,Gerardo Mercier:1,
,CONFIRMAR_USO_HISTORICO_STOCK_LECTURAS,JUEGROL23107D,1,0,0,2025-08-27 13:34:22,2025-08-27 13:34:22,Gerardo Mercier:1,
,CONFIRMAR_USO_HISTORICO_STOCK_LECTURAS,JUEGROL23110-2,1,0,0,2025-08-27 13:34:22,2025-08-27 13:34:22,Gerardo Mercier:1,
,CONFIRMAR_USO_HISTORICO_STOCK_LECTURAS,JUEGROL23111,1,0,0,2025-08-27 13:34:22,2025-08-27 13:34:22,Gerardo Mercier:1,
,CONFIRMAR_USO_HISTORICO_STOCK_LECTURAS,JUEGROL23112B,1,0,0,2025-08-27 13:34:23,2025-08-27 13:34:23,Gerardo Mercier:1,
,CONFIRMAR_USO_HISTORICO_STOCK_LECTURAS,JUEGROL23113-1,1,0,0,2025-08-27 13:34:23,2025-08-27 13:34:23,Gerardo Mercier:1,
,CONFIRMAR_USO_HISTORICO_STOCK_LECTURAS,JUEGROL23115A,1,0,0,2025-08-27 13:34:22,2025-08-27 13:34:22,Gerardo Mercier:1,
,CONFIRMAR_USO_HISTORICO_STOCK_LECTURAS,JUEGROL23116,1,0,0,2025-08-27 13:34:21,2025-08-27 13:34:21,Gerardo Mercier:1,
,CONFIRMAR_USO_HISTORICO_STOCK_LECTURAS,JUEGROL23117,1,0,0,2025-08-27 13:34:21,2025-08-27 13:34:21,Gerardo Mercier:1,
,CONFIRMAR_USO_HISTORICO_STOCK_LECTURAS,JUEGROL23118-1,1,0,0,2025-08-27 13:34:22,2025-08-27 13:34:22,Gerardo Mercier:1,
,CONFIRMAR_USO_HISTORICO_STOCK_LECTURAS,JUEGROL231232-1,1,3,3,2025-11-04 09:21:29,2025-11-04 09:21:29,Gerardo Mercier:1,
,CONFIRMAR_USO_HISTORICO_STOCK_LECTURAS,JUEGROL23124,1,0,0,2025-08-27 13:34:22,2025-08-27 13:34:22,Gerardo Mercier:1,
,CONFIRMAR_USO_HISTORICO_STOCK_LECTURAS,JUEGROL23124B,1,0,0,2025-08-27 13:34:22,2025-08-27 13:34:22,Gerardo Mercier:1,
,CONFIRMAR_USO_HISTORICO_STOCK_LECTURAS,JUEGROL23128,1,0,0,2025-08-27 13:34:21,2025-08-27 13:34:21,Gerardo Mercier:1,
,CONFIRMAR_USO_HISTORICO_STOCK_LECTURAS,JUEGROL23131B,1,0,0,2025-08-27 13:34:23,2025-08-27 13:34:23,Gerardo Mercier:1,
,CONFIRMAR_USO_HISTORICO_STOCK_LECTURAS,JUEGROL23132,1,0,0,2025-08-27 13:34:21,2025-08-27 13:34:21,Gerardo Mercier:1,
,CONFIRMAR_USO_HISTORICO_STOCK_LECTURAS,JUEGROL23134,1,0,0,2025-08-27 13:34:21,2025-08-27 13:34:21,Gerardo Mercier:1,
,CONFIRMAR_USO_HISTORICO_STOCK_LECTURAS,JUEGROL23139,1,0,0,2025-08-27 13:34:22,2025-08-27 13:34:22,Gerardo Mercier:1,
,CONFIRMAR_USO_HISTORICO_STOCK_LECTURAS,JUEGROL23139-1,1,0,0,2025-08-27 13:34:22,2025-08-27 13:34:22,Gerardo Mercier:1,
,CONFIRMAR_USO_HISTORICO_STOCK_LECTURAS,JUEGROL23140,1,0,0,2025-08-27 13:34:22,2025-08-27 13:34:22,Gerardo Mercier:1,
,CONFIRMAR_USO_HISTORICO_STOCK_LECTURAS,JUEGROL23141B,1,0,0,2025-08-27 13:34:22,2025-08-27 13:34:22,Gerardo Mercier:1,
,CONFIRMAR_USO_HISTORICO_STOCK_LECTURAS,JUEGROL23142-141,1,0,0,2025-08-27 13:34:23,2025-08-27 13:34:23,Gerardo Mercier:1,
,CONFIRMAR_USO_HISTORICO_STOCK_LECTURAS,JUEGROL23142B,1,0,0,2025-08-27 13:34:22,2025-08-27 13:34:22,Gerardo Mercier:1,
,CONFIRMAR_USO_HISTORICO_STOCK_LECTURAS,JUEGROL23211,1,0,0,2025-08-27 13:34:22,2025-08-27 13:34:22,Gerardo Mercier:1,
,CONFIRMAR_USO_HISTORICO_STOCK_LECTURAS,JUEGROL23836,1,0,0,2025-08-27 13:34:22,2025-08-27 13:34:22,Gerardo Mercier:1,
,CONFIRMAR_USO_HISTORICO_STOCK_LECTURAS,JUEGROL23836B,1,0,0,2025-08-27 13:34:22,2025-08-27 13:34:22,Gerardo Mercier:1,
,CONFIRMAR_USO_HISTORICO_STOCK_LECTURAS,JUEGROL23841B,1,0,0,2025-08-27 13:34:23,2025-08-27 13:34:23,Gerardo Mercier:1,
,CONFIRMAR_USO_HISTORICO_STOCK_LECTURAS,JUEGROL23841C,1,0,0,2025-08-27 13:34:23,2025-08-27 13:34:23,Gerardo Mercier:1,
,CONFIRMAR_USO_HISTORICO_STOCK_LECTURAS,JUEGROL23847-1,1,0,0,2025-08-27 13:34:21,2025-08-27 13:34:21,Gerardo Mercier:1,
,CONFIRMAR_USO_HISTORICO_STOCK_LECTURAS,JUEGROL23847-2,1,0,0,2025-08-27 13:34:23,2025-08-27 13:34:23,Gerardo Mercier:1,
,CONFIRMAR_USO_HISTORICO_STOCK_LECTURAS,JUEGROL23848,1,0,0,2025-08-27 13:34:21,2025-08-27 13:34:21,Gerardo Mercier:1,
,CONFIRMAR_USO_HISTORICO_STOCK_LECTURAS,JUEGROL23858,1,0,0,2025-08-27 13:34:23,2025-08-27 13:34:23,Gerardo Mercier:1,
,CONFIRMAR_USO_HISTORICO_STOCK_LECTURAS,JUEGROL23860-23118,1,0,0,2025-08-27 13:34:23,2025-08-27 13:34:23,Gerardo Mercier:1,
,CONFIRMAR_USO_HISTORICO_STOCK_LECTURAS,JUEGROL23863-B,1,0,0,2025-08-27 13:34:22,2025-08-27 13:34:22,Gerardo Mercier:1,
,CONFIRMAR_USO_HISTORICO_STOCK_LECTURAS,JUEGROL23864B,1,0,0,2025-08-27 13:34:22,2025-08-27 13:34:22,Gerardo Mercier:1,
,CONFIRMAR_USO_HISTORICO_STOCK_LECTURAS,JUEGROL23866-1,1,0,0,2025-08-27 13:34:23,2025-08-27 13:34:23,Gerardo Mercier:1,
,CONFIRMAR_USO_HISTORICO_STOCK_LECTURAS,JUEGROL23866-2,1,0,0,2025-08-27 13:34:23,2025-08-27 13:34:23,Gerardo Mercier:1,
,CONFIRMAR_USO_HISTORICO_STOCK_LECTURAS,JUEGROL23866-3,1,0,0,2025-08-27 13:34:23,2025-08-27 13:34:23,Gerardo Mercier:1,
,CONFIRMAR_USO_HISTORICO_STOCK_LECTURAS,JUEGROL23866-4,1,0,0,2025-08-27 13:34:22,2025-08-27 13:34:22,Gerardo Mercier:1,
,CONFIRMAR_USO_HISTORICO_STOCK_LECTURAS,JUEGROL23869-1,1,0,0,2025-08-27 13:34:22,2025-08-27 13:34:22,Gerardo Mercier:1,
,CONFIRMAR_USO_HISTORICO_STOCK_LECTURAS,JUEGROL23869-2,1,0,0,2025-08-27 13:34:22,2025-08-27 13:34:22,Gerardo Mercier:1,
,CONFIRMAR_USO_HISTORICO_STOCK_LECTURAS,JUEGROL23903,1,0,0,2025-08-27 13:34:23,2025-08-27 13:34:23,Gerardo Mercier:1,
,CONFIRMAR_USO_HISTORICO_STOCK_LECTURAS,JUEGROL23911-1,1,0,0,2025-08-27 13:34:23,2025-08-27 13:34:23,Gerardo Mercier:1,
,CONFIRMAR_USO_HISTORICO_STOCK_LECTURAS,JUEGROL23922-1,1,0,0,2025-08-27 13:34:22,2025-08-27 13:34:22,Gerardo Mercier:1,
,CONFIRMAR_USO_HISTORICO_STOCK_LECTURAS,JUEGROL23925,1,0,0,2025-08-27 13:34:22,2025-08-27 13:34:22,Gerardo Mercier:1,
,CONFIRMAR_USO_HISTORICO_STOCK_LECTURAS,JUEGROL24004,1,0,0,2025-08-27 13:34:22,2025-08-27 13:34:22,Gerardo Mercier:1,
,CONFIRMAR_USO_HISTORICO_STOCK_LECTURAS,JUEGROL24051,1,0,0,2025-08-27 13:34:23,2025-08-27 13:34:23,Gerardo Mercier:1,
,CONFIRMAR_USO_HISTORICO_STOCK_LECTURAS,JUEGROL24051-1,1,0,0,2025-08-27 13:34:23,2025-08-27 13:34:23,Gerardo Mercier:1,
,CONFIRMAR_USO_HISTORICO_STOCK_LECTURAS,JUEGROL24058B,1,0,0,2025-08-27 13:34:23,2025-08-27 13:34:23,Gerardo Mercier:1,
,CONFIRMAR_USO_HISTORICO_STOCK_LECTURAS,JUEGROL24061-1,1,0,0,2025-08-27 13:34:23,2025-08-27 13:34:23,Gerardo Mercier:1,
,CONFIRMAR_USO_HISTORICO_STOCK_LECTURAS,JUEGROL24061-2,1,0,0,2025-08-27 13:34:23,2025-08-27 13:34:23,Gerardo Mercier:1,
,CONFIRMAR_USO_HISTORICO_STOCK_LECTURAS,JUEGROL24209B,1,0,0,2025-08-27 13:34:22,2025-08-27 13:34:22,Gerardo Mercier:1,
,CONFIRMAR_USO_HISTORICO_STOCK_LECTURAS,JUEGROL24213-1,1,0,0,2025-08-27 13:34:23,2025-08-27 13:34:23,Gerardo Mercier:1,
,CONFIRMAR_USO_HISTORICO_STOCK_LECTURAS,JUEGROL24213-2,1,0,0,2025-08-27 13:34:23,2025-08-27 13:34:23,Gerardo Mercier:1,
,CONFIRMAR_USO_HISTORICO_STOCK_LECTURAS,JUEGROL24213-3,1,0,0,2025-08-27 13:34:23,2025-08-27 13:34:23,Gerardo Mercier:1,
,CONFIRMAR_USO_HISTORICO_STOCK_LECTURAS,JUEGROL24213-4,1,0,0,2025-08-27 13:34:23,2025-08-27 13:34:23,Gerardo Mercier:1,
,CONFIRMAR_USO_HISTORICO_STOCK_LECTURAS,JUEGROL24213-5,1,0,0,2025-08-27 13:34:23,2025-08-27 13:34:23,Gerardo Mercier:1,
,CONFIRMAR_USO_HISTORICO_STOCK_LECTURAS,JUEGROL24213B,1,0,0,2025-08-27 13:34:22,2025-08-27 13:34:22,Gerardo Mercier:1,
,CONFIRMAR_USO_HISTORICO_STOCK_LECTURAS,JUEGROL24222B,1,0,0,2025-08-27 13:34:22,2025-08-27 13:34:22,Gerardo Mercier:1,
,CONFIRMAR_USO_HISTORICO_STOCK_LECTURAS,JUEGROL24222C,1,0,0,2025-08-27 13:34:23,2025-08-27 13:34:23,Gerardo Mercier:1,
,CONFIRMAR_USO_HISTORICO_STOCK_LECTURAS,JUEGROL24244,1,0,0,2025-08-27 13:34:22,2025-08-27 13:34:22,Gerardo Mercier:1,
,CONFIRMAR_USO_HISTORICO_STOCK_LECTURAS,JUEGROL24257,1,0,0,2025-08-27 13:34:22,2025-08-27 13:34:22,Gerardo Mercier:1,
,CONFIRMAR_USO_HISTORICO_STOCK_LECTURAS,JUEGROL24257-1,1,0,0,2025-08-27 13:34:21,2025-08-27 13:34:21,Gerardo Mercier:1,
,CONFIRMAR_USO_HISTORICO_STOCK_LECTURAS,JUEGROL24257-2,1,0,0,2025-08-27 13:34:22,2025-08-27 13:34:22,Gerardo Mercier:1,
,CONFIRMAR_USO_HISTORICO_STOCK_LECTURAS,JUEGROL24257-3,1,0,0,2025-08-27 13:34:22,2025-08-27 13:34:22,Gerardo Mercier:1,
,CONFIRMAR_USO_HISTORICO_STOCK_LECTURAS,JUEGROL24307B,1,0,0,2025-08-27 13:34:22,2025-08-27 13:34:22,Gerardo Mercier:1,
,CONFIRMAR_USO_HISTORICO_STOCK_LECTURAS,JUEGROL24308B,1,0,0,2025-08-27 13:34:21,2025-08-27 13:34:21,Gerardo Mercier:1,
,CONFIRMAR_USO_HISTORICO_STOCK_LECTURAS,JUEGROL24312,1,0,0,2025-08-27 13:34:22,2025-08-27 13:34:22,Gerardo Mercier:1,
,CONFIRMAR_USO_HISTORICO_STOCK_LECTURAS,JUEGROL25006B,1,0,0,2025-08-27 13:34:23,2025-08-27 13:34:23,Gerardo Mercier:1,
,CONFIRMAR_USO_HISTORICO_STOCK_LECTURAS,JUEGROL25006C,1,0,0,2025-08-27 13:34:23,2025-08-27 13:34:23,Gerardo Mercier:1,
,CONFIRMAR_USO_HISTORICO_STOCK_LECTURAS,JUEGROL26175-1,1,0,0,2025-08-27 13:34:23,2025-08-27 13:34:23,Gerardo Mercier:1,
,CONFIRMAR_USO_HISTORICO_STOCK_LECTURAS,JUEGROL26660,1,0,0,2025-08-27 13:34:23,2025-08-27 13:34:23,Gerardo Mercier:1,
,CONFIRMAR_USO_HISTORICO_STOCK_LECTURAS,JUEGROL26661-4,1,0,0,2025-08-27 13:34:22,2025-08-27 13:34:22,Gerardo Mercier:1,
,CONFIRMAR_USO_HISTORICO_STOCK_LECTURAS,JUEGROL26662,1,0,0,2025-08-27 13:34:23,2025-08-27 13:34:23,Gerardo Mercier:1,
,CONFIRMAR_USO_HISTORICO_STOCK_LECTURAS,JUEGROL29015,1,0,0,2025-08-27 13:34:22,2025-08-27 13:34:22,Gerardo Mercier:1,
,CONFIRMAR_USO_HISTORICO_STOCK_LECTURAS,JUEGROL29015-1,1,0,0,2025-08-27 13:34:23,2025-08-27 13:34:23,Gerardo Mercier:1,
,CONFIRMAR_USO_HISTORICO_STOCK_LECTURAS,JUEGROL31564,1,0,0,2025-08-27 13:34:23,2025-08-27 13:34:23,Gerardo Mercier:1,
,CONFIRMAR_USO_HISTORICO_STOCK_LECTURAS,JUEGROL319,1,0,0,2025-08-27 13:34:21,2025-08-27 13:34:21,Gerardo Mercier:1,
,CONFIRMAR_USO_HISTORICO_STOCK_LECTURAS,JUEGROL354,1,0,0,2025-08-27 13:34:22,2025-08-27 13:34:22,Gerardo Mercier:1,
,CONFIRMAR_USO_HISTORICO_STOCK_LECTURAS,JUEGROL404,1,0,0,2025-08-27 13:34:22,2025-08-27 13:34:22,Gerardo Mercier:1,
,CONFIRMAR_USO_HISTORICO_STOCK_LECTURAS,JUEGROL404A,1,0,0,2025-08-27 13:34:22,2025-08-27 13:34:22,Gerardo Mercier:1,
,CONFIRMAR_USO_HISTORICO_STOCK_LECTURAS,JUEGROL404B,1,0,0,2025-08-27 13:34:22,2025-08-27 13:34:22,Gerardo Mercier:1,
,CONFIRMAR_USO_HISTORICO_STOCK_LECTURAS,JUEGROL404C,1,0,0,2025-08-27 13:34:23,2025-08-27 13:34:23,Gerardo Mercier:1,
,CONFIRMAR_USO_HISTORICO_STOCK_LECTURAS,JUEGROL404D,1,0,0,2025-08-27 13:34:23,2025-08-27 13:34:23,Gerardo Mercier:1,
,CONFIRMAR_USO_HISTORICO_STOCK_LECTURAS,JUEGROL404E,1,0,0,2025-08-27 13:34:22,2025-08-27 13:34:22,Gerardo Mercier:1,
,CONFIRMAR_USO_HISTORICO_STOCK_LECTURAS,JUEGROL405,1,0,0,2025-08-27 13:34:23,2025-08-27 13:34:23,Gerardo Mercier:1,
,CONFIRMAR_USO_HISTORICO_STOCK_LECTURAS,JUEGROL419,1,0,0,2025-08-27 13:34:21,2025-08-27 13:34:21,Gerardo Mercier:1,
,CONFIRMAR_USO_HISTORICO_STOCK_LECTURAS,JUEGROL442,1,0,0,2025-08-27 13:34:22,2025-08-27 13:34:22,Gerardo Mercier:1,
,CONFIRMAR_USO_HISTORICO_STOCK_LECTURAS,JUEGROL465,1,0,0,2025-08-27 13:34:22,2025-08-27 13:34:22,Gerardo Mercier:1,
,CONFIRMAR_USO_HISTORICO_STOCK_LECTURAS,JUEGROL471-B,1,0,0,2025-08-27 13:34:22,2025-08-27 13:34:22,Gerardo Mercier:1,
,CONFIRMAR_USO_HISTORICO_STOCK_LECTURAS,JUEGROL471C,1,0,0,2025-08-27 13:34:22,2025-08-27 13:34:22,Gerardo Mercier:1,
,CONFIRMAR_USO_HISTORICO_STOCK_LECTURAS,JUEGROL471D,1,0,0,2025-08-27 13:34:22,2025-08-27 13:34:22,Gerardo Mercier:1,
,CONFIRMAR_USO_HISTORICO_STOCK_LECTURAS,JUEGROL471E,1,0,0,2025-08-27 13:34:22,2025-08-27 13:34:22,Gerardo Mercier:1,
,CONFIRMAR_USO_HISTORICO_STOCK_LECTURAS,JUEGROL471F,1,0,0,2025-08-27 13:34:22,2025-08-27 13:34:22,Gerardo Mercier:1,
,CONFIRMAR_USO_HISTORICO_STOCK_LECTURAS,JUEGROL501,1,0,0,2025-08-27 13:34:21,2025-08-27 13:34:21,Gerardo Mercier:1,
,CONFIRMAR_USO_HISTORICO_STOCK_LECTURAS,JUEGROL508,1,0,0,2025-08-27 13:34:22,2025-08-27 13:34:22,Gerardo Mercier:1,
,CONFIRMAR_USO_HISTORICO_STOCK_LECTURAS,JUEGROL713,1,0,0,2025-08-27 13:34:21,2025-08-27 13:34:21,Gerardo Mercier:1,
,CONFIRMAR_USO_HISTORICO_STOCK_LECTURAS,JUEGROL802,1,0,0,2025-08-27 13:34:21,2025-08-27 13:34:21,Gerardo Mercier:1,
,CONFIRMAR_USO_HISTORICO_STOCK_LECTURAS,JUEGROL805,1,0,0,2025-08-27 13:34:23,2025-08-27 13:34:23,Gerardo Mercier:1,
,CONFIRMAR_USO_HISTORICO_STOCK_LECTURAS,JUEGROL902-A,1,0,0,2025-08-27 13:34:22,2025-08-27 13:34:22,Gerardo Mercier:1,
,CONFIRMAR_USO_HISTORICO_STOCK_LECTURAS,JUEGROL902-B,1,0,0,2025-08-27 13:34:22,2025-08-27 13:34:22,Gerardo Mercier:1,
,CONFIRMAR_USO_HISTORICO_STOCK_LECTURAS,JUEGROL914-B,1,0,0,2025-08-27 13:34:21,2025-08-27 13:34:21,Gerardo Mercier:1,
,CONFIRMAR_USO_HISTORICO_STOCK_LECTURAS,JUEGROL914B,1,0,0,2025-08-27 13:34:22,2025-08-27 13:34:22,Gerardo Mercier:1,
,CONFIRMAR_USO_HISTORICO_STOCK_LECTURAS,JUEGROL914Bbedlegs,1,0,0,2025-08-27 13:34:22,2025-08-27 13:34:22,Gerardo Mercier:1,
,CONFIRMAR_USO_HISTORICO_STOCK_LECTURAS,JUEGROLB002,1,0,0,2025-08-27 13:34:23,2025-08-27 13:34:23,Gerardo Mercier:1,
,CONFIRMAR_USO_HISTORICO_STOCK_LECTURAS,JUEGROLGYM-1,1,0,0,2025-08-27 13:34:21,2025-08-27 13:34:21,Gerardo Mercier:1,
,CONFIRMAR_USO_HISTORICO_STOCK_LECTURAS,JUEGROLGYM-2,1,0,0,2025-08-27 13:34:21,2025-08-27 13:34:21,Gerardo Mercier:1,
,CONFIRMAR_USO_HISTORICO_STOCK_LECTURAS,JUEGROLGYM-6,1,0,0,2025-08-27 13:34:23,2025-08-27 13:34:23,Gerardo Mercier:1,
,CONFIRMAR_USO_HISTORICO_STOCK_LECTURAS,JUEGROLGYM-7,1,0,0,2025-08-27 13:34:22,2025-08-27 13:34:22,Gerardo Mercier:1,
,CONFIRMAR_USO_HISTORICO_STOCK_LECTURAS,JUEGROLGYM-8,1,0,0,2025-08-27 13:34:22,2025-08-27 13:34:22,Gerardo Mercier:1,
,CONFIRMAR_USO_HISTORICO_STOCK_LECTURAS,JUEGROLGYM-9,1,0,0,2025-08-27 13:34:23,2025-08-27 13:34:23,Gerardo Mercier:1,
,CONFIRMAR_USO_HISTORICO_STOCK_LECTURAS,JUEGROLIPF-015,1,0,0,2025-08-27 13:34:23,2025-08-27 13:34:23,Gerardo Mercier:1,
,CONFIRMAR_USO_HISTORICO_STOCK_LECTURAS,JUEGROLW07C068,1,0,0,2025-08-27 13:34:21,2025-08-27 13:34:21,Gerardo Mercier:1,
,CONFIRMAR_USO_HISTORICO_STOCK_LECTURAS,JUEGROLZ6179 -1,1,0,0,2025-08-27 13:34:23,2025-08-27 13:34:23,Gerardo Mercier:1,
,CONFIRMAR_USO_HISTORICO_STOCK_LECTURAS,JUEGROlL075C,1,0,0,2025-08-27 13:34:22,2025-08-27 13:34:22,Gerardo Mercier:1,
,CONFIRMAR_USO_HISTORICO_STOCK_LECTURAS,JUEGRUB012,1,1,1,2025-11-04 09:21:35,2025-11-04 09:21:35,Gerardo Mercier:1,
,CONFIRMAR_USO_HISTORICO_STOCK_LECTURAS,JUEGSET-02,1,0,0,2025-08-27 13:34:23,2025-08-27 13:34:23,Gerardo Mercier:1,
,CONFIRMAR_USO_HISTORICO_STOCK_LECTURAS,JUEGSET-06,1,0,0,2025-08-21 12:52:20,2025-08-21 12:52:20,Gerardo Mercier:1,
,CONFIRMAR_USO_HISTORICO_STOCK_LECTURAS,JUEGSET-100,1,0,0,2025-08-27 13:34:23,2025-08-27 13:34:23,Gerardo Mercier:1,
,CONFIRMAR_USO_HISTORICO_STOCK_LECTURAS,JUEGSET-102,1,0,0,2025-08-27 13:34:22,2025-08-27 13:34:22,Gerardo Mercier:1,
,CONFIRMAR_USO_HISTORICO_STOCK_LECTURAS,JUEGSET-103,1,0,0,2025-08-27 13:34:23,2025-08-27 13:34:23,Gerardo Mercier:1,
,CONFIRMAR_USO_HISTORICO_STOCK_LECTURAS,JUEGSET-104,1,0,0,2025-08-27 13:34:21,2025-08-27 13:34:21,Gerardo Mercier:1,
,CONFIRMAR_USO_HISTORICO_STOCK_LECTURAS,JUEGSET-105,1,0,0,2025-08-27 13:34:23,2025-08-27 13:34:23,Gerardo Mercier:1,
,CONFIRMAR_USO_HISTORICO_STOCK_LECTURAS,JUEGSET-106,1,0,0,2025-08-27 13:34:23,2025-08-27 13:34:23,Gerardo Mercier:1,
,CONFIRMAR_USO_HISTORICO_STOCK_LECTURAS,JUEGSET-16,1,0,0,2025-08-21 12:52:20,2025-08-21 12:52:20,Gerardo Mercier:1,
,CONFIRMAR_USO_HISTORICO_STOCK_LECTURAS,JUEGSET-18,1,0,0,2025-08-21 12:52:20,2025-08-21 12:52:20,Gerardo Mercier:1,
,CONFIRMAR_USO_HISTORICO_STOCK_LECTURAS,JUEGSET-19,1,0,0,2025-08-27 13:34:22,2025-08-27 13:34:22,Gerardo Mercier:1,
,CONFIRMAR_USO_HISTORICO_STOCK_LECTURAS,JUEGSET-21,1,0,0,2025-08-21 12:52:20,2025-08-21 12:52:20,Gerardo Mercier:1,
,CONFIRMAR_USO_HISTORICO_STOCK_LECTURAS,JUEGSET-24,1,0,0,2025-08-21 12:52:20,2025-08-21 12:52:20,Gerardo Mercier:1,
,CONFIRMAR_USO_HISTORICO_STOCK_LECTURAS,JUEGSET-26,1,0,0,2025-08-27 13:34:23,2025-08-27 13:34:23,Gerardo Mercier:1,
,CONFIRMAR_USO_HISTORICO_STOCK_LECTURAS,JUEGSET-30,1,0,0,2025-08-27 13:34:23,2025-08-27 13:34:23,Gerardo Mercier:1,
,CONFIRMAR_USO_HISTORICO_STOCK_LECTURAS,JUEGSET-34,1,0,0,2025-08-27 13:34:22,2025-08-27 13:34:22,Gerardo Mercier:1,
,CONFIRMAR_USO_HISTORICO_STOCK_LECTURAS,JUEGSET-40,1,0,0,2025-08-21 12:52:20,2025-08-21 12:52:20,Gerardo Mercier:1,
,CONFIRMAR_USO_HISTORICO_STOCK_LECTURAS,JUEGSET-46,1,0,0,2025-08-27 13:34:23,2025-08-27 13:34:23,Gerardo Mercier:1,
,CONFIRMAR_USO_HISTORICO_STOCK_LECTURAS,JUEGSET-49,1,0,0,2025-08-27 13:34:23,2025-08-27 13:34:23,Gerardo Mercier:1,
,CONFIRMAR_USO_HISTORICO_STOCK_LECTURAS,JUEGSET-53,1,0,0,2025-08-27 13:34:21,2025-08-27 13:34:21,Gerardo Mercier:1,
,CONFIRMAR_USO_HISTORICO_STOCK_LECTURAS,JUEGSET-71,1,0,0,2025-08-21 12:52:20,2025-08-21 12:52:20,Gerardo Mercier:1,
,CONFIRMAR_USO_HISTORICO_STOCK_LECTURAS,JUEGSET-72,1,0,0,2025-08-27 13:34:22,2025-08-27 13:34:22,Gerardo Mercier:1,
,CONFIRMAR_USO_HISTORICO_STOCK_LECTURAS,JUEGSET-75,1,0,0,2025-08-27 13:34:22,2025-08-27 13:34:22,Gerardo Mercier:1,
,CONFIRMAR_USO_HISTORICO_STOCK_LECTURAS,JUEGSET-76,1,0,0,2025-08-27 13:34:21,2025-08-27 13:34:21,Gerardo Mercier:1,
,CONFIRMAR_USO_HISTORICO_STOCK_LECTURAS,JUEGSET-80,1,0,0,2025-08-27 13:34:22,2025-08-27 13:34:22,Gerardo Mercier:1,
,CONFIRMAR_USO_HISTORICO_STOCK_LECTURAS,JUEGSET-81,1,0,0,2025-08-27 13:34:23,2025-08-27 13:34:23,Gerardo Mercier:1,
,CONFIRMAR_USO_HISTORICO_STOCK_LECTURAS,JUEGSET-82,1,0,0,2025-08-27 13:34:22,2025-08-27 13:34:22,Gerardo Mercier:1,
,CONFIRMAR_USO_HISTORICO_STOCK_LECTURAS,JUEGSET-83,1,0,0,2025-08-27 13:34:22,2025-08-27 13:34:22,Gerardo Mercier:1,
,CONFIRMAR_USO_HISTORICO_STOCK_LECTURAS,JUEGSET-84,1,0,0,2025-08-27 13:34:21,2025-08-27 13:34:21,Gerardo Mercier:1,
,CONFIRMAR_USO_HISTORICO_STOCK_LECTURAS,JUEGSET-88,1,0,0,2025-08-27 13:34:23,2025-08-27 13:34:23,Gerardo Mercier:1,
,CONFIRMAR_USO_HISTORICO_STOCK_LECTURAS,JUEGSET-91,1,0,0,2025-08-27 13:34:22,2025-08-27 13:34:22,Gerardo Mercier:1,
,CONFIRMAR_USO_HISTORICO_STOCK_LECTURAS,JUEGSET-92,1,0,0,2025-08-27 13:34:21,2025-08-27 13:34:21,Gerardo Mercier:1,
,CONFIRMAR_USO_HISTORICO_STOCK_LECTURAS,JUEGSET-93,1,0,0,2025-08-27 13:34:23,2025-08-27 13:34:23,Gerardo Mercier:1,
,CONFIRMAR_USO_HISTORICO_STOCK_LECTURAS,JUEGSET-94,1,0,0,2025-08-27 13:34:23,2025-08-27 13:34:23,Gerardo Mercier:1,
,CONFIRMAR_USO_HISTORICO_STOCK_LECTURAS,JUEGSET-95,1,0,0,2025-08-27 13:34:23,2025-08-27 13:34:23,Gerardo Mercier:1,
,CONFIRMAR_USO_HISTORICO_STOCK_LECTURAS,JUEGSET-96,1,0,0,2025-08-21 12:52:20,2025-08-21 12:52:20,Gerardo Mercier:1,
,CONFIRMAR_USO_HISTORICO_STOCK_LECTURAS,JUEGSET-97,1,0,0,2025-08-27 13:34:22,2025-08-27 13:34:22,Gerardo Mercier:1,
,CONFIRMAR_USO_HISTORICO_STOCK_LECTURAS,JUEGTOK036,1,1,1,2026-03-23 14:21:44,2026-03-23 14:21:44,Gerardo Mercier:1,
,CONFIRMAR_USO_HISTORICO_STOCK_LECTURAS,JUEGZHE308_1,1,0,0,2025-08-27 13:34:23,2025-08-27 13:34:23,Gerardo Mercier:1,
,CONFIRMAR_USO_HISTORICO_STOCK_LECTURAS,KITENTRE1,1,0,0,2025-08-27 13:34:22,2025-08-27 13:34:22,Gerardo Mercier:1,
,CONFIRMAR_USO_HISTORICO_STOCK_LECTURAS,ME06899,1,0,0,2025-08-21 12:52:20,2025-08-21 12:52:20,Gerardo Mercier:1,
,CONFIRMAR_USO_HISTORICO_STOCK_LECTURAS,ME12531,1,0,0,2025-08-21 12:52:20,2025-08-21 12:52:20,Gerardo Mercier:1,
,CONFIRMAR_USO_HISTORICO_STOCK_LECTURAS,MK-137H,1,30,30,2026-03-23 14:26:22,2026-03-23 14:26:22,Gerardo Mercier:1,
,CONFIRMAR_USO_HISTORICO_STOCK_LECTURAS,MK-267,1,1,1,2025-09-24 08:56:27,2025-09-24 08:56:27,Gerardo Mercier:1,
,CONFIRMAR_USO_HISTORICO_STOCK_LECTURAS,MK-308A,1,1,1,2025-09-24 08:56:27,2025-09-24 08:56:27,Gerardo Mercier:1,
,CONFIRMAR_USO_HISTORICO_STOCK_LECTURAS,MK-342AN,1,1,1,2025-09-24 08:56:27,2025-09-24 08:56:27,Gerardo Mercier:1,
,CONFIRMAR_USO_HISTORICO_STOCK_LECTURAS,MK01726,1,0,0,2025-08-21 12:52:20,2025-08-21 12:52:20,Gerardo Mercier:1,
,CONFIRMAR_USO_HISTORICO_STOCK_LECTURAS,MK08893,1,0,0,2025-08-21 12:52:20,2025-08-21 12:52:20,Gerardo Mercier:1,
,CONFIRMAR_USO_HISTORICO_STOCK_LECTURAS,MK11145,1,0,0,2025-08-21 12:52:20,2025-08-21 12:52:20,Gerardo Mercier:1,
,CONFIRMAR_USO_HISTORICO_STOCK_LECTURAS,MMQ001,1,0,0,2025-08-21 12:52:20,2025-08-21 12:52:20,Gerardo Mercier:1,
,CONFIRMAR_USO_HISTORICO_STOCK_LECTURAS,MUME001,1,0,0,2025-08-21 12:57:49,2025-08-21 12:57:49,Gerardo Mercier:1,
,CONFIRMAR_USO_HISTORICO_STOCK_LECTURAS,MUNDT011B,1,0,0,2025-08-21 12:57:49,2025-08-21 12:57:49,Gerardo Mercier:1,
,CONFIRMAR_USO_HISTORICO_STOCK_LECTURAS,MUNDT026,1,0,0,2025-08-21 12:57:49,2025-08-21 12:57:49,Gerardo Mercier:1,
,CONFIRMAR_USO_HISTORICO_STOCK_LECTURAS,MUNDT029,1,0,0,2025-08-21 12:57:49,2025-08-21 12:57:49,Gerardo Mercier:1,
,CONFIRMAR_USO_HISTORICO_STOCK_LECTURAS,MUNDT037,1,0,0,2025-08-21 12:57:49,2025-08-21 12:57:49,Gerardo Mercier:1,
,CONFIRMAR_USO_HISTORICO_STOCK_LECTURAS,MUNDT041,1,0,0,2025-08-21 12:57:49,2025-08-21 12:57:49,Gerardo Mercier:1,
,CONFIRMAR_USO_HISTORICO_STOCK_LECTURAS,MUNDT045,1,0,0,2025-08-21 12:57:49,2025-08-21 12:57:49,Gerardo Mercier:1,
,CONFIRMAR_USO_HISTORICO_STOCK_LECTURAS,MUNDT054,1,0,0,2025-08-21 12:57:50,2025-08-21 12:57:50,Gerardo Mercier:1,
,CONFIRMAR_USO_HISTORICO_STOCK_LECTURAS,MUNDT103,1,0,0,2025-08-21 12:57:49,2025-08-21 12:57:49,Gerardo Mercier:1,
,CONFIRMAR_USO_HISTORICO_STOCK_LECTURAS,MUNDT11,1,0,0,2025-08-21 12:57:50,2025-08-21 12:57:50,Gerardo Mercier:1,
,CONFIRMAR_USO_HISTORICO_STOCK_LECTURAS,MUNDT40,1,0,0,2025-08-21 12:57:49,2025-08-21 12:57:49,Gerardo Mercier:1,
,CONFIRMAR_USO_HISTORICO_STOCK_LECTURAS,MUNDTSCAPAZ,1,0,0,2025-08-21 12:57:49,2025-08-21 12:57:49,Gerardo Mercier:1,
,CONFIRMAR_USO_HISTORICO_STOCK_LECTURAS,NCD06007,1,0,0,2025-08-21 12:52:20,2025-08-21 12:52:20,Gerardo Mercier:1,
,CONFIRMAR_USO_HISTORICO_STOCK_LECTURAS,NCD06010,1,0,0,2025-08-21 12:52:20,2025-08-21 12:52:20,Gerardo Mercier:1,
,CONFIRMAR_USO_HISTORICO_STOCK_LECTURAS,NL-20801,1,0,0,2025-08-27 13:34:21,2025-08-27 13:34:21,Gerardo Mercier:1,
,CONFIRMAR_USO_HISTORICO_STOCK_LECTURAS,NL-20804-1,1,0,0,2025-08-27 13:34:21,2025-08-27 13:34:21,Gerardo Mercier:1,
,CONFIRMAR_USO_HISTORICO_STOCK_LECTURAS,PERSONA,1,0,0,2025-08-21 12:57:49,2025-08-21 12:57:49,Gerardo Mercier:1,
,CONFIRMAR_USO_HISTORICO_STOCK_LECTURAS,PL-666-3,1,0,0,2025-08-27 13:34:22,2025-08-27 13:34:22,Gerardo Mercier:1,
,CONFIRMAR_USO_HISTORICO_STOCK_LECTURAS,PL-666-3E,1,0,0,2025-08-27 13:34:22,2025-08-27 13:34:22,Gerardo Mercier:1,
,CONFIRMAR_USO_HISTORICO_STOCK_LECTURAS,PLAS957300,1,0,0,2025-08-27 13:34:22,2025-08-27 13:34:22,Gerardo Mercier:1,
,CONFIRMAR_USO_HISTORICO_STOCK_LECTURAS,PR-16296-1,1,0,0,2025-08-27 13:34:22,2025-08-27 13:34:22,Gerardo Mercier:1,
,CONFIRMAR_USO_HISTORICO_STOCK_LECTURAS,PT-EV00520B,1,0,0,2025-08-21 12:52:20,2025-08-21 12:52:20,Gerardo Mercier:1,
,CONFIRMAR_USO_HISTORICO_STOCK_LECTURAS,PT-EV00523,1,0,0,2025-08-21 12:52:20,2025-08-21 12:52:20,Gerardo Mercier:1,
,CONFIRMAR_USO_HISTORICO_STOCK_LECTURAS,PT-EV00605,1,0,0,2025-08-21 12:52:20,2025-08-21 12:52:20,Gerardo Mercier:1,
,CONFIRMAR_USO_HISTORICO_STOCK_LECTURAS,PT-EV00824,1,0,0,2025-08-21 12:52:20,2025-08-21 12:52:20,Gerardo Mercier:1,
,CONFIRMAR_USO_HISTORICO_STOCK_LECTURAS,R62010,1,0,0,2025-08-21 12:52:20,2025-08-21 12:52:20,Gerardo Mercier:1,
,CONFIRMAR_USO_HISTORICO_STOCK_LECTURAS,R62011,1,0,0,2025-08-21 12:52:20,2025-08-21 12:52:20,Gerardo Mercier:1,
,CONFIRMAR_USO_HISTORICO_STOCK_LECTURAS,R62301,1,0,0,2025-08-21 12:52:20,2025-08-21 12:52:20,Gerardo Mercier:1,
,CONFIRMAR_USO_HISTORICO_STOCK_LECTURAS,S101073,1,0,0,2025-08-21 12:52:20,2025-08-21 12:52:20,Gerardo Mercier:1,
,CONFIRMAR_USO_HISTORICO_STOCK_LECTURAS,S601001,1,0,0,2025-08-21 12:52:20,2025-08-21 12:52:20,Gerardo Mercier:1,
,CONFIRMAR_USO_HISTORICO_STOCK_LECTURAS,S601003,1,0,0,2025-08-21 12:52:20,2025-08-21 12:52:20,Gerardo Mercier:1,
,CONFIRMAR_USO_HISTORICO_STOCK_LECTURAS,SETANTI24,1,0,0,2025-08-27 13:34:23,2025-08-27 13:34:23,Gerardo Mercier:1,
,CONFIRMAR_USO_HISTORICO_STOCK_LECTURAS,SMX221,1,0,0,2025-08-21 12:52:20,2025-08-21 12:52:20,Gerardo Mercier:1,
,CONFIRMAR_USO_HISTORICO_STOCK_LECTURAS,T101003,1,0,0,2025-08-21 12:52:20,2025-08-21 12:52:20,Gerardo Mercier:1,
,CONFIRMAR_USO_HISTORICO_STOCK_LECTURAS,T201097,1,0,0,2025-08-21 12:52:20,2025-08-21 12:52:20,Gerardo Mercier:1,
,CONFIRMAR_USO_HISTORICO_STOCK_LECTURAS,T201109,1,0,0,2025-08-21 12:52:20,2025-08-21 12:52:20,Gerardo Mercier:1,
,CONFIRMAR_USO_HISTORICO_STOCK_LECTURAS,T401024,1,0,0,2025-08-21 12:52:20,2025-08-21 12:52:20,Gerardo Mercier:1,
,CONFIRMAR_USO_HISTORICO_STOCK_LECTURAS,T401052,1,0,0,2025-08-21 12:52:20,2025-08-21 12:52:20,Gerardo Mercier:1,
,CONFIRMAR_USO_HISTORICO_STOCK_LECTURAS,T401053,1,0,0,2025-08-21 12:52:20,2025-08-21 12:52:20,Gerardo Mercier:1,
,CONFIRMAR_USO_HISTORICO_STOCK_LECTURAS,T501023,1,0,0,2025-08-21 12:52:20,2025-08-21 12:52:20,Gerardo Mercier:1,
,CONFIRMAR_USO_HISTORICO_STOCK_LECTURAS,T601003,1,0,0,2025-08-21 12:52:20,2025-08-21 12:52:20,Gerardo Mercier:1,
,CONFIRMAR_USO_HISTORICO_STOCK_LECTURAS,T701002,1,0,0,2025-08-21 12:52:20,2025-08-21 12:52:20,Gerardo Mercier:1,
,CONFIRMAR_USO_HISTORICO_STOCK_LECTURAS,TVG,1,1,1,2026-03-23 14:26:22,2026-03-23 14:26:22,Gerardo Mercier:1,
,CONFIRMAR_USO_HISTORICO_STOCK_LECTURAS,VIPTM22260-8,1,0,0,2025-08-27 13:34:23,2025-08-27 13:34:23,Gerardo Mercier:1,
,CONFIRMAR_USO_HISTORICO_STOCK_LECTURAS,W07C068,1,0,0,2025-08-27 13:34:21,2025-08-27 13:34:21,Gerardo Mercier:1,
,CONFIRMAR_USO_HISTORICO_STOCK_LECTURAS,ansal-21137,1,1,1,2025-09-24 08:56:25,2025-09-24 08:56:25,Gerardo Mercier:1,
,CONFIRMAR_USO_HISTORICO_STOCK_LECTURAS,aprendo,1,0,0,2025-08-21 12:57:49,2025-08-21 12:57:49,Gerardo Mercier:1,
,CONFIRMAR_USO_HISTORICO_STOCK_LECTURAS,aprendoacuidarme,1,0,0,2025-08-21 12:57:49,2025-08-21 12:57:49,Gerardo Mercier:1,
,CONFIRMAR_USO_HISTORICO_STOCK_LECTURAS,bullyingsos,1,0,0,2025-08-21 12:57:49,2025-08-21 12:57:49,Gerardo Mercier:1,
,CONFIRMAR_USO_HISTORICO_STOCK_LECTURAS,bulying,1,0,0,2025-08-21 12:57:49,2025-08-21 12:57:49,Gerardo Mercier:1,
,CONFIRMAR_USO_HISTORICO_STOCK_LECTURAS,conectores,1,0,0,2025-08-21 12:57:49,2025-08-21 12:57:49,Gerardo Mercier:1,
,CONFIRMAR_USO_HISTORICO_STOCK_LECTURAS,cuerpoallimite,1,0,0,2025-08-21 12:57:49,2025-08-21 12:57:49,Gerardo Mercier:1,
,CONFIRMAR_USO_HISTORICO_STOCK_LECTURAS,d201051,1,2,2,2025-09-24 08:56:25,2025-09-24 08:56:25,Gerardo Mercier:1,
,CONFIRMAR_USO_HISTORICO_STOCK_LECTURAS,d201053,1,1,1,2025-09-24 08:56:25,2025-09-24 08:56:25,Gerardo Mercier:1,
,CONFIRMAR_USO_HISTORICO_STOCK_LECTURAS,d203006,1,3,3,2025-09-24 08:56:25,2025-09-24 08:56:25,Gerardo Mercier:1,
,CONFIRMAR_USO_HISTORICO_STOCK_LECTURAS,d203014,1,1,1,2025-09-24 08:56:25,2025-09-24 08:56:25,Gerardo Mercier:1,
,CONFIRMAR_USO_HISTORICO_STOCK_LECTURAS,d203020,1,1,1,2025-09-24 08:56:25,2025-09-24 08:56:25,Gerardo Mercier:1,
,CONFIRMAR_USO_HISTORICO_STOCK_LECTURAS,d230018,1,1,1,2025-09-24 08:56:25,2025-09-24 08:56:25,Gerardo Mercier:1,
,CONFIRMAR_USO_HISTORICO_STOCK_LECTURAS,d230023,1,1,1,2025-09-24 08:56:25,2025-09-24 08:56:25,Gerardo Mercier:1,
,CONFIRMAR_USO_HISTORICO_STOCK_LECTURAS,d301027,1,1,1,2025-09-24 08:56:25,2025-09-24 08:56:25,Gerardo Mercier:1,
,CONFIRMAR_USO_HISTORICO_STOCK_LECTURAS,d302009,1,1,1,2025-09-24 08:56:25,2025-09-24 08:56:25,Gerardo Mercier:1,
,CONFIRMAR_USO_HISTORICO_STOCK_LECTURAS,d304008,1,2,2,2025-09-24 08:56:25,2025-09-24 08:56:25,Gerardo Mercier:1,
,CONFIRMAR_USO_HISTORICO_STOCK_LECTURAS,d306028,1,1,1,2025-09-24 08:56:25,2025-09-24 08:56:25,Gerardo Mercier:1,
,CONFIRMAR_USO_HISTORICO_STOCK_LECTURAS,d705006,1,2,2,2025-08-21 12:52:59,2025-08-21 12:52:59,Gerardo Mercier:1,
,CONFIRMAR_USO_HISTORICO_STOCK_LECTURAS,d705040,1,1,1,2025-09-24 08:56:25,2025-09-24 08:56:25,Gerardo Mercier:1,
,CONFIRMAR_USO_HISTORICO_STOCK_LECTURAS,d711003,1,2,2,2025-09-24 08:56:25,2025-09-24 08:56:25,Gerardo Mercier:1,
,CONFIRMAR_USO_HISTORICO_STOCK_LECTURAS,d711004,1,1,1,2025-09-24 08:56:25,2025-09-24 08:56:25,Gerardo Mercier:1,
,CONFIRMAR_USO_HISTORICO_STOCK_LECTURAS,d801007,1,1,1,2025-09-24 08:56:25,2025-09-24 08:56:25,Gerardo Mercier:1,
,CONFIRMAR_USO_HISTORICO_STOCK_LECTURAS,d805001,1,1,1,2025-09-24 08:56:25,2025-09-24 08:56:25,Gerardo Mercier:1,
,CONFIRMAR_USO_HISTORICO_STOCK_LECTURAS,d807030,1,1,1,2025-09-24 08:56:25,2025-09-24 08:56:25,Gerardo Mercier:1,
,CONFIRMAR_USO_HISTORICO_STOCK_LECTURAS,d901025,1,1,1,2025-08-21 12:52:59,2025-08-21 12:52:59,Gerardo Mercier:1,
,CONFIRMAR_USO_HISTORICO_STOCK_LECTURAS,dce015,1,14,14,2025-09-24 08:56:25,2025-09-24 08:56:25,Gerardo Mercier:1,
,CONFIRMAR_USO_HISTORICO_STOCK_LECTURAS,depbasbal115,1,3,3,2025-09-24 08:56:25,2025-09-24 08:56:25,Gerardo Mercier:1,
,CONFIRMAR_USO_HISTORICO_STOCK_LECTURAS,depfutacc078,1,2,2,2025-09-24 08:56:25,2025-09-24 08:56:25,Gerardo Mercier:1,
,CONFIRMAR_USO_HISTORICO_STOCK_LECTURAS,depfutbal201,1,3,3,2025-09-24 08:56:25,2025-09-24 08:56:25,Gerardo Mercier:1,
,CONFIRMAR_USO_HISTORICO_STOCK_LECTURAS,depfutbal507,1,1,1,2025-09-24 08:56:25,2025-09-24 08:56:25,Gerardo Mercier:1,
,CONFIRMAR_USO_HISTORICO_STOCK_LECTURAS,depgimmed100,1,1,1,2025-09-24 08:56:25,2025-09-24 08:56:25,Gerardo Mercier:1,
,CONFIRMAR_USO_HISTORICO_STOCK_LECTURAS,depmanhex001,1,3,3,2025-09-24 08:56:25,2025-09-24 08:56:25,Gerardo Mercier:1,
,CONFIRMAR_USO_HISTORICO_STOCK_LECTURAS,deppinsop010,1,2,2,2025-09-24 08:56:25,2025-09-24 08:56:25,Gerardo Mercier:1,
,CONFIRMAR_USO_HISTORICO_STOCK_LECTURAS,dmb011,1,1,1,2025-09-24 08:56:25,2025-09-24 08:56:25,Gerardo Mercier:1,
,CONFIRMAR_USO_HISTORICO_STOCK_LECTURAS,fal15728799,1,1,1,2025-09-24 08:56:25,2025-09-24 08:56:25,Gerardo Mercier:1,
,CONFIRMAR_USO_HISTORICO_STOCK_LECTURAS,fiharbal007,1,1,1,2025-09-24 08:56:25,2025-09-24 08:56:25,Gerardo Mercier:1,
,CONFIRMAR_USO_HISTORICO_STOCK_LECTURAS,giacccla004,1,1,1,2025-09-24 08:56:25,2025-09-24 08:56:25,Gerardo Mercier:1,
,CONFIRMAR_USO_HISTORICO_STOCK_LECTURAS,hl-73-4a,1,13,13,2025-09-24 08:56:25,2025-09-24 08:56:25,Gerardo Mercier:1,
,CONFIRMAR_USO_HISTORICO_STOCK_LECTURAS,juegbas123,1,1,1,2025-09-24 08:56:25,2025-09-24 08:56:25,Gerardo Mercier:1,
,CONFIRMAR_USO_HISTORICO_STOCK_LECTURAS,juegbas166,1,2,2,2025-09-24 08:56:25,2025-09-24 08:56:25,Gerardo Mercier:1,
,CONFIRMAR_USO_HISTORICO_STOCK_LECTURAS,juegbas182,1,1,1,2025-09-24 08:56:25,2025-09-24 08:56:25,Gerardo Mercier:1,
,CONFIRMAR_USO_HISTORICO_STOCK_LECTURAS,juegbas250,1,2,2,2025-09-24 08:56:25,2025-09-24 08:56:25,Gerardo Mercier:1,
,CONFIRMAR_USO_HISTORICO_STOCK_LECTURAS,juegbas256,1,2,2,2025-09-24 08:56:25,2025-09-24 08:56:25,Gerardo Mercier:1,
,CONFIRMAR_USO_HISTORICO_STOCK_LECTURAS,juegbas297,1,1,1,2025-09-24 08:56:25,2025-09-24 08:56:25,Gerardo Mercier:1,
,CONFIRMAR_USO_HISTORICO_STOCK_LECTURAS,juegbas313,1,1,1,2025-09-24 08:56:25,2025-09-24 08:56:25,Gerardo Mercier:1,
,CONFIRMAR_USO_HISTORICO_STOCK_LECTURAS,juegbas337,1,1,1,2025-09-24 08:56:25,2025-09-24 08:56:25,Gerardo Mercier:1,
,CONFIRMAR_USO_HISTORICO_STOCK_LECTURAS,juegbas382,1,1,1,2025-09-24 08:56:25,2025-09-24 08:56:25,Gerardo Mercier:1,
,CONFIRMAR_USO_HISTORICO_STOCK_LECTURAS,juegbas398,1,1,1,2025-09-24 08:56:25,2025-09-24 08:56:25,Gerardo Mercier:1,
,CONFIRMAR_USO_HISTORICO_STOCK_LECTURAS,juegbha025,1,1,1,2025-09-24 08:56:25,2025-09-24 08:56:25,Gerardo Mercier:1,
,CONFIRMAR_USO_HISTORICO_STOCK_LECTURAS,juegbor013,1,1,1,2025-09-24 08:56:25,2025-09-24 08:56:25,Gerardo Mercier:1,
,CONFIRMAR_USO_HISTORICO_STOCK_LECTURAS,juegcl4006634,1,1,1,2025-09-24 08:56:25,2025-09-24 08:56:25,Gerardo Mercier:1,
,CONFIRMAR_USO_HISTORICO_STOCK_LECTURAS,juegcl4006641,1,2,2,2025-09-24 08:56:25,2025-09-24 08:56:25,Gerardo Mercier:1,
,CONFIRMAR_USO_HISTORICO_STOCK_LECTURAS,juegeqq50012,1,1,1,2025-09-24 08:56:25,2025-09-24 08:56:25,Gerardo Mercier:1,
,CONFIRMAR_USO_HISTORICO_STOCK_LECTURAS,jueggoc021,1,1,1,2025-09-24 08:56:25,2025-09-24 08:56:25,Gerardo Mercier:1,
,CONFIRMAR_USO_HISTORICO_STOCK_LECTURAS,jueggod007,1,1,1,2025-09-24 08:56:25,2025-09-24 08:56:25,Gerardo Mercier:1,
,CONFIRMAR_USO_HISTORICO_STOCK_LECTURAS,jueggod053,1,10,10,2025-09-24 08:56:25,2025-09-24 08:56:25,Gerardo Mercier:1,
,CONFIRMAR_USO_HISTORICO_STOCK_LECTURAS,jueggod060,1,2,2,2025-09-24 08:56:25,2025-09-24 08:56:25,Gerardo Mercier:1,
,CONFIRMAR_USO_HISTORICO_STOCK_LECTURAS,jueggre024,1,1,1,2025-09-24 08:56:25,2025-09-24 08:56:25,Gerardo Mercier:1,
,CONFIRMAR_USO_HISTORICO_STOCK_LECTURAS,juegint019,1,1,1,2025-09-24 08:56:25,2025-09-24 08:56:25,Gerardo Mercier:1,
,CONFIRMAR_USO_HISTORICO_STOCK_LECTURAS,juegint066,1,1,1,2025-09-24 08:56:25,2025-09-24 08:56:25,Gerardo Mercier:1,
,CONFIRMAR_USO_HISTORICO_STOCK_LECTURAS,juegjai112,1,1,1,2025-09-24 08:56:25,2025-09-24 08:56:25,Gerardo Mercier:1,
,CONFIRMAR_USO_HISTORICO_STOCK_LECTURAS,juegjai121,1,3,3,2025-09-24 08:56:25,2025-09-24 08:56:25,Gerardo Mercier:1,
,CONFIRMAR_USO_HISTORICO_STOCK_LECTURAS,juegjai156,1,1,1,2025-09-24 08:56:26,2025-09-24 08:56:26,Gerardo Mercier:1,
,CONFIRMAR_USO_HISTORICO_STOCK_LECTURAS,juegjai165,1,1,1,2025-09-24 08:56:26,2025-09-24 08:56:26,Gerardo Mercier:1,
,CONFIRMAR_USO_HISTORICO_STOCK_LECTURAS,juegjai178,1,7,7,2025-09-24 08:56:26,2025-09-24 08:56:26,Gerardo Mercier:1,
,CONFIRMAR_USO_HISTORICO_STOCK_LECTURAS,juegjai187,1,2,2,2025-09-24 08:56:26,2025-09-24 08:56:26,Gerardo Mercier:1,
,CONFIRMAR_USO_HISTORICO_STOCK_LECTURAS,juegjai238,1,2,2,2025-09-24 08:56:26,2025-09-24 08:56:26,Gerardo Mercier:1,
,CONFIRMAR_USO_HISTORICO_STOCK_LECTURAS,juegjai262,1,2,2,2025-09-24 08:56:26,2025-09-24 08:56:26,Gerardo Mercier:1,
,CONFIRMAR_USO_HISTORICO_STOCK_LECTURAS,juegjai283,1,1,1,2025-09-24 08:56:26,2025-09-24 08:56:26,Gerardo Mercier:1,
,CONFIRMAR_USO_HISTORICO_STOCK_LECTURAS,juegjai294,1,1,1,2025-09-24 08:56:26,2025-09-24 08:56:26,Gerardo Mercier:1,
,CONFIRMAR_USO_HISTORICO_STOCK_LECTURAS,juegjai296,1,1,1,2025-09-24 08:56:26,2025-09-24 08:56:26,Gerardo Mercier:1,
,CONFIRMAR_USO_HISTORICO_STOCK_LECTURAS,juegjai325,1,1,1,2025-09-24 08:56:26,2025-09-24 08:56:26,Gerardo Mercier:1,
,CONFIRMAR_USO_HISTORICO_STOCK_LECTURAS,juegjai327,1,1,1,2025-09-24 08:56:26,2025-09-24 08:56:26,Gerardo Mercier:1,
,CONFIRMAR_USO_HISTORICO_STOCK_LECTURAS,juegjai346,1,1,1,2025-09-24 08:56:26,2025-09-24 08:56:26,Gerardo Mercier:1,
,CONFIRMAR_USO_HISTORICO_STOCK_LECTURAS,juegjai347,1,2,2,2025-09-24 08:56:26,2025-09-24 08:56:26,Gerardo Mercier:1,
,CONFIRMAR_USO_HISTORICO_STOCK_LECTURAS,juegjai387,1,1,1,2025-09-24 08:56:26,2025-09-24 08:56:26,Gerardo Mercier:1,
,CONFIRMAR_USO_HISTORICO_STOCK_LECTURAS,juegjai440,1,2,2,2025-09-24 08:56:26,2025-09-24 08:56:26,Gerardo Mercier:1,
,CONFIRMAR_USO_HISTORICO_STOCK_LECTURAS,juegjai447,1,1,1,2025-09-24 08:56:26,2025-09-24 08:56:26,Gerardo Mercier:1,
,CONFIRMAR_USO_HISTORICO_STOCK_LECTURAS,juegjai476,1,5,5,2025-09-24 08:56:26,2025-09-24 08:56:26,Gerardo Mercier:1,
,CONFIRMAR_USO_HISTORICO_STOCK_LECTURAS,juegjai481,1,1,1,2025-09-24 08:56:26,2025-09-24 08:56:26,Gerardo Mercier:1,
,CONFIRMAR_USO_HISTORICO_STOCK_LECTURAS,juegjai553,1,6,6,2025-09-24 08:56:26,2025-09-24 08:56:26,Gerardo Mercier:1,
,CONFIRMAR_USO_HISTORICO_STOCK_LECTURAS,juegjaibh,1,1,1,2025-09-24 08:56:26,2025-09-24 08:56:26,Gerardo Mercier:1,
,CONFIRMAR_USO_HISTORICO_STOCK_LECTURAS,juegjailag,1,1,1,2025-09-24 08:56:26,2025-09-24 08:56:26,Gerardo Mercier:1,
,CONFIRMAR_USO_HISTORICO_STOCK_LECTURAS,juegjaimot,1,13,13,2025-09-24 08:56:26,2025-09-24 08:56:26,Gerardo Mercier:1,
,CONFIRMAR_USO_HISTORICO_STOCK_LECTURAS,juegjaims,1,2,2,2025-09-24 08:56:26,2025-09-24 08:56:26,Gerardo Mercier:1,
,CONFIRMAR_USO_HISTORICO_STOCK_LECTURAS,juegjaippu,1,1,1,2025-09-24 08:56:26,2025-09-24 08:56:26,Gerardo Mercier:1,
,CONFIRMAR_USO_HISTORICO_STOCK_LECTURAS,juegjairom,1,1,1,2025-09-24 08:56:26,2025-09-24 08:56:26,Gerardo Mercier:1,
,CONFIRMAR_USO_HISTORICO_STOCK_LECTURAS,juegjairom-2,1,2,2,2025-09-24 08:56:26,2025-09-24 08:56:26,Gerardo Mercier:1,
,CONFIRMAR_USO_HISTORICO_STOCK_LECTURAS,juegjaitan,1,8,8,2025-09-24 08:56:26,2025-09-24 08:56:26,Gerardo Mercier:1,
,CONFIRMAR_USO_HISTORICO_STOCK_LECTURAS,jueglea012,1,2,2,2025-09-24 08:56:26,2025-09-24 08:56:26,Gerardo Mercier:1,
,CONFIRMAR_USO_HISTORICO_STOCK_LECTURAS,juegmin092,1,1,1,2025-09-24 08:56:26,2025-09-24 08:56:26,Gerardo Mercier:1,
,CONFIRMAR_USO_HISTORICO_STOCK_LECTURAS,juegplas1516,1,1,1,2025-09-24 08:56:26,2025-09-24 08:56:26,Gerardo Mercier:1,
,CONFIRMAR_USO_HISTORICO_STOCK_LECTURAS,juegplas20,1,1,1,2025-09-24 08:56:26,2025-09-24 08:56:26,Gerardo Mercier:1,
,CONFIRMAR_USO_HISTORICO_STOCK_LECTURAS,juegplo027-1,1,2,2,2025-09-24 08:56:26,2025-09-24 08:56:26,Gerardo Mercier:1,
,CONFIRMAR_USO_HISTORICO_STOCK_LECTURAS,juegplo083,1,1,1,2025-09-24 08:56:26,2025-09-24 08:56:26,Gerardo Mercier:1,
,CONFIRMAR_USO_HISTORICO_STOCK_LECTURAS,juegplo141,1,1,1,2025-09-24 08:56:26,2025-09-24 08:56:26,Gerardo Mercier:1,
,CONFIRMAR_USO_HISTORICO_STOCK_LECTURAS,juegrol0042C,1,0,0,2025-08-27 13:34:22,2025-08-27 13:34:22,Gerardo Mercier:1,
,CONFIRMAR_USO_HISTORICO_STOCK_LECTURAS,juegrol0042D,1,0,0,2025-08-27 13:34:22,2025-08-27 13:34:22,Gerardo Mercier:1,
,CONFIRMAR_USO_HISTORICO_STOCK_LECTURAS,juegrol10s100,1,1,1,2025-09-24 08:56:26,2025-09-24 08:56:26,Gerardo Mercier:1,
,CONFIRMAR_USO_HISTORICO_STOCK_LECTURAS,juegrol20812,1,2,2,2025-09-24 08:56:26,2025-09-24 08:56:26,Gerardo Mercier:1,
,CONFIRMAR_USO_HISTORICO_STOCK_LECTURAS,juegrol20813,1,1,1,2025-09-24 08:56:26,2025-09-24 08:56:26,Gerardo Mercier:1,
,CONFIRMAR_USO_HISTORICO_STOCK_LECTURAS,juegrol20901,1,23,23,2025-09-24 08:56:26,2025-09-24 08:56:26,Gerardo Mercier:1,
,CONFIRMAR_USO_HISTORICO_STOCK_LECTURAS,juegrol23056,1,1,1,2025-09-24 08:56:26,2025-09-24 08:56:26,Gerardo Mercier:1,
,CONFIRMAR_USO_HISTORICO_STOCK_LECTURAS,juegrol23057,1,2,2,2025-09-24 08:56:26,2025-09-24 08:56:26,Gerardo Mercier:1,
,CONFIRMAR_USO_HISTORICO_STOCK_LECTURAS,juegrol23073,1,2,2,2025-09-24 08:56:26,2025-09-24 08:56:26,Gerardo Mercier:1,
,CONFIRMAR_USO_HISTORICO_STOCK_LECTURAS,juegrol23076,1,1,1,2025-09-24 08:56:26,2025-09-24 08:56:26,Gerardo Mercier:1,
,CONFIRMAR_USO_HISTORICO_STOCK_LECTURAS,juegrol23096,1,1,1,2025-09-24 08:56:26,2025-09-24 08:56:26,Gerardo Mercier:1,
,CONFIRMAR_USO_HISTORICO_STOCK_LECTURAS,juegrol23098,1,2,2,2025-09-24 08:56:26,2025-09-24 08:56:26,Gerardo Mercier:1,
,CONFIRMAR_USO_HISTORICO_STOCK_LECTURAS,juegrol23099,1,2,2,2025-09-24 08:56:26,2025-09-24 08:56:26,Gerardo Mercier:1,
,CONFIRMAR_USO_HISTORICO_STOCK_LECTURAS,juegrol23107,1,14,14,2025-09-24 08:56:26,2025-09-24 08:56:26,Gerardo Mercier:1,
,CONFIRMAR_USO_HISTORICO_STOCK_LECTURAS,juegrol23856,1,1,1,2025-09-24 08:56:26,2025-09-24 08:56:26,Gerardo Mercier:1,
,CONFIRMAR_USO_HISTORICO_STOCK_LECTURAS,juegrol23859,1,2,2,2025-09-24 08:56:26,2025-09-24 08:56:26,Gerardo Mercier:1,
,CONFIRMAR_USO_HISTORICO_STOCK_LECTURAS,juegrol23865,1,11,11,2025-09-24 08:56:26,2025-09-24 08:56:26,Gerardo Mercier:1,
,CONFIRMAR_USO_HISTORICO_STOCK_LECTURAS,juegrol23918,1,3,3,2025-09-24 08:56:26,2025-09-24 08:56:26,Gerardo Mercier:1,
,CONFIRMAR_USO_HISTORICO_STOCK_LECTURAS,juegrol23922,1,11,11,2025-09-24 08:56:26,2025-09-24 08:56:26,Gerardo Mercier:1,
,CONFIRMAR_USO_HISTORICO_STOCK_LECTURAS,juegrol23927,1,2,2,2025-09-24 08:56:26,2025-09-24 08:56:26,Gerardo Mercier:1,
,CONFIRMAR_USO_HISTORICO_STOCK_LECTURAS,juegrol23935,1,2,2,2025-09-24 08:56:26,2025-09-24 08:56:26,Gerardo Mercier:1,
,CONFIRMAR_USO_HISTORICO_STOCK_LECTURAS,juegrol23937,1,2,2,2025-09-24 08:56:26,2025-09-24 08:56:26,Gerardo Mercier:1,
,CONFIRMAR_USO_HISTORICO_STOCK_LECTURAS,juegrol23969-2,1,2,2,2025-09-24 08:56:26,2025-09-24 08:56:26,Gerardo Mercier:1,
,CONFIRMAR_USO_HISTORICO_STOCK_LECTURAS,juegrol23969-3a,1,3,3,2025-09-24 08:56:26,2025-09-24 08:56:26,Gerardo Mercier:1,
,CONFIRMAR_USO_HISTORICO_STOCK_LECTURAS,juegrol23969-4b,1,4,4,2025-09-24 08:56:26,2025-09-24 08:56:26,Gerardo Mercier:1,
,CONFIRMAR_USO_HISTORICO_STOCK_LECTURAS,juegrol24204,1,2,2,2025-09-24 08:56:26,2025-09-24 08:56:26,Gerardo Mercier:1,
,CONFIRMAR_USO_HISTORICO_STOCK_LECTURAS,juegrol24210,1,1,1,2025-09-24 08:56:26,2025-09-24 08:56:26,Gerardo Mercier:1,
,CONFIRMAR_USO_HISTORICO_STOCK_LECTURAS,juegrol24233,1,1,1,2025-09-24 08:56:26,2025-09-24 08:56:26,Gerardo Mercier:1,
,CONFIRMAR_USO_HISTORICO_STOCK_LECTURAS,juegrol24243,1,16,16,2025-09-24 08:56:26,2025-09-24 08:56:26,Gerardo Mercier:1,
,CONFIRMAR_USO_HISTORICO_STOCK_LECTURAS,juegrol25828,1,287,287,2026-04-27 10:14:22,2026-04-27 10:14:22,Jonathan Carvajal:1,
,CONFIRMAR_USO_HISTORICO_STOCK_LECTURAS,juegrolm23969-1,1,3,3,2025-09-24 08:56:26,2025-09-24 08:56:26,Gerardo Mercier:1,
,CONFIRMAR_USO_HISTORICO_STOCK_LECTURAS,juegsh1118,1,1,1,2025-09-24 08:56:26,2025-09-24 08:56:26,Gerardo Mercier:1,
,CONFIRMAR_USO_HISTORICO_STOCK_LECTURAS,juegsh1120,1,1,1,2025-09-24 08:56:26,2025-09-24 08:56:26,Gerardo Mercier:1,
,CONFIRMAR_USO_HISTORICO_STOCK_LECTURAS,juegsh1176,1,2,2,2025-09-24 08:56:26,2025-09-24 08:56:26,Gerardo Mercier:1,
,CONFIRMAR_USO_HISTORICO_STOCK_LECTURAS,juegsh1183,1,4,4,2025-09-24 08:56:26,2025-09-24 08:56:26,Gerardo Mercier:1,
,CONFIRMAR_USO_HISTORICO_STOCK_LECTURAS,juegsh1184,1,1,1,2025-09-24 08:56:26,2025-09-24 08:56:26,Gerardo Mercier:1,
,CONFIRMAR_USO_HISTORICO_STOCK_LECTURAS,juegsh1238,1,4,4,2025-09-24 08:56:26,2025-09-24 08:56:26,Gerardo Mercier:1,
,CONFIRMAR_USO_HISTORICO_STOCK_LECTURAS,juegsh1311,1,1,1,2025-09-24 08:56:26,2025-09-24 08:56:26,Gerardo Mercier:1,
,CONFIRMAR_USO_HISTORICO_STOCK_LECTURAS,juegsh1337,1,3,3,2025-09-24 08:56:26,2025-09-24 08:56:26,Gerardo Mercier:1,
,CONFIRMAR_USO_HISTORICO_STOCK_LECTURAS,juegsh1383,1,2,2,2025-09-24 08:56:26,2025-09-24 08:56:26,Gerardo Mercier:1,
,CONFIRMAR_USO_HISTORICO_STOCK_LECTURAS,juegsh1419,1,1,1,2025-09-24 08:56:26,2025-09-24 08:56:26,Gerardo Mercier:1,
,CONFIRMAR_USO_HISTORICO_STOCK_LECTURAS,juegsh1712,1,1,1,2025-09-24 08:56:26,2025-09-24 08:56:26,Gerardo Mercier:1,
,CONFIRMAR_USO_HISTORICO_STOCK_LECTURAS,juegsh1799,1,2,2,2025-09-24 08:56:26,2025-09-24 08:56:26,Gerardo Mercier:1,
,CONFIRMAR_USO_HISTORICO_STOCK_LECTURAS,juegsh1811,1,2,2,2025-09-24 08:56:26,2025-09-24 08:56:26,Gerardo Mercier:1,
,CONFIRMAR_USO_HISTORICO_STOCK_LECTURAS,juegsh188,1,1,1,2025-09-24 08:56:26,2025-09-24 08:56:26,Gerardo Mercier:1,
,CONFIRMAR_USO_HISTORICO_STOCK_LECTURAS,juegsh191,1,2,2,2025-09-24 08:56:26,2025-09-24 08:56:26,Gerardo Mercier:1,
,CONFIRMAR_USO_HISTORICO_STOCK_LECTURAS,juegsh359,1,5,5,2025-09-24 08:56:26,2025-09-24 08:56:26,Gerardo Mercier:1,
,CONFIRMAR_USO_HISTORICO_STOCK_LECTURAS,juegsh380,1,2,2,2025-09-24 08:56:26,2025-09-24 08:56:26,Gerardo Mercier:1,
,CONFIRMAR_USO_HISTORICO_STOCK_LECTURAS,juegsh445,1,2,2,2025-09-24 08:56:26,2025-09-24 08:56:26,Gerardo Mercier:1,
,CONFIRMAR_USO_HISTORICO_STOCK_LECTURAS,juegsh704,1,1,1,2025-09-24 08:56:26,2025-09-24 08:56:26,Gerardo Mercier:1,
,CONFIRMAR_USO_HISTORICO_STOCK_LECTURAS,juegsh779,1,2,2,2025-09-24 08:56:26,2025-09-24 08:56:26,Gerardo Mercier:1,
,CONFIRMAR_USO_HISTORICO_STOCK_LECTURAS,juegsh804,1,4,4,2025-09-24 08:56:26,2025-09-24 08:56:26,Gerardo Mercier:1,
,CONFIRMAR_USO_HISTORICO_STOCK_LECTURAS,juegsh846,1,3,3,2025-09-24 08:56:26,2025-09-24 08:56:26,Gerardo Mercier:1,
,CONFIRMAR_USO_HISTORICO_STOCK_LECTURAS,juegsh864,1,3,3,2025-09-24 08:56:26,2025-09-24 08:56:26,Gerardo Mercier:1,
,CONFIRMAR_USO_HISTORICO_STOCK_LECTURAS,juegsh942,1,1,1,2025-09-24 08:56:27,2025-09-24 08:56:27,Gerardo Mercier:1,
,CONFIRMAR_USO_HISTORICO_STOCK_LECTURAS,juegsh960,1,1,1,2025-09-24 08:56:27,2025-09-24 08:56:27,Gerardo Mercier:1,
,CONFIRMAR_USO_HISTORICO_STOCK_LECTURAS,juegsh970,1,5,5,2025-09-24 08:56:27,2025-09-24 08:56:27,Gerardo Mercier:1,
,CONFIRMAR_USO_HISTORICO_STOCK_LECTURAS,juegson183,1,1,1,2025-09-24 08:56:27,2025-09-24 08:56:27,Gerardo Mercier:1,
,CONFIRMAR_USO_HISTORICO_STOCK_LECTURAS,juegson203,1,2,2,2025-09-24 08:56:27,2025-09-24 08:56:27,Gerardo Mercier:1,
,CONFIRMAR_USO_HISTORICO_STOCK_LECTURAS,juegtim005,1,3,3,2025-09-24 08:56:27,2025-09-24 08:56:27,Gerardo Mercier:1,
,CONFIRMAR_USO_HISTORICO_STOCK_LECTURAS,juegyin043,1,1,1,2025-09-24 08:56:27,2025-09-24 08:56:27,Gerardo Mercier:1,
,CONFIRMAR_USO_HISTORICO_STOCK_LECTURAS,juegzhe038,1,1,1,2025-09-24 08:56:27,2025-09-24 08:56:27,Gerardo Mercier:1,
,CONFIRMAR_USO_HISTORICO_STOCK_LECTURAS,juegzhe042,1,1,1,2025-09-24 08:56:27,2025-09-24 08:56:27,Gerardo Mercier:1,
,CONFIRMAR_USO_HISTORICO_STOCK_LECTURAS,juegzhe096,1,1,1,2025-09-24 08:56:27,2025-09-24 08:56:27,Gerardo Mercier:1,
,CONFIRMAR_USO_HISTORICO_STOCK_LECTURAS,juegzhe208,1,2,2,2025-09-24 08:56:27,2025-09-24 08:56:27,Gerardo Mercier:1,
,CONFIRMAR_USO_HISTORICO_STOCK_LECTURAS,juemes035,1,1,1,2025-09-24 08:56:27,2025-09-24 08:56:27,Gerardo Mercier:1,
,CONFIRMAR_USO_HISTORICO_STOCK_LECTURAS,lapihol003,1,1,1,2025-09-24 08:56:27,2025-09-24 08:56:27,Gerardo Mercier:1,
,CONFIRMAR_USO_HISTORICO_STOCK_LECTURAS,lk27006012,1,1,1,2025-09-24 08:56:27,2025-09-24 08:56:27,Gerardo Mercier:1,
,CONFIRMAR_USO_HISTORICO_STOCK_LECTURAS,ltsalda522,1,2,2,2025-09-24 08:56:27,2025-09-24 08:56:27,Gerardo Mercier:1,
,CONFIRMAR_USO_HISTORICO_STOCK_LECTURAS,mifamilia,1,0,0,2025-08-21 12:57:49,2025-08-21 12:57:49,Gerardo Mercier:1,
,CONFIRMAR_USO_HISTORICO_STOCK_LECTURAS,mk5n4jnhor,1,1,1,2025-09-24 08:56:27,2025-09-24 08:56:27,Gerardo Mercier:1,
,CONFIRMAR_USO_HISTORICO_STOCK_LECTURAS,mlrub36,1,5,5,2025-09-24 08:56:27,2025-09-24 08:56:27,Gerardo Mercier:1,
,CONFIRMAR_USO_HISTORICO_STOCK_LECTURAS,msn20010,1,1,1,2025-09-24 08:56:27,2025-09-24 08:56:27,Gerardo Mercier:1,
,CONFIRMAR_USO_HISTORICO_STOCK_LECTURAS,msn20020,1,2,2,2025-09-24 08:56:27,2025-09-24 08:56:27,Gerardo Mercier:1,
,CONFIRMAR_USO_HISTORICO_STOCK_LECTURAS,naipsan001,1,4,4,2025-09-24 08:56:27,2025-09-24 08:56:27,Gerardo Mercier:1,
,CONFIRMAR_USO_HISTORICO_STOCK_LECTURAS,parejassexuales,1,0,0,2025-08-21 12:57:49,2025-08-21 12:57:49,Gerardo Mercier:1,
,CONFIRMAR_USO_HISTORICO_STOCK_LECTURAS,pelobru010,1,1,1,2025-09-24 08:56:27,2025-09-24 08:56:27,Gerardo Mercier:1,
,CONFIRMAR_USO_HISTORICO_STOCK_LECTURAS,perfjuf212,1,3,3,2025-09-24 08:56:27,2025-09-24 08:56:27,Gerardo Mercier:1,
,CONFIRMAR_USO_HISTORICO_STOCK_LECTURAS,pizacub247,1,4,4,2026-03-23 14:21:44,2026-03-23 14:21:44,Gerardo Mercier:1,
,CONFIRMAR_USO_HISTORICO_STOCK_LECTURAS,pumad3074,1,1,1,2025-09-24 08:56:27,2025-09-24 08:56:27,Gerardo Mercier:1,
,CONFIRMAR_USO_HISTORICO_STOCK_LECTURAS,puzzle60,1,6,6,2025-09-24 08:56:27,2025-09-24 08:56:27,Gerardo Mercier:1,
,CONFIRMAR_USO_HISTORICO_STOCK_LECTURAS,t401057,1,1,1,2025-09-24 08:56:27,2025-09-24 08:56:27,Gerardo Mercier:1,
,CONFIRMAR_USO_HISTORICO_STOCK_LECTURAS,viptm24085-3,1,1,1,2025-09-24 08:56:27,2025-09-24 08:56:27,Gerardo Mercier:1,
,CONFIRMAR_USO_HISTORICO_STOCK_LECTURAS,w07c068,1,1,1,2025-09-24 08:56:27,2025-09-24 08:56:27,Gerardo Mercier:1,
,CONFIRMAR_USO_HISTORICO_STOCK_LECTURAS,ym1260,1,1,1,2025-09-24 08:56:27,2025-09-24 08:56:27,Gerardo Mercier:1,
,CONFIRMAR_USO_HISTORICO_STOCK_LECTURAS,yoymisrelaciones,1,0,0,2025-08-21 12:57:50,2025-08-21 12:57:50,Gerardo Mercier:1,
